label_id,label_name,precision,recall,f1_score,support
0,negatif,0.9782608695652174,0.9574468085106383,0.967741935483871,47
1,positif,0.9801980198019802,0.99,0.9850746268656716,100
macro,macro_avg,0.9792294446835987,0.9737234042553191,0.9764082811747713,147
overall,overall,0.9795918367346939,0.9795918367346939,0.9795918367346939,147
