label_id,label_name,precision,recall,f1_score,support
0,negatif,0.9777777777777777,0.9361702127659575,0.9565217391304348,47
1,positif,0.9705882352941176,0.99,0.9801980198019802,100
macro,macro_avg,0.9741830065359477,0.9630851063829787,0.9683598794662075,147
overall,overall,0.9727891156462585,0.9727891156462585,0.9727891156462585,147
