epoch,train_loss,train_acc,val_loss,val_acc,val_f1
1,0.27722845673307245,0.8739352640545145,0.03998743237762832,0.9863945578231292,0.9843617021276596
2,0.07035600503841558,0.979557069846678,0.08797165840194199,0.9727891156462585,0.9683598794662075
3,0.040094577500103215,0.9906303236797275,0.08633243511106223,0.9795918367346939,0.9766728378735785
4,0.032382164863743415,0.9914821124361158,0.14566627443375282,0.9659863945578231,0.960212201591512
5,0.027577772325426783,0.9931856899488927,0.15034831669682489,0.9795918367346939,0.9766728378735785
6,0.017462486151611396,0.995741056218058,0.1268578676370663,0.9795918367346939,0.9764082811747713
7,0.009426405316903343,0.9982964224872232,0.1571379033542756,0.9727891156462585,0.9683598794662075
8,0.00955157949843244,0.9974446337308348,0.18242652459791941,0.9727891156462585,0.9683598794662075
9,0.006982974496767642,0.9991482112436116,0.12007914161781597,0.9795918367346939,0.9764082811747713
