reviewId,content,at
7ba8fc59-74b6-4c4c-979a-04f627e9a2ad,Tolong ditambahkan fitur tarik tunai dan setor cashless seperti bni mobile,2024-07-05 08:14:09
66474ac9-d373-4f50-856e-422cd86f047b,Di tambah lagi fitur² nya...untuk bayar pendidikan belum bisa,2024-09-18 10:04:57
7a47486b-c1e4-4820-8d20-e53fac0885fe,"sangat mudah,dan lebih mudamenggunaan wonder pokoknya keren banget,semoga wonder BNI SUKSES",2025-03-18 09:59:12
5010b9c7-4f83-4c75-8b87-b24fcec5729b,sangat mantapppppp,2025-03-24 13:49:05
6b35a240-4d5e-47f7-97a6-c6c391672fba,bagus,2025-09-25 09:05:39
d86292af-9f35-4e92-9cf9-d8231cae1773,👍,2025-12-18 19:22:27
9140837f-2eb0-4f9e-b246-0a7bc0e91dc5,aplikasi nya lancar tidak ada kendala,2025-07-26 21:42:51
6b407b70-474e-488c-8a6e-d862fab8f3bb,bgus,2025-03-26 16:41:37
dedf1f98-787a-42fb-9917-2ac3ac1e9574,Masih gak nyangka bisa buka rekening bisa segampang dan semudah ini. Cuma pake hape dirumah gak pakai lama gak sampai 15 menit udah punya rekening BNI. Apalagi punya IKD jadi makin mudah.,2024-11-30 11:55:59
458b9744-f864-4380-b755-ad82db868ac5,sangat bagus wonder by bni,2025-08-07 12:15:54
9ef80be4-72a7-4539-bebb-ccabffb1bd71,Sangat Bagus,2025-05-09 11:15:05
9fb3ca89-dfda-4d7e-88bc-4dc1229f825d,Menu tarik tunai tanpa kartu kok tidak ada?,2024-10-15 14:00:46
181741da-42f5-416b-a6a4-384ddec0f9e3,"Saya sudah update , tapi mw buka wondr nya selalu ad kendala tim lagi perbaikan coba lagi. Beberapa hari lagi saya coba begitu terus,saya mau riset pin jg susah. Kenapa ya??",2025-02-22 09:10:53
3ad5f3f6-8e53-4b1f-9026-a7e37063ff5f,Keyeeen,2024-09-03 19:46:19
eb4cc928-428d-4114-b020-90725b883d10,Tidak bagus. Diminta verifikasi e mail tapi pesan di e mail tidak dikirim no verifikasinya,2024-10-26 14:24:38
730cda26-c31e-48d1-b8fc-3c2dfd947519,mantap mudah praktis,2025-10-24 16:42:30
98dd8d61-0798-4a1c-8bd8-ba6bee14293b,Keren,2024-07-03 17:17:19
1da9520a-2428-4a70-b2e6-1c10546aacc5,transaksi digital sangat membantu,2025-05-26 18:16:34
bdf7470d-9a19-4d0f-bb6c-8c03d18214f2,bagus,2025-10-12 19:46:15
1a632864-d439-4365-9acb-1e542e55f7f4,baik,2025-05-15 08:57:19
7a89018a-ba3a-4946-882f-d8125f2bcd72,sangat bagus,2025-11-30 12:43:32
c358a2c2-84f0-46ad-933b-aab30d221e89,good,2025-04-08 13:17:06
ef20ba5a-9b8f-450b-9888-54a542ce6a4b,terbaik,2025-12-01 08:37:34
f7a6edde-e4ea-438f-8dae-667e8ecf0d9d,"sudah 3 kali aplikasi tidak bisa dibuka, ujung2 nya minta ulang data foto KTP sama verifikasi wajah... padahal udah di buat dua kali sebelumnya, masih enak pake yang BNI Mobile nggak ribet... aplikasi 🤡",2025-10-06 08:16:44
736ffa5f-498f-4671-aa35-02f5eff71662,Kenapa kode verifikasi 6 digit tidak masuk masuk ke email saya?,2024-12-06 13:06:26
b45cd9a8-8ccd-4a61-a7e9-5045e9556067,"Verifikasi wajah permudah dong, susah amat, udah puluhan kali nyoba gagal terus",2024-10-19 10:33:12
4c660959-61ec-40b2-b1d5-c2c974b12e41,ok,2025-07-01 13:52:25
c08598e7-7c15-4f47-83f8-035685bed8dd,Susah verifikasi. Gagal mulu padahal koneksi sangat bagus,2025-01-21 19:04:08
966d6031-9bcf-4b4b-a4a0-9a6e322363f6,mantaaappp,2025-06-24 21:26:07
e28b352b-3092-4c0f-be09-26add56611f5,Aktivasinya mudah dan cepat,2024-09-02 16:26:17
a32bc2ad-9e9e-4c10-9bee-a6f8b2602454,"asem ni apk udh hampir 3 hari dibilang kena limit untuk verifikasi wajah jadinyabgak bisa login, padahal kalian sendiri yang bikin sistemnya tapi ngerepotin.",2025-10-08 06:05:35
6f34b0e0-a438-4663-a701-f59519d84a3a,Sangat membantu transaksi,2024-07-08 17:16:30
1fb9fde2-835b-4340-b87d-fc9d1bb47a58,aku kasih 4 bintang dulu,2025-09-19 19:25:46
76133276-2293-4d82-aa19-e5c2b8c83d8d,mudah dan ga ribet,2025-10-05 09:16:27
e0a367ff-eb2e-499a-a277-53d413f5aea5,"buka menu lama sekali,, kalau mau ubah tampilan jangn tangung tanggung,,,lebih baik tampilan yg bni lama",2025-07-07 03:19:44
96d4c294-6fee-48e4-8400-0a16d39b873f,sangat memuaskan aplikasinya,2025-04-11 11:43:29
deb636e3-3fb0-4fea-9b6a-fc1a29d53ec7,bgus simple,2025-02-27 11:18:24
51af7f41-e323-4edd-8380-11619b1b4ce5,Ok,2025-02-04 15:08:16
9dcfb2e5-a2d7-4175-a424-aaae9c476f39,bagus,2025-03-20 13:44:44
b9780170-2cb8-42ef-afbd-34a0551c366e,Cara daftarnya g ribet. Tampilan aplikasinya juga fresh. Memudahkan di era yg serba digital. Untuk qris.nya jga sudah ada. Banyak menu2 yang bermanfaat. Terakhir download bni mobile aga berat di hp ini tidak,2025-02-07 16:08:23
4dc61824-bb9b-4634-9a7c-3e8835cab73c,"aplikasi nya lemot bgt, padahal jaringan lancar",2025-11-22 12:15:01
e7f769c3-74cd-432f-b913-fc3685492f6a,sangat membantu..,2025-05-15 10:27:23
8295c282-1941-485c-b58a-b1d8cbd79f43,ok,2025-09-23 21:16:51
975e3b91-84cb-4983-929a-c93e9444c5b0,sekarang buka aplikasi lama bgt..lemot,2025-11-23 19:58:12
d6246f97-6937-4fef-8884-1f76fbf2f86c,Sangat membantu,2025-07-31 12:13:05
31cbc620-18cb-4155-869e-579ee6eb9e24,mantap pelayanan cepat,2025-12-06 21:20:01
727d26f2-380f-43f8-9894-6e655c6052a0,praktis dan nyaman,2025-11-08 10:12:12
ca5879f4-ab14-4404-a7d5-a67e99a957be,tdk jelas jaringan terganggu tross,2025-12-05 19:29:21
e560af70-746a-42b4-bab2-6d4ba0f61e8c,terimakasih wondr byr BNI mempermudah dalam transaksi apapun,2025-07-17 22:04:44
325edcba-220a-4fba-881e-16b907dc09ed,"sinyalnya di pandeglang lemah😭... Pernah bermasalah di atm, tapi respon dari bank sangat cepat, alhamdulillah. 👍",2025-02-22 20:42:26
110e6a5c-56f0-4810-94f6-c32e0b5c78d4,Berapa kali di coba cuma buat registrasi doang gak bisa.. aneh..,2024-08-01 09:55:58
35be99df-b987-40cc-a227-37c7dfd7c77b,agak ribet,2025-04-29 19:47:43
bedbfec1-5761-45a6-8474-75e2909310ea,bagus,2025-11-14 13:41:34
9abb3fc0-cdc3-499b-9a6a-d05984c5ff60,simpel,2025-02-26 11:22:26
da32b441-a4a0-4a9a-bbbd-d14010c9706b,kak mau tanya saya daftar harus buat kartu dulu kak baru bisa akses apk wondr by bni apakah begitu kak atau bagaimana kak,2025-11-12 19:26:01
a1fbc7d2-53db-44bd-b407-4474f41e96e5,salah ketik password harus verifikasi ulang.. SDH lengkap data suruh upgrade yg terbaru padahal SDH yg terbaru.. keamanan tingkat tinggi sampai yg punya akun asli nya tidak bisa buka..,2025-07-24 00:22:10
d5cd612e-84c7-4bcc-b890-7815db5f713f,🕺,2025-09-28 02:52:18
a787cbbf-1bcf-4764-8a43-3b9ab2c23a5e,"sudah sempurna, lebih sempurna lagi andai pengajuan kredit bisa di lakukan melalui aplikasi ini lebih memudahkan kami para nasabah yg kebetulan jauh dari kantor cabang dan uni BNI🙏🙏🙏",2025-11-24 23:08:23
283fe556-8672-4b10-9496-839de1624eab,wondr by BNI Top Markotop,2024-09-03 16:11:17
45194a54-a4cf-46ff-a1be-5695363b25a8,"aplikasi matamu ,verifikasi wajah gk ad yg bener be kali kali , sungguh nyesel aq",2025-07-04 08:31:21
8c7b0f9d-3990-4a24-aab7-1f32f68c9f60,Aplikasi sampah. Sering sekali error. Bikin terhambat tranksaksi. Kembali aja ke aplikasi BNI sbelumnya.,2024-12-12 12:07:44
068af305-1d3a-41a6-becb-a85bd7ffce98,ok,2025-05-10 07:24:05
176ff752-f68a-43d5-853b-94ed7902d6c2,bagus n cepat,2025-07-25 23:02:25
1facecaf-9cd5-4436-8e57-08a8a2e3706e,mudah dan cepat,2025-03-01 23:28:44
0e1fb5fd-f4ef-41b7-860f-21b4b9d3b198,mantap,2025-03-02 13:07:42
020b0ee8-c0fc-4493-b5a5-11ea665e9d81,"wonder by BNI sangat membatu, semoga tambah besar dan sukses",2025-03-02 09:13:13
f0eab537-76fc-470d-8cb3-4986c5a5ffad,tolor,2025-10-26 03:36:03
9e37fa20-6341-4d02-bb73-6929337e178c,Sangat bagus,2025-03-11 19:38:14
7b74a9bd-8ff3-4ee2-95b3-e9e053d6f5bc,Perbaikan sistem nya lama memakan hampir 1 hari padahal banyak transaksi yg harus di lakukan,2024-11-25 15:30:59
1d89565c-60b8-46e5-90cf-ba3041c82d7c,saya sebenarnya sangat suka dan nyaman transaksi menggunakan wondr namun kemaren Saya merasa ganjal dan aneh ketika pembayaran gagal namun saldo saya berkurang sejumlah yg harus di bayarkan sebelum nya Sudah mencoba menghibungi pihak bni dan wondr namun tidak ada balasan mohon di bantuu 🙏🏻🙏🏻,2025-05-12 18:53:34
0db8043c-5e14-4283-81c7-771a59700f9d,Bang kapan ini selesai perbaikannya 😵,2024-11-25 21:19:13
4a18b80b-c650-458a-a7b7-6860bbf4c7ed,memuaskan,2025-03-01 17:22:55
2e916ffc-58ee-4364-a11a-bfb3ade2549d,"Teman saya tf lewat bank lain ke wondr by BNI, masak uangnya gk tertera, padahal bukti tf nya berhasil. Dan cvv/cvc belum bisa dilihat terus, padahal udah coba berkali² smpai ganti pin wondy by BNI , tetap saja gk bisa!?",2024-10-10 20:16:29
be3f32d3-e073-41f2-966b-85359860c61b,ok,2025-02-21 12:43:13
2599a130-4c46-4e79-8560-a6280cab7b10,baik,2025-11-24 17:15:31
02a50a9c-6580-4dae-bc21-b911cce91087,bagus sekali sangat membantu,2025-04-19 16:36:39
4e111203-8ef8-4978-9f9b-905d0797dadd,sangat bagus,2025-09-06 10:28:39
b5e95f1a-a651-4cbf-be25-8be19059e2d6,aplikasi mudah dan nyaman di pakai,2025-09-24 19:49:20
17ae9953-ec0b-40b3-b79e-045f75a517b5,kenapa apk tidak bisa transaksi di atas jam 11,2025-12-15 00:28:01
7fa2a6b3-5180-495f-9364-b125849dcdd2,mantap,2025-11-07 08:11:23
4eb05aa1-c409-4e41-906f-336cea2e9593,Mau tanya kak klu batas transfer perhari wonder berapa ya soalnya kemarin mau transfer 13 juta gk bisa,2024-11-08 12:32:55
592650ca-18c0-45fa-95e9-500fb34c38a1,👍,2024-07-12 19:04:17
c9c0cd9c-cbd6-494d-9ba7-fbf29ffc8d2b,ok,2025-06-19 10:42:44
8aa28f68-225c-4b86-bcd8-faafea745a41,Bayar PLN cepat dan sangat mudah,2024-09-04 15:28:58
b3443122-ddfc-4f1e-95ca-712b1dbb314b,Memberikan kemudahan Dalam transaksi,2024-12-20 11:05:55
38e43b68-9df8-4d93-a662-85519c9efc7d,okh,2025-07-11 14:15:49
e003de2f-13dd-4207-b02f-cd9e019854ee,Ribetnya verifikasi pake KTP & SELFIE WAJAH Yang udah DOWNLOAD aplikasi wondr. Jangan dihapus! Soal nya susah untuk verifikasi selfie Wajah Verifikasi pake IKD GAGAL terus!!!🤦,2024-09-10 14:41:12
32a0fe7a-d370-4fc1-acca-0319c8ada8ec,performa mbangking wondr BNI bukan jadi lebih baik malah lebih buruk . buka mbangking lama bgt lemot banget . apalagi lagi kondisi urgent TDK membantu sama sekali. tolong utk lebih diperhatikan apk wondr BNI jgn sampe mengecewakan nasabah setia BNI.,2025-09-22 23:04:54
a961a738-ba93-48eb-a119-5fac80bf3678,topp,2025-02-26 20:17:11
01dc0683-8354-4aea-8ded-6eb98ab15897,mudah digunakan🤩,2025-11-25 16:43:12
e3ce3cd5-0b42-4692-856d-b19ecdbf91dd,mudah dan cepat okelah...............,2025-07-27 16:23:34
c85334c2-a832-4a49-a6da-e60a313ddebb,apakah sekarang ini wonder BNI lagi ada kendala ya kak,2025-05-03 14:36:15
2b8eef6a-da5b-4455-ad7f-1ad090bf6463,wonder asu asu asuuu,2025-09-18 22:54:29
99fe3a1b-6585-4116-a3ff-eb3f8839b0cb,oke lancar,2025-03-03 12:17:05
23d4a3f2-b2b4-4f92-be58-29ab57be41e3,Ga jelas..bikin wajah aja ampe ulang2 brp kali padahal jelas muka nya..ga niat,2024-08-27 15:41:25
9297701b-0c0f-433b-83e8-c951308cab56,baik,2025-06-11 12:12:37
9f612ec8-877a-464a-9697-05930558f91b,Wondr by BNI okey,2024-09-03 14:02:26
964df722-6951-4d3a-9e54-6d63cc74992c,"mantappp, makasiihh",2025-04-08 16:09:53
3a1dba74-3697-4dbe-8eca-4e5795cd6762,bagus sekali,2025-02-24 01:03:34
5bd8a2d6-6530-4e4f-a02e-43acd87cacfa,mudah dan simpel.,2025-07-18 19:40:08
92ede676-0779-4f54-8a7f-afcd863e3c74,cukup memuaskan,2025-09-03 16:04:35
8aff43b3-a661-41ca-82ec-de1856a1910d,Untuk buka aplikasi loadingnya lama banget dan akhirnya tidak jadi transaksi,2024-08-23 19:40:50
976dac97-eb0c-4b8b-b5d5-8c3bf796de3d,Sangat membatu,2024-12-11 23:32:30
520d744a-bd3b-467e-a203-77a102933d5b,baik,2025-03-04 13:58:54
f8fcd5d5-8f91-4b24-bd34-05b14c016056,"tlong di perbaiki lagi masalah mau login pakek biometrix/sidik jarinya min, sudh di atur biometrix nya kadang bisa kadang udah hilang sendiri biometrix nya harus pakek pasword lagi, itupun kalau mau hidupin biometrix nya hrus ngerestart bikin baru lagi, dan aneh nya lagi kalau tidak menghidupkan pakai pendeteksi wajah gak bisa biometrix nya.. tlong di perbaiki min. mkasih",2025-04-02 21:00:50
89f897c7-06a5-4031-8932-ec9522e63b65,Apa yg harus aku perbaiki.setiap buka aplikasi lama banget ldingya.,2024-12-18 21:47:38
a6d9074f-9cbc-46f2-b39b-0fa03bb112d7,Ok,2024-11-06 11:00:05
6dfe6192-791d-47cf-9ab8-bc5a8f1548a8,"kode otp kok lama betul lewat SMS, udah coba beberapa kali ngga masuk masuk.",2025-09-08 07:55:35
975abc95-16c2-44ad-bffc-a2d67cda40d0,Simpel dan mudah digunakan aplikasinya .. terima kasih wondr,2024-09-05 11:06:49
71aa41e5-85a0-4c8f-873c-da6cb484c425,"mudah mudahan ngirim notifikasi tidak menggunakan SMS lagi, Upgrade ke Whatsapp.",2025-05-18 17:10:22
f617dce7-c31c-435e-95db-7362dd49334d,good,2025-11-28 13:43:54
ce0fd632-9873-4c3a-b532-e03bb4c4b655,"Keren, bisa multi currency",2025-07-16 16:18:24
1b706394-a5f5-4856-903a-3fa16d4a31e6,baik,2025-03-18 08:39:27
034cd177-d372-408c-8862-8639878f1139,Harus terus terusan vertifikasi udah masang password ttp salah udah masang pin ttp salah aneh memang ini app,2024-10-31 02:50:59
39cea203-5cb7-45a7-b786-39bd23242c2f,mantap,2025-07-08 07:26:41
42f23beb-7dfa-4418-a308-0dfe853e5595,mudah digunakan dan fiturnya lebih lengkap,2024-09-03 13:47:06
be191d72-aea2-4d93-867f-d709771ad018,sering eror,2025-07-15 07:22:57
b0874fb4-acbe-40ba-9ab0-e47aadf44736,"trimakasih,dengan aplikasi ini sangat membantu dan memudahkan sy dlm melakukan kegiatan yg berkaitan dgn uang.setidaknya menghemat waktu dan tenaga... cuman kenapa tdk bisa kayak dl yg bisa kita lihat transaksi masuk dan keluarnya uang ya...yg ada cuman pengeluaran yg terkirim di email.sedangkan pemasukannya tidak ada.mohon dipertimbangkan kembali.trimakasih",2025-09-27 16:17:17
9a255751-8497-4f9d-9522-334d029f71d1,mantap,2025-11-09 17:48:13
23aa01e6-c67e-4865-b726-1a4c9c4a1c31,terbaik,2025-08-21 23:03:33
696c0244-4af7-45d4-90a6-47be18490e4b,puas sekali,2025-02-25 10:34:19
27343101-7874-44d0-8ba7-16bbbd147257,keren,2025-09-01 07:14:59
a061b239-0dfe-410c-ad01-661ea8318166,mudah dalam melakukan transaksi,2025-03-14 09:39:56
e54ff8e1-f057-4a62-a326-aecac0ebcc1f,"Ui pengalaman pengguna masih jelek, dan masih stabil pakai BNI mobile, mulai dari tatak letak qris, beberapa bagian lainnya, lalu ketika di geser cepat malah pindah ke laman lainnya, lalu kalau lihat riwayat transaksi gitu juga kalau di scrol cepat nggak sinkron dan juga malah hilang ketutup lagi. Intinya UI nya tingkatin lagi sesuai pengalaman pengguna pada umumnya",2025-10-31 21:00:44
f1fc201d-cc7d-40c8-88c3-378a9c5cd901,ok,2025-10-23 22:13:14
224b43fb-50fb-464e-a637-1480d29f1738,"Apllikasi wondr lebih lengkap fitur2 transaksi nya , Bikin transaksi saya lebih mudah 🙏",2024-09-03 18:14:59
a36187aa-fc1e-4c06-a833-f4ee03ccc6de,Aplikasi sering error,2025-10-18 07:01:14
813257bc-1fc3-4ce2-ab49-48935cc07aca,good,2025-07-27 19:06:12
51ebcda3-6e34-4f54-8d69-18986596de6e,Memudahkan,2024-11-19 14:15:38
0bf42840-79a6-4396-acdd-6b33b9d235e0,mempermudah👍,2025-07-30 17:23:36
84eea61a-5653-462e-8df4-6a0b2e0218d2,"sangat puas ,tingkat keamanan harus ketat",2025-09-17 10:31:46
404d1396-1846-4cce-ba86-eb940a1efbe8,mempermudah transaksi,2025-03-22 14:25:46
3555074c-6cb8-4a58-8461-5a5084a2ddd9,tidak menampilkan runcian per transaksi. beda sama mbanking BNI yg lama,2025-11-25 09:26:21
389db0ac-a391-4b13-be50-df237a05b421,praktis penggunaannya tapi harus awas,2024-12-25 13:11:06
294d932d-534c-4994-b398-4b28f476e65d,mantap,2025-12-20 08:58:17
d2298b33-b567-4706-b14d-70fe5377fa2b,"Bos kenapa apk wondrBNI saya ngga bisa verifikasi wajah,,mohon bantuannya bosku",2024-09-11 17:27:59
44bfc9a5-d442-4b17-b0b4-e3a17764954a,oke banget,2025-07-13 20:24:40
eb090d0e-a091-4496-96f0-f367dd9bd078,"Lebih bagus bni mobile yg lama, wonder ini ga ada tarik tunai tanpa atm juga vitur nya blm lengkap. Trs lagi kata sandi nya gede bangett dan angka memudahkan orang melihat sandi kita saat transaksi",2024-12-20 13:41:42
5434aa0a-ca4a-4402-a7c5-ba68881908fa,Sangat memudahkan bertransakasi,2024-09-27 19:42:47
21d9c181-d912-4600-957e-52fe258b9ede,good,2025-06-20 11:53:57
37181947-c6b2-4c1a-97ea-30157d052c00,bagus,2025-03-22 05:48:39
ae9a2649-eb67-4a17-b473-8f3682f99c1c,"Banyak PRnya aplikasi ini saya sudah pakai 6 bukan lebih, banyak pr apalagi untuk info masuk uang atau keluar coba dirinci seperti BNI mobile banking, ini harus di klik dulu baru terlihat, all lain masih banyak pr, coba pengembangannya saya mengadu kesiapa kami nasabah, mau ga mau suka ga suka ditelan, ada error ga mau, perbaiki, kapan. Saya nasabah lama 2003 sudah pakai BNI, kurang loyal saya, maaf tolong di perbaiki semua bug masalah dan lebih mendengarkan, kami kebutuhan nasabah, kami mohon",2025-02-01 07:58:37
19098ae0-9699-4646-90e9-41d075220797,tabungan yang ada langsung di tarik oleh pihak bank,2025-04-29 18:39:11
22f1a464-6937-4c5b-8eff-4ba3a9112e9a,sangat memuaskan 😊 terbaik aman dan amanah,2025-12-16 21:56:44
d471d89d-2ee4-4e43-b9d1-9e3ec72daf63,siap terimakasih atas informasinya,2024-11-08 11:39:10
be74e66b-73e5-4116-b5a3-b705d9e2114c,"Plikadi bagus, mudah digunakan",2024-08-15 11:34:01
1a4912ee-1d1f-4e77-8b25-b840a9280d0b,"good apk,, semua jd lebih mudah",2025-09-01 10:21:35
8f126b99-26ba-46aa-9ea6-99345ee17bb9,Bagooooos,2025-11-14 09:33:02
deee65b6-0500-4ee7-bbbf-2a067bd820de,baik sekali,2025-08-05 15:46:00
6135152e-851a-45d1-8c7a-015e23df9ed5,layanan sangat memuaskan,2025-09-11 10:32:09
34f87979-da37-49e3-8bdc-c9c1609d20f6,Sangat mantap dan terbantu,2024-07-05 22:42:54
e4dd4a33-6d5b-4305-855d-3675bed37ce9,mantap,2025-04-17 16:36:34
cbf87949-870c-4611-88e0-84e32fd81604,change dihapus malah jadi loading gak masuk2,2024-11-25 14:44:48
375feca6-234a-44ec-8f14-a87076b1ac52,sangat baik,2025-07-20 10:28:45
38a91ea0-b16a-4f4a-b940-276146b1a73d,sukses selalu,2025-09-19 14:54:08
f7a329e3-3839-436e-a65e-11878e3333d2,wondr mantap,2025-10-03 19:15:42
b5132407-3e8d-493b-9dba-da568ba4e1e9,"Sering eror,sampai sekarang ini pun masih error gk bs di buka🥲,jd susah kan saya mau buat blnja online dn untuk transaksi lain ya,tolong dong cpt di perbaiki lg",2024-11-25 19:37:36
7e23f679-209d-45d0-9836-2174d019136d,sangat membantu pekerja menjadi lebih gampang..,2025-02-21 19:20:27
2cf2de7b-48cb-48b8-a414-088dd672bd3e,terbaik,2025-06-05 11:18:33
b3d23457-c9d6-43fe-92fe-40f2ecad7d4d,baik dan mudah di jalani,2025-08-12 07:23:27
074856d8-597e-4a80-bff9-808071f6c330,mantap,2025-11-30 18:31:40
f6d18b6f-fa7a-401a-a465-999038d4bed0,sangat baik dan membantu,2025-07-19 15:08:30
63a97e0a-dcf1-4fb2-acdf-1890c6633a79,Susah login Padahal semua sudah benar,2024-08-24 12:37:36
40b0c9fe-a059-4af5-981b-13cfb5054404,sangat bagus untuk transaksi m baking,2025-03-12 09:57:04
5e84fff6-232e-440b-b71e-57ddd02bb571,very good,2025-12-03 07:41:14
f240fe0e-75bf-4e1c-90aa-03f0bfef41d4,"Maaf kak, saya punya kendala ketika setelah berhasil verifikasi wajah, mengapa tidak bisa masuk?",2024-11-15 09:20:13
cfb1742a-df9f-453e-a1ea-d2db942ccfb2,suka banget aplikasina cepat daftarnya mudah transaksinya,2025-03-06 16:42:33
3ee7385d-7334-4280-a2bf-576f6cb36d1b,ok,2025-06-02 12:45:40
7626b1c7-2400-4645-9c48-9ba5c14afaf5,"Apk nya sangat membantu, tampilan keren, menu nya ringkas, efisien dan ga ribet dipake semua kalangan",2024-09-03 17:54:27
54fdc29f-1c26-4a8b-a735-d10557308b16,Aplikasi yang sangat bagus.. Mantap,2024-07-18 12:59:25
cdc2ac52-d5a6-451f-b8f2-2706a5332493,semakin mudah dlm bertransaksi.,2025-07-26 16:46:52
7d534701-4982-46ec-8f74-f970a9d2d368,mantap pisan,2025-03-05 23:42:48
58045fff-6fd0-453d-bbab-3cb799514f62,Mudah dalam pengoperasiannya,2025-03-02 10:44:09
c9d7c197-b546-42b8-97d9-1b7a4d6f3fc8,bagus mantap lah,2025-05-06 19:31:19
74cb7333-a0e2-43e5-af05-637dec56601f,Baik,2024-10-22 17:37:20
2084e44b-267f-4cd8-9503-81d3abf84be7,Kenapa tidak bisa di buka di hp huwei,2025-07-06 23:17:08
116e7948-3670-499b-bd6a-c1f8af8cbfb2,mantap,2025-07-04 15:35:46
840424d9-4a5a-4069-892d-a9e8110eafa6,mantap,2025-07-10 10:38:21
fde61024-460c-4584-9c67-2eb9fe8fd054,manatap,2025-12-20 15:47:17
3f1c274e-0329-432b-aa6d-817bbdf07348,good,2025-05-15 14:06:11
96f17826-bc7f-475b-9815-83515a603a34,muantap,2025-07-15 17:59:33
9a44b3e3-2049-42bc-945f-ad6eef7593e1,mantap,2025-12-11 11:50:41
b72497dd-be07-466d-b024-5a4a0aec62ef,wondr by BNI keren,2024-09-03 22:12:40
072aff7b-ee93-40b1-bfee-84866a7c3416,Tampilannya cantik & simple Memudahkan saat transaksi Semoga kedepannya banyak hal baik yaa,2024-09-10 21:01:20
a54e2962-e46a-4296-9274-e88ae71f3682,simple,2025-07-17 17:11:34
bc1bf96b-475e-446d-958c-bd185ba76653,baik,2025-03-06 04:32:18
5d1f9832-fb6a-47f7-97ce-83e4787fb9fc,membantu bangeett....,2025-03-03 05:43:24
dd2219f4-cd9f-4621-84cb-f9c1dc0be5be,bagus,2025-06-08 17:42:08
a662707e-eb45-4b4d-bdbe-c271604227cd,ok simpel dan mntapp,2025-11-24 16:47:57
20d76992-4877-402c-bb9a-a6970b5dc44c,siiip..mantaab smoga makin jaya sejahtera,2025-06-05 11:29:21
854a6b0e-633e-4e59-8580-60f14c411cff,sejauh ini sangat memudahkan aktivitas sehari².. keren bni,2025-06-25 13:46:27
f41365ef-82c2-45d6-865b-7bf4cb5b1d27,mantap,2025-09-08 21:03:19
473e5689-9e7e-4044-a360-01b1aa0f29db,"BNI makin kesini makin kaga jelas, motongin saldo mulu kga jelas, biyaya buat apaahn nya, tidak di kasih tau, tau tau saldo berkurang, udah 11 tahun pakai BNI, asli kecewa saya, laporin ke pemerintah kali ya, biar kena sanksi.",2025-07-01 04:09:24
4a343307-03e0-4221-ae1d-99da2131b71a,"Aplikasinya keren 🔥🔥🔥 Mudah digunakan👍👍👍 Paling penting promonya banyak, Terimakasih Wondr by BNI🫰🫰🫰",2024-09-02 13:31:32
8e94b0ea-c8c0-4575-a270-08e4ca17fefe,sangat baik,2025-02-24 20:48:49
230ac64c-64e5-46b2-8acf-05d9dd41fde7,aplikasi sangat simple penggunaannya dan tidak lemot,2025-04-09 20:54:37
63017480-ae70-4636-bdcf-50153f2c1dab,Lebih mudah simple dan cepat,2024-09-05 15:09:51
6782ed44-6921-408a-b5cf-616e931fe885,"lancar jaya,banyak fitur",2025-05-30 00:44:05
06d372c0-5f48-4d21-8b1f-d437c6a7b3fd,ok,2025-03-01 22:47:17
5cf1f110-727b-4f3e-a171-030fe41f4d2f,ok,2025-10-22 10:05:54
204eff46-fbb8-4175-9d5d-34a89dec757c,Oke 👍,2025-06-20 08:52:58
c942b793-1ece-4365-9d6e-a115d8636673,wonder by BNI memang top bgt... memudahkan nasabah BNI dalam transaksi payment secara virtual..,2025-03-03 06:25:59
2e2cb5d1-94a6-4b8c-909a-ed770c72c103,lagi eror kah?,2025-12-01 15:42:03
835416a0-bd0b-4892-a2bd-45767c5b8e20,"sudah lebih baik kinerja nya, cuma pada portofolio belum muncul bancassurance, yg kata CS nya akan muncul.",2025-08-01 21:57:58
6126f7ef-cec5-424c-9e4b-94db07d3de1b,Mau Daftar saja susah pakai BGT Mentok pada waktu scan KTP selalu gangguan ada notif Tim Kami Akan segera memperbaiki terussssssssss,2025-01-02 22:30:34
fb29560b-26b7-459b-8a2d-dc16d13d52cf,"apk sangat memudahkan transaksi, fitur cepat dan sejauh ini tidak ada bug",2025-03-11 12:09:33
11708d42-5fd5-4d1a-b9ce-6077662369bd,"Aplikasi sering eror, gak mutu",2025-03-05 21:15:44
6f3220ae-00f3-4bd6-8efa-8f085107ad35,"sering nglag parah, kecewa pake wondr",2025-09-05 13:05:49
9bdaa647-9ae9-4907-94f7-c536d3ca3a59,sangat baik,2025-09-24 06:49:20
d4712f74-c7fd-4452-9a00-3d9b29a2c9cd,Kacau banget tak ada kemajuan.,2025-02-07 13:15:33
7733c1d2-d402-4fd0-8052-b547cf8ee3d2,aplikasi good,2025-02-28 14:45:02
dfeabd49-6a3b-44c5-8ad2-20bf08eac439,top tenan,2025-12-05 18:13:51
0fccbb3e-eb04-48b6-b461-be90dc795c3a,"mbanking saya tidak bisa di buka tiba2 sepertinya ada yang bobol, tolong solusinya",2025-11-25 22:36:21
b7eb49b1-26f2-45bd-9403-f353b9b6a414,Gabisa login malah di suruh Regis ulang,2024-11-30 17:02:26
5c2a72c6-bdaa-4201-b59f-14a6bdb40dba,Sangat membantu sekali,2025-05-28 08:05:30
a9bffd38-4143-4ccc-8ebf-f71b9bfb5b54,ok,2025-11-12 09:39:07
7f1e55a1-94c5-4e70-aef7-c81c67c0c724,sangat memuaskan,2025-03-19 20:42:34
22467399-fb74-4f32-bfea-5c1fe90aeb8a,👍👍,2025-10-06 13:50:00
01b0d4b9-eabe-4ad1-9cc2-48ebecb86f0d,baik,2025-03-08 14:58:43
683f3f1e-67ec-48e6-b808-4987aabe475b,"kemarin mlm q kirim ke wonder pake dana, di dana sudah ada notif kalau tf sudah terkirim, tp saya buka di wonder malah belum masuk, itu kenapa ya?.. mohon penjelasanya?..",2025-08-28 07:30:52
5aa39b37-8069-4080-b51a-86975ac72e29,Mantap,2025-08-05 21:00:41
f9afe407-a56d-406f-8e8d-07fd6ca6dc95,aplikasi broken macam apa ini bisa bisanya saldo saya mines. perasaan baru ada saldo mines padahal baru transaksi beberapa kali tolong dong segera di perhatikan. anehnya no antriannya percuma yang di panggil sesuai dengan kenalan,2025-05-26 08:33:27
daf44fa2-9be0-4090-bc39-0eee3d3f8431,love you pull BNI,2025-07-22 09:44:50
1d17c532-9606-49cd-b1ea-cb8c5ec42c2b,mantap,2025-03-02 14:37:43
c2426ea0-035e-4e9b-aee7-fc5c6fa84ca3,untuk ATM sekitaran area mijen kok sering bermasalah ya? entah mesinya atau sering kehabisan uang.,2025-05-13 06:52:32
7433189f-6a09-40d3-b381-caa38d156ec6,Byk promo dan mudah,2024-10-17 11:22:22
087fd85a-9378-46fe-aab5-bafb2b4e28d7,"Aplikasinya keren banget. Ini baru super apps namanya. Lebih dari sekedang m-banking, semakin lengkap menjadi aplikasi keuangan yg sangat membantu mengelola manajemen keuangan kita. Sukses selalu BNI, terus berinovasi 👍👍👍",2024-09-04 07:32:07
ddb8901c-456b-4e23-b568-de24ddc79825,transaksi melalui BNI sangat praktis dan memudahkan setiap nasabah♥️,2025-10-26 14:14:41
698e7904-e45a-4661-a445-f1f8ff67d0b7,aplikasi fast respon,2025-04-19 11:48:45
52f94ee0-a596-48e2-9994-3a84ea3b382e,Bagus sekali,2024-09-27 22:14:57
283f13ee-d9f0-4ef0-ab6d-2b62b7cbb5e0,oke,2025-09-10 13:48:16
d8cfbcbe-7146-4bf9-adf7-84c909c8079d,ok,2025-07-02 17:56:08
9f5a19e3-883f-43df-b15e-82db09724627,Fast and furious,2024-12-03 10:04:15
aa0b1491-1e41-412b-961a-f44ac26cec18,bagus,2025-10-23 12:34:41
588a3e40-ebe1-4f32-947e-47ad016e724b,Bagus,2025-02-21 08:45:04
a7759f5a-b764-4615-bec3-2ba19bad01ef,memper cepat transaksi,2025-07-06 22:17:48
0fc4f814-3dbd-4c15-88b5-c7f66d7865d1,adain lagi dong promo yg awal hehe,2024-09-03 15:42:42
4dee5b2f-9cc1-4bcb-85bc-3aeab35b6294,ok banget,2025-06-13 08:48:12
e711750e-ed5b-4dd1-8f77-5ca1950ad8ad,proses cepat secepat kilat.... suka sekali wonder bni,2025-10-22 14:39:53
d6a4873d-e799-4357-a116-e334777b9774,"Ratingnya sih 4.9, tapi begitu baca ulasannya, 95% isinya keluhan. Jangan2 yang ngasih bintang 5 itu robot? Dan keluhan yang sudah berbulan-bulan itu dibiarkan tidak ditangani, cuma ditanggapi saja, cuma dikomentari ""masukan berguna"", tapi nggak ada perbaikan. Dan beberapa fitur di m-banking BNI yang lama sudah mulai tidak dilayani nih, supaya nasabah pindah ke wondr, padahal aplikasi ini payah.",2025-03-26 15:22:37
e98ecc88-a68d-4ebd-85bd-67ff5ded324a,cepaaat,2025-07-04 18:28:10
c3347c86-60cf-469f-b3d2-3d9bd5ea8cb7,kok susah masuk ya,2025-12-01 17:05:45
3cf74201-5f0b-43d3-a362-169e74e695d7,mudah dan cepat transaksinya,2025-05-29 15:23:29
1f311e52-7957-4e51-a34f-c9d677843875,bagus,2025-10-25 13:49:24
8df50dcc-7d41-4b70-a583-01bc96e8c3fb,sempurna,2025-07-11 13:46:10
801cf44a-4c36-42af-8432-9bae0776b4b1,Saya sangat terbantu dengan ini.🥰,2025-04-07 09:35:15
44f62fe7-a73d-4b07-b675-1cdd5c734f4d,baik,2025-07-03 07:44:42
d8be7b86-8c32-4cc0-bcd5-7c51940d38ce,Memudahkan saya melakukan pergantian pun kartu ATM lewat aplikasi ini,2024-09-03 14:34:47
2d194f44-9d8f-41a0-9ec4-a5540344733b,"Jelekk, Aplikasinya tidak bisa digunakan dengan jaringan wifi.",2024-12-09 22:04:02
c5cc313a-a3a7-4081-afbd-bf257c651809,apl bagus dan sangat membantu trimakasih,2025-07-05 20:30:32
87922033-37cf-4498-a0c7-32e84d858efa,SANGAT BAIK,2025-06-22 10:12:40
7149ca30-c276-4a17-9147-b34a8ff599eb,tingkatkan kemudahan pengguna dan bonefit juga,2025-07-14 11:05:45
012a98d3-193c-4e1b-af6d-ec66937cd924,mudah dlm bertransaksi..,2025-10-06 08:36:34
a1fa68ad-bc28-4caf-aaa2-475b909a65c6,sudah oke.,2025-09-10 07:51:01
4e8bc0bf-db1a-45a3-be02-78e47f3ed840,Ap sih dikit2 fitur tidak tersedia. Aplikasi diperbarui bukanya tambah bagus malah kek gini. Ujung2 ny tetap ke atm,2024-11-25 22:22:54
febb83a9-3a42-4c17-9113-f8d1babd96d8,"KALAU PLIKASI WONDR BELUM SIAP JANGANLAH DI LOUNCING, MAINTENANCE TERUSSSS BIKIN APLIKASI YG SIMPLE MUDAH DI GUNAKAN LEBIH PRAKTIS BNI MOBILE (APK LAMA)",2025-12-01 15:22:16
c85a35f0-610d-4330-b67c-dbbd6da17554,lancar,2025-06-18 22:19:05
bf990ea0-53fc-4e30-8921-5967f02e829d,ada kendala saat buka aplikasi wonder by bni.....,2025-08-15 15:06:48
939d13d5-9ed2-479c-9395-fdc43f2248f2,Sangat membantu utk bertransaksi,2024-09-03 18:38:13
c6a4cac0-fde7-4ad8-883a-785e23af341c,sangat mudah transaksi,2025-11-23 17:10:43
f0ef09a7-c288-455f-9e28-397eec6d97b9,lebih mudah dan murah,2025-11-22 18:32:40
c184599c-a91c-44ab-b25f-51e2500c2077,"ga jelas ini apk wonder mau login ajh loading nya lama..susah masuk nya percuma update"" tapi sistem nya gini apk wonder hadeuh, mending apk yg laman aman lancar..",2025-12-01 15:35:29
9ffe7d78-498d-4036-84a7-7f7903440711,bagusss👍👍👍👍,2025-06-18 01:48:39
fd9f83a8-1fa4-4247-871c-06240ccc03f4,"Pelayanan penarikan uang tunai non kartu disayangkan tidak praktis dan mengecewakan. Perlu 2 kali input kode: kode transaksi dan OTP. Kode OTP sendiri akan memotong pulsa SMS pengguna. Selain itu, setelah pulsa terpotong, uang tidak keluar dari mesin ATM. Menyedihkan, sebagai pengguna yg hanya memiliki sisa uang tsb., saya perlu melapor CS secara mandiri via telfon dan menunggu laporan diproses beberapa hari.",2025-08-10 15:38:04
83359e4b-8d66-4187-8507-e1ade6255a01,PRAKTIS DAN MUDAH DIGUNAKAN,2024-09-04 21:18:05
38698da9-16b7-406a-a6cf-5cb91319339e,Aku menunggu fitur mobile tunai di aplikasi ini☺️,2024-12-02 13:04:06
9c1888ec-f6e6-4d38-97a6-7c63d14c97c5,"25 nov 2024 jam 10 pagi . Apk ga bisa dbuka, dimana gaji baru masuk, butuh tf sana sini . Payah . Sampe malam pula errornya. Uninstal deh makasih",2024-11-25 21:41:16
f1d5c279-3c3c-4e6f-97a1-1584dd43d05d,Wondr kekinian bgt dan cepat penggunaannya,2024-09-05 18:38:29
ce03e0ba-8efe-460d-983b-2aa0675082d7,"Biometrik nya ngga bisa, udah di coba aktivasi ulang tapi langsung keluar apk otomatis, di ulang2 juga sama, ada aja masalahnya ini aplikasi, kadang yg bermasalah aplikasinya malah di suruh ngecek jaringan kita lancar apa ngga, dikira kita ngga ada paketan kali",2025-08-29 00:21:20
23d06c36-5d73-4949-9666-be7cf833d2ba,Ga ada fitur mobile tunai,2024-11-04 07:21:16
d107b634-6d3a-4944-889d-261f81f20748,"Saya tiap hari menggunakan wondr, tapi ada kalanya sering sedang perbaikan . Ga tau entah hanya di aplikasi saya saja atau secara global. Saya sudah memastikan hp saya dalam keadaan prima. Jaringan internet tersedia baik itu jaringan seluler dan wifi. Saya mengapresiasi kehadiran wondr, namun dengan mobilitas saya yang cukup tinggi dalam penggunaan wondr, mohon perbaikan nya . Terima kasih",2025-07-27 20:12:23
1d41a7c2-6d67-488a-a4ca-343244fabbb6,sangat memuaskan,2025-08-30 09:16:53
15c81824-6ae0-400a-bfcd-97898ff89307,sangat2 membantu,2025-11-26 22:34:56
c1557add-41cd-497f-8173-769a3889436f,bagus,2025-02-22 21:39:53
ade6eef4-2a3d-490a-8388-4ec1d1f372f9,Bagus,2024-10-18 22:42:17
337b0f70-ce5c-4e4a-9c39-b8642cb31291,mantap aja,2025-03-03 07:12:30
58ed64d6-844c-43f9-b2fd-c5ac161ba378,sangat baik,2025-12-12 19:15:11
7ee192c0-253b-43ff-aa88-bda977cd12c4,sangat membantu,2025-06-26 10:21:00
1e2760ba-6b1b-41af-aa91-d368d890a88e,"apk rusak, mau verifikasi wajah aja di bikin sulit, mata udh di kedipin berkali2 ngga masuk2...",2025-10-15 22:46:29
a23b2ef4-0901-46bb-8be8-71a9207c0219,luar biasa wondr pokoknya sipp dahhh,2025-05-10 13:54:15
dc5b3228-060f-4122-bed4-34fb5b38cd61,Vermuk susah,2024-11-21 01:58:15
64b3e78d-539e-4125-a268-99432dd508f8,sangat membantu,2025-06-15 05:01:52
5cca3f7d-db86-489e-9b65-5e5c4153f7de,mantap,2025-03-03 10:07:39
f51761d4-db4e-4b2a-97a8-db72c249df30,sering banget loading,2025-12-01 15:54:15
f8bb2f25-c466-4633-861a-cbc926d9b63e,Keren,2025-06-04 16:32:04
2bd1d721-286d-41ee-ab4f-ce9d7cdfc193,love,2025-07-30 20:11:39
48fc9e94-2045-4b67-bd19-586a474f7380,saldo saya udah berkurang tapi d mutasi kok jawabanya gagal kak gimana ini uang ku bisa kembali gak,2025-08-18 16:28:14
835f2dae-a42b-415a-a719-74700e4a8988,Slalu bermasalah,2024-12-09 22:31:13
f30801a9-38ea-43f3-8640-2a47908d4def,sangat membantu,2025-09-22 20:18:32
b8081aa3-95ef-4a0c-bd04-9b21023c7f48,Mantap lebih simple,2024-09-05 13:07:18
e078f3f1-f454-42bb-b386-d04d337c8d81,aplikasi ini bagus dan memudahkan sekali. Proses pengiriman cepat,2025-11-22 07:39:34
effd165c-d260-4886-9d7f-c596612fa7c4,"Saya sudah punya rekening BNI, tapi nomor HP lama dan email sudah tidak aktif.. saya ingin rekening saya itu bisa dijalankan lewat aplikasi wondr, jadi bukan bikin rekening baru. Bisakah di aplikasi ini?",2024-08-03 09:58:36
ff34a7c3-e4b8-4397-896c-eaeee33298fb,memuaskan,2025-07-22 10:58:01
2086cd4c-d82f-401c-96ec-812adb48218e,mantap,2024-12-30 18:54:58
f22b4e60-7169-421f-90f4-7f03dd6e43ad,"Yang saya harapkan dari aplikasi wondr by BNI supaya dapat segera mengaktifkan sistem tarik tunai dan setor tunai mobile seperti di bank sebelah, dan semoga setiap transaksi apapun baik yang masuk dan keluar supaya ada menerima notifikasi yang lengkap dari aplikasi wondr by BNI seperti bank sebelah sudah bertahun tahun menggunakan fitur yang canggih🙏🙏",2025-02-20 21:33:57
41f2f6dd-f092-4ce2-ba51-d05e70e52f5a,keren no lag bug,2025-11-11 20:05:10
dd6601f4-49e3-4045-84b4-3e7c58efb9c3,"Bole g no rekening pribada aku msuk di wondr by BNI,ko g di minta no deby kita ni""",2024-12-12 07:45:32
5a580ee9-1ead-43fc-bce0-599321eb8269,nyusahinnnnn,2025-08-15 13:02:53
5680d478-0024-4402-ae77-41aa4deb637a,good aplikasi,2025-09-15 06:44:23
841b48a5-6a90-4a5b-a88f-87485ccb9105,"bayar QRIS di wondr cepet banget, cuma 3 step selesai",2024-09-04 08:37:38
098d3019-cf60-4995-9790-2c2a196b116f,mudah dan cepat,2025-12-05 22:47:58
1e231749-8a2c-4e82-b5a5-30b67fe80610,ini kenapa kol gak bisa masuk,2025-12-01 15:50:52
995a1d48-0f2b-4b5a-b7a4-285fb0dec5f5,baik,2025-11-14 21:12:02
d6119936-eb63-4bdc-baeb-579f43de94dd,"Mudah dan cepat, 👍",2025-08-26 12:13:24
b3cc6b18-b1c3-4c12-9d00-d47ef6ddac65,berharap bisa melihat saldo awal dan saldo akhir sesudah transaksi,2025-07-27 22:44:42
59c2a3f2-3035-4dd7-8c3b-55921da38d67,"Ok bangettttttttt, kekininaaa",2024-09-05 20:39:28
67ae4742-f81a-4fc0-b573-e25d5485c64a,puas memakai wonder,2025-04-25 14:47:33
29a15b00-792e-45d1-990b-0c504cbf4dc2,Good Aplication,2025-08-07 11:51:36
65f4fc20-1e3b-488e-8535-a019593f9a42,"kenapa dgn aplikasi nya ini , seharian di download nda bisa ,hanya muter2 saja,bikin kesel",2025-09-18 16:10:53
8572354d-aab5-4c1d-878c-b41450c3daf6,Susah bgt login,2025-01-20 18:00:44
036fb64d-2c39-4c05-9aa8-a9813fca9d2c,sangat mantap 👍👍👍,2025-06-20 16:22:19
83a3176d-bca5-4b3d-9375-0ad15b126637,Verif muka selalu gagal padahal udh ngikutin intruksi nya,2024-10-17 09:58:51
a694a6e6-58ff-4178-9af9-596e995c7819,aplikasi gw ga bisa di buka bangke,2025-10-25 16:06:08
1ebaf31c-7edc-47a5-b498-0c7157aa4c8e,ok,2025-07-05 20:24:33
eebb7a89-4d45-4633-b8be-117b4f63c354,"Sy semalam tdk bisa login wonder bni,ada perbaikan,tp sampe pagi ini masih blm bs login....gmn neh wonder bni",2024-11-14 09:30:33
04ef6560-0b23-4185-80bb-65d6da963115,okehhh mantab,2025-04-29 08:45:22
29d25929-d35f-417e-b863-a277a02b68a5,"setiap urgen mau dipakai pasti perbaikan atau eror,, kalo belum siap mending pakai apk yg lama,, lebih ringan dan tidak banyak galat,, coba dicek juga keluh kesah kolom komentar, jangan cuman bisa minta maaf dan tidak ada kemajuan.. !!",2025-12-19 21:25:36
b1d8f2ff-9d93-43ad-9203-43321f8fda44,sangat Baik,2025-10-05 17:53:58
82c45941-47cf-4685-94ef-f6e023205280,RIBET GAJELAS GUA TOP-UP AJA SERING BUGGGGGGGGG,2025-01-24 01:58:44
51928a37-452f-4801-b88f-25af9c53d06c,"BNI yang bener aja, masa pemeliharaan jam segini yang bener dong,,",2025-12-01 16:01:32
39b96699-401f-45c8-a5a6-4b79883d8d9b,👍🙏,2025-09-07 12:42:31
8c77726a-31eb-4f5b-9620-93155ad87101,mantap,2025-10-04 19:37:17
7e3d5ca4-a1cb-48ec-b325-7ba89305f01a,good,2025-02-27 22:16:46
8b74e525-4be4-4c84-a899-9262a8feb4d2,lebih cepat lebih mudah,2025-04-27 10:25:45
0ee944d8-d208-4249-8da9-d845103c131b,terimakasih,2025-11-14 19:06:59
8e9ff566-ab95-4f16-8096-48c37ecfc713,mantap,2025-03-14 19:10:57
a4a0abc1-4ba4-4320-91b6-b40dc520616f,bagus,2025-12-04 06:11:11
094b3ff2-cf83-432c-9bf9-e0bfbed0ddba,Mantap,2025-08-21 14:56:04
41631984-669b-4f7a-bcd6-ba7d02709205,semoga semakin bagus,2025-07-25 18:26:50
41d772f7-bdb3-4d98-802e-8b0953260650,"mantap, mempermudah transaksi",2025-05-24 23:37:59
91570d11-01db-4895-9c91-2d06b405a539,Knp gk bisa instal di tablet ?,2025-06-25 11:17:49
e231fcd3-bd61-428c-a3c1-28b0b395609f,"sekarang pake wondr by BNI lebih mudah, lebih praktis..",2025-02-25 07:58:08
5403248d-c634-4a4d-9f9a-9cc75df2a355,"parah koneksi lancar, aplikasi tidak dapat dibuka dengan alasan connection, padahal urgent bintang satu untuk BNI",2025-10-23 11:51:04
baff0d18-206f-4bc6-961f-9799196630b8,"aplikasi mudah digunakan, dan sangat berguna untuk saya",2024-12-03 13:21:32
dd22f7bb-3e30-445a-aba9-85b68fb7ae2f,mantap praktia,2025-10-24 13:59:14
c9e500d4-11c8-4e5d-a568-374bfaf25f5e,sangat membantu,2025-03-02 19:39:13
9ec3c471-d240-474e-801c-d7ce167a916a,buat apa sh sering2 update pembaruan.. toh apk nya jga lemot2 jga.. cuma nmbh ukuran doang.. lagi mau dipke malah suruh apdate dulu.. tolong perbaikanya.. jangan sering2 apdate pembaruan.. memory hp sya sudah penuhh,2025-11-08 13:48:44
6a79a404-9173-4261-9a9d-932973a31cfd,ok,2025-05-01 14:47:30
f6ad5f76-34f4-462d-afef-9de55cfa0c98,Aplikasi mudah d gunakan...oke banget,2024-07-12 10:55:26
855a1240-2b88-4cab-97ce-dedd49d1436b,"Udah jadi akunnya, tapi ngga bisa login, karena muncul syarat dan ketentuan terus, ketika udah di setujui semua, malah keluar sesi berakhir, gitu terus, ngga bisa2 loginnya",2025-01-26 07:23:48
4ceb4a5e-625a-4441-85dd-977935daa1ab,bagus,2025-09-13 20:06:35
1ecae17f-e68a-40d5-b1c8-3e4f6e24294c,"TELAT DALAM HAL PENCAIRAN BANTUAN KIPK KULIAH, BANYAK TAHAP YAMG TERLEWAT, SISTEM BOBROK",2025-09-30 17:06:29
dca23188-f4b9-46fe-9f97-ffa22a1d9690,Transaksi jadi lebih gampang Terimakasih BNI,2024-09-03 18:39:24
4e4c250c-dbdf-4541-b7d3-35358771e088,Sangat Bermanfaaat,2025-09-01 09:19:16
f36a1930-3bfd-404d-894e-c099857e4399,bagus,2025-10-10 17:45:07
edb12940-4fc7-4523-938b-e16c28a324c7,good,2025-03-07 07:54:24
6dfcebbf-86b9-4d78-b1af-c5879e196475,bagus,2025-08-15 21:25:27
578cc64d-b7bb-44d9-90d1-b9dfb4ee2136,suka banget,2025-03-02 12:25:16
484feb8d-3808-4d71-a06a-46cbcdb2fa87,Wondr by BNI mantap. Untuk transaksi lebih simpel dan mudah.,2024-07-11 19:56:58
a3bbed57-bd13-4ca2-a23f-49d40d207d54,"mudah mudahan makin bagus,good job,aku menyukai apk ini,karna mudah",2025-04-16 14:19:29
295b4fe1-eaf3-4287-a8c2-9d1259bcb06f,oke,2025-08-17 12:09:45
99299edf-3a17-4822-8b2c-3c7c6c46f79c,cb2 aja bnr bagus ato gak y.blm tau lg tp ku ksh bintang 5 dl aj,2025-01-24 13:54:06
698fdc9b-83db-4dba-867c-5f349bb5ea02,bagus,2025-10-06 11:45:26
77df915b-ec44-41e2-92cb-37e622cac2db,kalian suruh lanjutkan verifikasi wajah diikutin tetap ga bisa..memang betul2 ga jelas kalian..mending unistal aplikasi kaya gni,2025-10-09 16:10:56
f340baf3-f8fd-43e7-9248-18067f25d962,sangat bagus,2025-07-01 17:16:16
eda45549-cc00-427a-bb36-8edb9811dd26,Fast,2025-08-30 23:05:40
a041340f-c5e4-4c38-bac0-938c303a7e6b,tingkatkan lg,2025-06-12 20:25:44
6ac69cec-5029-42bf-b1ba-4940404fd613,keren jadi lebih mudah bertransaksi,2025-11-02 22:46:11
9349d52f-daa9-405d-bfea-38177268e4fa,"Semoga aplikasi ini bisa tarik & setoran tunai dengan otp langsung muncul diaplikasi seperti BCA, tidak menggunakan SMS.",2024-09-12 19:08:17
5a116d45-c209-445b-bfb0-a7d506ea74be,good,2025-03-02 04:52:06
4c471428-11b8-4b80-bfc0-2ec0cca81649,"ini gimana, pas dibuka muncul notif ""fitur lagi tidak tersedia terus"" tolong diperbaiki",2024-11-25 12:32:51
0d6139ce-5592-4ab1-bcd1-fa7d36a6ac2d,Slalu gagal login karena vertikasi wajah bahkan ke kantor cabang pun blum ada solusi...,2025-06-19 21:27:58
6ed270e0-7704-4982-8d73-9fc4854f53c1,sangat membantu bertransaksi,2025-07-04 20:11:41
4b067ea3-9d4b-473a-a129-a84b6a173b84,Aplikasi yg sangat mudah digunakan dan tampilannya tdk membosankan,2024-09-03 18:16:01
7728ba55-fd1b-4d21-90e5-78132ba4df58,mantapp,2025-11-08 22:22:32
d6cc7e8c-938b-4e7c-8260-defcdf8f520b,good,2025-11-28 18:39:00
87043922-621a-4f3d-bfe8-c601f6239d4c,"Pakai wondr cepet banget, benar-benar easy to use, keren banget bni☺",2024-09-03 18:10:13
82fedf54-94d4-45a7-a210-498901bd0f20,👍,2025-05-29 19:35:28
bd63b3da-e534-4fe1-bf3b-ebb5bbda0df8,sangat mudah dan friendly,2025-03-27 20:59:16
2a8a49b5-7688-45b9-a223-f51d87dac39b,aplikasi yg sgt membantu,2025-07-15 21:22:41
1454a75c-d4b1-4ce1-a169-77d4a6b7455e,praktis dan lengkap,2025-12-15 23:31:09
88977ef5-52fd-47ac-931e-9a77166b3549,terimakasih atas layanan,2025-08-03 19:32:00
332cf306-6e27-4c3f-8990-5e693adefa54,kebanyakan perbaikan jelek apk nya,2024-11-25 18:32:49
70eb1245-cfae-416e-ab60-b744416e8dd0,verifikasi sulit bukan main mending gk usah bikin aplikasi ini membuang waktu,2025-06-27 14:49:47
3f7ae63c-29aa-42b4-a355-c9a6db18cd84,Parah di suruh pake wonder pas udah pake bnyak eror nya parah apk asu males gua pake bank BNI ginih ribet kalu gak karna kerjaan ogah gua pake bank BNI anjik mending gua risend cuk,2024-11-25 21:35:14
5ea5b202-c69e-46b5-9fec-9fe06a23970b,"gue baru bikin pw udah gue catet, mau masukin pw salah Mulu. yang becus bikin apk",2025-11-01 01:17:05
2a040874-8b75-4dba-803b-0f88cad15dba,lebih keren pokok nya,2025-03-11 14:38:03
1bd8fc85-dbbe-49f2-8609-3b8bc5976206,Ok,2024-07-08 15:37:12
bb1170b0-d83f-4eb7-9610-8583db086445,privasi Wajay paling susah,2025-06-06 22:29:54
72cbadc0-0130-4f1b-8efc-bbab10396692,baik,2026-03-02 10:19:25
ff12bc3d-81b1-4e9f-8632-6a1256c93fe1,mantapp,2025-08-05 03:08:13
2c1a44be-2335-40a1-8994-a50a25408473,sangat mudah dan membantu,2025-11-10 22:15:19
5b4509e0-c0ec-4b75-ac1a-03d447c0adf0,Update malah gabisa masuk2 ga jelas lama2 nih aplikasi...mending BNI mobile yg lama,2024-11-25 18:54:38
829a776c-8cfc-45da-96c1-e15b9edad173,keren,2025-06-25 22:38:00
b1545c3d-560e-4573-91f3-294b32a3cb02,"Setiap akan login pasword dinyatakan salah. Jadinya setiap login ke aplikasi mesti ganti pasword. Sangat merepotkan karena verifikasi menggunakan ktp, sedangkan posisi tidak selalu membawa ktp..",2025-02-13 12:08:11
76b7544a-3aa3-454c-b8ce-d426f9e74dad,The best wonder BNI👍👍,2025-03-27 15:37:39
5d8918e9-1d29-4bdc-80f1-b04755ed7662,sanggat membantu,2025-10-16 18:42:43
66595fec-75e4-4b86-8cbb-800d27f6faa0,Mempermudah hidup Bagus mudah transaksi dengan Wndr by BNI,2024-11-30 11:03:10
ffa26dfb-f35b-464f-bdd2-60602e70ccda,seelring ga mau dibuka aplikasinya,2025-07-10 21:34:08
eeb11d03-c564-410b-8fcb-a0545517136a,mantul... mempermudah mempercepat.. dan kalau bisa saldo terakhir bisa dipakai 50 k.,2025-02-27 22:35:36
2ac4b102-53df-4d9d-a10d-7cc3d62a7cf7,"gapaham banget kenapa harus ada dua aplikasi berbeda. Mau tarik tunai tanpa kartu gabisa di wondr sedih bangett hrs punya aplikasi bni mobile lagi, daftar lagi :)",2024-11-27 19:47:45
7814c967-f913-48d7-b700-3ceb88afdb80,Kalo masih tahap pengembangan jangan sok untuk di launching ! Norak Tidak bisa Tarik Tunai Cardless seperti aplikasi BNI Mobile yang sebelumnya,2024-09-30 14:01:14
404169a4-1260-4daf-bf31-00583ac4a66e,mantapppp memperlancar segala urusan dimanapun brda bisa menggunakan nya,2025-09-05 10:18:23
ed648a74-5435-432a-9e89-ce17cfb7a1a8,sangat cepat dan hebat,2025-11-19 13:06:19
c9ded1e0-6885-4385-a7db-76ee1e462c60,sangat baik,2025-10-12 08:51:31
acf738ee-3854-404c-abb1-23e179963186,Good job,2024-07-01 11:50:59
9dadebac-1855-4511-9146-db81638dbea8,Sangat Baik,2025-11-01 12:53:22
4b9003e6-c556-40d1-ac76-2d916c25841d,"BNI makin mantap, keren, sukses pokonya 😊😊😊",2024-08-29 17:28:03
67991e4a-96fe-48b4-bbdd-a3893dff4a52,bagus,2025-06-19 14:51:39
29f64480-0d47-47fb-a9a0-dec74516a8ab,mantap,2025-08-08 10:09:29
1839d64b-1360-4fb3-a32a-15673856a3c7,okay,2025-07-25 23:28:39
556782b4-c936-4dee-b6bd-ce83c91ffb34,Keren,2024-11-18 14:33:51
06356540-eef3-49f6-bf9b-3e904a5fc42a,"Setelah memakai wondr masuk aplikasi saja susah, lebih enak yamgvlama bni mobile",2025-01-14 13:11:12
2f5d72ad-2329-476a-ba9b-b885c3b51461,ampun aplikasi jelek gangguan terus ada pemberitahuan cek jaringan kuota tidak cukup padahal kuota masih banyak .. aplikasi jeleeek,2025-12-01 17:19:23
c6e378b2-2935-408d-8a8e-364d58ea65e2,baik,2025-11-25 08:06:24
45fe88b7-58b6-41c8-a152-1809f8c52414,bgusss,2025-03-27 11:23:48
f1bd4409-a70a-419b-8afa-c4c6f0a8c37f,jos,2025-11-19 19:35:45
6c807e6c-8ab1-47f2-b37d-449fa08b381d,mantap 👍,2025-12-20 09:15:25
eb841209-1352-4b72-8685-c768afdce937,baggus,2025-12-21 15:14:38
0779618f-37b1-42cd-b4bd-bc36a08ef1d7,jos,2025-07-09 07:41:32
5fd5dde9-e684-4708-a326-ac5a2ab39eb3,baik,2025-11-15 18:01:58
513a746b-d4b9-4ff9-a5c0-cea0b555377a,Sangat mudah dan Sangat membantu,2025-05-02 18:04:37
29d540a2-d27f-4f88-a76c-b9522ced0c1c,"Selalu saja sistem dalam perbaikan , sangat mengecewakan ketika lagi urgent utk transaksi",2024-11-25 21:02:27
5bc8e247-499f-4fbd-8f70-b6165f833bc9,slow respon sekali jauh lebih bagus mobile bni,2025-07-17 09:29:35
5c61d109-1a95-47a0-8840-68311963f5b7,sangat membantu,2025-06-20 17:07:07
e6adac91-e42f-4866-87fc-a65c9a7ea543,cacattttt ... sering error g bisa transaksi ..,2025-05-12 09:36:16
e9009526-354e-4be4-922c-f5a8cf9f9de3,"Beneran cepet banget prosesnya barusan transaksi VA dan bayar tag listrik satset transaksi sukses...muantab puol ""wondr"".🫰",2024-09-03 20:06:57
a4c83c77-39fb-41dc-acc7-aa922381e965,bagus,2025-07-23 13:42:04
afab3f93-6671-4e7d-aca4-2c287a1908fc,saat terjadi kekeliruan pada saat verifikasi email waktu verifikasi ulang terlalu lama sehingga memperlambat waktu,2025-08-20 05:50:45
be3471b4-f21a-4c82-ae60-7da3a3094020,Bagus,2025-03-25 18:45:19
a6cf3cb7-fd5b-4e2e-af99-a119b37889c8,Smoga lbih baik dri sbelumnya,2024-12-12 11:21:16
b9dab324-c3fa-4f47-8898-9be7dfd5f563,sangat baik,2025-09-18 10:52:16
be86048a-a80c-40ec-88e9-fbbde1e55854,sangat membantu,2025-11-12 22:24:47
6300189b-0cc9-4447-b7d3-a95778235465,"beli pulsa saldo kepotong,pulsa sudah 2 hari tidak masuk,BNI penipuuu!!!!!!!",2025-04-23 19:00:39
5b16cfea-78c4-49b6-bedc-d338d034ebd1,lumayan bagus,2025-07-07 12:51:11
503ce471-7a54-43ae-8255-bb2a9f23a7b8,keren aplikasi wonder,2025-06-06 13:05:52
4f3f27ae-7d44-4be1-9c96-cb440789032b,sangat memuaskan pelanggan,2025-11-16 18:44:49
fa867c2a-d9d4-4133-8cb4-bf6861d1fef6,sangat membantu,2025-07-09 08:23:12
3919c55c-ad44-4126-88ad-89e3381b8120,Good,2025-01-17 23:32:42
9d738fbd-501d-4ca8-9dc3-a97b5922827e,Ok,2025-09-21 16:18:52
2958eeb2-038f-41c0-8010-467657679b06,sangat membantu,2025-03-27 10:08:35
1952fcab-98e9-46bc-a2a9-10d1634340e5,Aplikasi gajelas banget transaksi gagal tapi saldo tetap kepotong saya sangat di rugigan sekali aplikasi tolol,2025-01-21 09:06:46
70e648cd-0139-42b3-bd0c-dc34e12dca93,BNI KEREN & MANTAP..👍💯💪 BNI LUARBIASA & TERIMAKASIH..👍😇💪,2025-06-22 20:45:22
c49bc74b-2962-42af-a766-8b6682cfa7ae,siiip..,2025-03-03 22:13:06
86d7e6cb-33f0-4309-a27e-16202cb6f987,"sangat mudah dan cepat untuk di gunakan , ❤️",2025-08-28 14:49:35
070fafef-0b00-49ad-9eb7-49a4cf88bb23,gw kesel banget buka nih aplikasi lemot parah terus muncul notif aplikasi sedang dalam perbaikan woii kalo mau perbaikan apk kasih tau dulu prepare lah jangan senaknya gw di luar gak bawa uang cash mau bayar pake qris gak bisa bener² lu ya bikin orang emosi gimana sih gw perbaiki lah cara kerja kalian jangan kek gini,2025-12-01 14:54:20
e221096c-b2eb-4547-8603-52658abe28e2,"Kenapa ya verifikasi wajah tidak bisa"" Padahal sudah ikutin yang di layar",2024-09-16 19:38:48
bc8db64c-eb62-407e-b30c-3e4933824bf8,mantap,2025-06-24 23:27:09
c0b67944-9785-4a8e-8cf6-9e988c77c64b,wahh keren sangat cepat 😃,2025-07-24 04:51:08
a1feb2e5-e542-4dee-b451-d7547555b162,bagus cepat ngga ngleg ngeleg,2025-08-09 08:39:36
3d38855a-2462-416b-80ca-ebd94df28215,ok,2025-03-05 16:46:09
b7c6d2e1-a261-4289-b74e-309f6354d7b9,sangat puas,2025-10-01 13:25:40
fee33d8d-a8cc-46df-9dbc-a07c88979817,Aplikasi jelek... Selalu error.. Selalu minta verifikasi ulang no hp dan ektp..,2024-11-10 20:47:00
3ab4a79a-b1dc-4487-8697-7aeefe21ab7a,sangat membantu,2025-06-30 20:02:48
516da3aa-025c-4c69-b657-1c0fbc10e5af,selagi biaya admin masih murah aplikasi ini tetap masih di pakai,2025-10-22 13:58:08
fa03b45f-237b-4572-8d7e-5d8244320a97,baik sangat membantu,2025-09-30 10:18:42
4781a1ef-fe23-4071-804a-2798adbd5a5b,mantap,2024-07-06 13:10:14
4d8a5318-feef-42ce-a9f8-05090de4cbe9,baik,2025-06-06 17:55:03
68e7245b-5cd9-4aab-9c65-6c64ca1d9314,puas!!!,2025-10-21 14:32:55
1fddeee9-41f3-495c-a6ac-491bf3656e0a,bagus,2025-02-23 10:48:53
634ac7e2-51d6-4087-b0cd-e14b6b47a688,baik,2025-07-16 09:35:38
f9ee8e4b-9f82-454a-9909-071fcc99c33c,Bagus,2024-07-12 15:48:40
926d72dc-ed47-4603-9301-7fd91d7c9104,sudah daftar tdk bisa login,2024-11-27 10:58:47
d68daecf-8065-4b25-b662-b48f63dd7db1,nice,2025-07-16 21:52:23
d76f5a3e-306b-4606-ad88-476344c674e3,mantap..cepat dan aman,2025-02-27 11:44:23
2a7ffc1a-a307-46f2-b74a-672028625e34,mantap,2025-08-18 20:44:47
6236f37d-440c-43ac-b0d7-280528dee424,sangat bagus,2025-06-04 17:39:51
10b396c1-04a9-4b90-8270-cc7e80a7c3ff,ribettt,2025-05-15 19:35:25
65493612-67fa-47c7-9c7a-2f0f856ad1fb,"Maaf mau tanya kenapa,klu salah pencet PINnya harus buat akun baru LG ,jadi ribet.terus di bilang ferfikasi wajah sudah terlalu banyak...coba besok LG.jadi pusing saya tolong di bantu lah",2025-01-15 12:00:53
b1a46f8d-d47e-4e69-a836-5dee453d242c,udah bagus pakai M BANGKING lengkap tiba tiba diarahkan untuk install wonder bni tapi viturnya malah makin tidak lengkap yang lain upgrade menuju lebih baik lah ini BNI Mala menurun mbangking bisa tarik tunai non kartu ini Mala Ndak bisa,2025-03-15 11:08:54
dcf78c39-d4ac-4ce8-965e-d40295943f21,"makin ribet, verifikasi nggak jadi jadi padahal udah ngikut panduan. bikin apk nggak jelas, nggak kayak mbanking yang lain. kepaksa aja makek Lo, kalau nggak di paksa perusahaan mah mending yang lain ada lah daripada BNI kagak jelas ini",2025-12-19 01:32:08
f0eca419-1adb-43b6-85c6-9c3731014d29,cepat respon kalau pin terblokir,2025-03-17 14:27:20
10fb9e65-96aa-4f10-93d2-5a0d719ed858,"Aplikasi jelek sebentar sebentar perbaikan, kita lagi perlu mau tranfer gak bisa, sungguh mengecewakan.",2024-10-14 13:12:02
13a4d969-dc27-4c01-b95c-b1cf9a51b7b9,responsip,2025-10-11 19:06:11
c63e61b9-8032-4fb4-9aab-efc1839901b0,mantap,2024-10-31 09:24:43
9acda51d-8eca-4dfa-aec6-254361a88396,banyak variasi transaksi dan bisa dg mata uang yg beragam,2025-07-25 14:48:46
6c953f46-b79a-4165-972e-32c65027cbeb,transaksi listrik gagal tapi tetap kedebet saldonya,2025-02-28 22:55:08
e9317cfd-2a66-471b-9a2b-0f9add88bc25,mantap,2025-09-06 10:43:33
d962259e-5685-4764-8db4-fbaceb62ed1e,mantap,2025-11-01 05:24:16
e557e4b9-dd56-4a5e-bf0e-c72bc1e87322,sae. pisan,2025-04-06 17:18:09
b99d4f8f-ea9c-4598-83d5-417ec0230509,"Aplikasi jadi lebih bagus dan modern. Tetapi masih kurang dalam fitur. Seperti dark mode yang belum tersedia, tabungan digital untuk memanagemen keuangan, dan tidak terintegrasi dengan NFC untuk memudahkan pembayaran.",2024-07-06 11:19:31
eb264270-7cce-420e-8989-6b5aca3f427c,puas sekali,2025-10-29 07:27:32
6d5fbdba-4665-4ceb-926b-eaa64d42413e,kapan punya fitur setor dann tarik tunai di atm pakai aplikasi wndr..?,2025-03-01 08:26:58
157d3691-f65c-4b95-9ebd-6330ab38972f,biar bintang yg berbicara,2025-11-09 17:59:37
cf575e34-0873-4556-bfdb-50e8f423e28e,"weeyyy, kok pemeliharaan di jam jam siang. ini gua mau bayar makan malah stuck !!!!!",2025-10-23 12:35:18
d384591a-c76b-4fd0-9de4-21d475cd09af,Notifikasi transaksi telat,2024-09-27 10:54:19
058036fa-9653-4536-a3fa-39d9491c53bf,mantap,2025-03-21 20:05:23
a7b8fb19-a02c-4584-9c3a-2b1517bcaaa9,Ok,2025-03-17 16:20:08
957eed76-13b4-46bd-89d4-4e2d2b9eb7a2,mantap respon gercep..,2025-09-04 16:50:10
09bd9925-61a2-4e98-9251-8da59065c11f,"Misalnya kalau aplikasi nya hilang trus download lgi kenapa haruus daftar lgi, pdhal sudah ada akun sblumnyaa. Jadi bingung gimana cara nya kalau mau login lngsung",2025-03-08 11:12:17
4a2b5190-0d29-481e-bb8a-e8111a8a1035,Membantu,2025-01-12 14:07:28
89fa3228-baf2-481c-b535-217a6a0087d3,jos,2025-07-01 07:22:50
0c9ad1be-04e2-4aa1-b204-87baa715c7c9,"kenapa ya saya beberapa download sampai sekarang tidak bisa login,setiap klik masuk ke apk nya selalu kembali ke layar menu utama lagi. Di coba pakai tiga HP juga sama.",2025-10-17 12:23:38
9d02cd6d-6258-4174-a0f0-8783a5a53d35,Masih senang menggunakan mbanking ini,2025-09-04 18:47:45
d6632dac-8c02-4a22-991d-f2e1ec7371d9,Tampilan menjadi lebih bagus Kemudahan dalam penggunaan Kemudahan dlm segala transaksi keuangan kita Banyak promo menarik,2024-09-03 18:27:47
4247d52b-6cce-4f03-ad67-b9a080aed0a2,"seharusnya kalo orang udah banyak yg pakai ini apk harus jadi lebih baik, ko malah jadi rusak bgni ni apk, ini mau transaksi gimana kalo apk nya eror bgni, ayo lah segera perbaiki jgn nunggu di uninstal baru tau rasa deh kalian!! #BNI SANGAT MENGECEWAKAN!",2025-12-01 18:04:45
5e8d1f1d-556e-4838-b75b-38c7e5a9088b,mantap jer,2025-07-06 15:42:40
3560f140-a646-4d08-b2bb-bde8e4cba2d3,Daftar kakak 😭 foto tidak 😭😭 ya Bank BRI tidak 😭😭 apa aplikasi,2025-10-26 05:00:39
cecb2d84-f43c-4408-8d4d-7ce9ea7edc56,the best,2025-06-15 10:55:55
43cabb80-a186-490a-8367-69ec93ffe3ca,sangat baik,2025-02-25 21:23:11
35e19935-4a62-4a50-a41b-9d0ddf9b6674,trimakasih apk,2025-09-15 16:20:47
db131da7-bd6b-45e5-a94b-4f6f7a1f2503,Sdh 2 hri ini tdk bsa dpke... Mf smpe kpn ya prbaiknnya?,2024-12-20 12:32:38
a1bb106f-5fff-4bb4-8595-517d3b7633fe,terbaik,2025-03-08 22:14:42
2184cbb1-7842-4724-a5c8-e4b2824f072e,Ok,2024-07-05 09:32:25
c7e289a3-7cbb-4e29-8041-5b896cb16f00,wondr by BNI kereeeenn,2024-09-03 18:12:43
98440c37-daa3-4767-9108-167449b3048f,Bug terus kenapa yaa,2024-12-11 12:43:18
315e3bae-e025-4e9c-93e0-d985b7279db0,nasabah ini belum pernah dapat hadiah,2025-07-29 16:07:22
a96d12c2-d2b1-471a-ad06-7ead19a6353f,sangat baik,2025-07-18 17:36:21
96d4b48d-6d6d-4ae8-8b2e-3a9cbd983340,Tidak ada menu tarik tunai,2025-07-09 11:46:58
88de8b30-d5c2-4bde-92e4-f6287580b23d,Ok jos,2025-07-18 12:50:07
c0cd4736-5afe-4c31-8140-2da6ec5378de,transaksi gagal tapi saldo dipotong dan belum dikembalikan!,2025-11-02 21:01:06
930eb2b0-1f2b-40a3-8207-1c8d8af788b3,kenapa yaa ga bisa TF?,2025-05-26 12:48:29
b65f4292-3dbc-4a0f-bc61-de6246cdc74e,sering eror,2025-11-17 04:09:52
9be0a93a-daaa-4f16-9e4e-5690427532b2,puas,2025-12-06 18:01:00
96da4137-bd1e-46e7-b95e-1e84b2e7e34e,mantap,2025-04-27 21:42:16
b59b96e7-da21-4315-9c50-45c006d36191,"yang ngasih B5 pasti karyawannya, apk ga bisa dibuka 2 hari, sampah bgtt",2024-11-26 23:40:20
913fa5aa-f27f-4971-bb91-486b6ba8db38,mantap,2025-04-30 16:32:23
04a4c3e0-5d9d-4080-b1c0-2a15fa314725,sangat memuaskan,2025-08-15 17:11:44
b42b1c14-dcda-417c-acf3-506da2f2d2f4,bagus,2025-02-26 21:19:36
dfea2198-c25d-439c-9dc7-a1ac1d320930,"Sudah ke 2 kalinya dapat sms notifikasi gagal kirim kartu kredit, dari pengirimannya sperti tidak niat antar kartu kredit kerumah, mana sudah mncul kenak biaya tahunan, kartu aja belum diterima sudah dikenakan tagihan biaya tahunan",2024-10-15 19:29:21
091e8131-54d5-4ea3-b49b-6dff2e06f921,sangat membantu sekali,2025-02-27 20:38:51
caa0a7e5-533e-42cc-be03-8e59d0175f48,Apaan ini.. Aplikasinya error. Gaji masuk kesitu malah gkbisa d pakai,2024-11-25 12:58:38
56f2b4ab-9de8-4b24-8a5e-0fa15c63daff,"Makin ribet, lebih baik yg versi BNI mobile, versi wondr ini bagian riwayat transaksi kita tidak bisa lihat saldo yg sebelumnya berapa, pengurangan atau penambahan berapa.",2024-12-25 06:29:32
50b46392-660e-4fb3-89b0-275585c063d2,apk the best,2025-08-03 07:46:21
0a532536-e8bd-49f5-a3f1-4f7ccd97149a,"kenapa pas awal masuk gaada option masuk/registrasi sih, kenapa saya langsung di arahkan buka rekeningbaru, kan saya sudah punya",2025-11-07 17:54:51
6074f041-3e31-42cb-b6a0-e46d86293cd2,the best,2025-06-06 20:12:26
315bce2f-298b-4f85-9cbf-0830fcfc14fa,tolong pebaiki lagi,2025-12-01 18:04:21
11e2f939-31b8-4555-96ad-8833a72530f6,keren,2025-04-20 09:55:26
65c2687c-e50d-41bf-8b96-1e4127d3397a,memudahkan untuk bertran saksi dan melihat sisa pinjaman,2025-04-13 19:01:21
ab193c47-97b2-4c77-9ab5-e4da2768ade7,bagus membantu,2025-07-04 11:35:16
68581624-e371-4968-9b47-f6b7650ef942,minus selalu terjadi perbaikan tapi sering trobel dan eror,2025-09-06 20:01:30
3c44164c-3ab6-401f-9c73-f6ae2667bba8,memudahkan untuk melakukan transaksi via mobile,2025-06-27 06:57:48
cb5ad99d-2e8d-431e-ae86-c6dfc8e59a74,Cepat untuk transaksi joss,2025-03-08 10:22:37
c5bd5f99-cb4a-4b27-a6e5-97e5a8c4d9e0,mudah dan cepat,2025-08-08 14:29:31
8588afaf-6499-4a34-9a9c-1959e851a3bf,sangat baik,2025-11-25 06:53:06
becfdf03-5d5a-4fc7-aff4-1cee32244cb5,Mantap,2025-07-14 19:22:12
5e516fbe-3b9c-49ba-a8a5-f2579cfc97a2,mudh n cepat dlm bertransaksi,2025-04-06 14:33:49
ba994860-905c-43e0-9958-b9792115a067,Ok,2024-11-05 06:10:37
c43744f5-c85b-4475-a9cb-ca673c728760,"Tampilan yg colourful memanjakan mata, transaksi lebih mudah dan cepat, mantap pokoknya",2024-07-16 20:05:27
e0ddbe37-3982-400b-8dbe-59a29b4d08eb,Wondr keren👍👍,2024-07-31 21:57:59
92a54eaf-e888-4ee4-8e64-0af44930b630,bagus banget aplikasinya,2025-11-26 15:16:46
3f38d2b1-a710-4009-b266-7c4275cf9274,knp si ini..parah bngt susah di buka.. kendala trs... kacau,2025-08-29 01:37:37
0de5978c-6011-409c-b321-0c0cb457423f,"keren praktis tnp perlu ATM utk jelajah pembayaran,pembelian dsbnya makin maju sukses utk wondr",2024-09-05 15:04:34
cb4a3d87-3766-4f70-9073-1bf2bc38fc44,Bagus,2025-12-17 10:56:19
6154a6fd-563d-45bc-93d8-08098f174628,Gak jelas kali verifikasi wajah di apk Kelen. Udh 20 kali aku coba gak bisa².,2025-02-09 23:30:40
fea05f6a-a7b0-42fc-8835-80e378f3205b,Top banget aplikasinya . Simple banget di gunakannya . Cocok buat kita yang pengen sat set . Daftar nya juga mudah pula . Tampilan aplikasinya juga keren .. Recomended banget pokonya .,2024-12-03 02:42:05
915c8de1-f71c-41cf-9445-0b5067a59964,Mengapa APK nya tidak bisa di buka ya ..baru 2 hari daftr sekarang tidak bisa di buka dari tadi,2024-11-12 20:41:26
749be254-e20c-4a5b-a77b-29b218630ab3,lancar,2025-05-09 17:08:43
01cfb53c-efa9-4ee2-9335-18b7d79d3bea,Aplikasi terbaru dari BNI yang semakin oke dan semakin sempurna dengan versi sebelumnya. Semoga semakin memberikan kepuasan serta kenyamanan dalam bertransaksi bagi seluruh nasabah.,2024-07-07 21:05:04
19489ccf-1d3c-41a4-96a7-20f092380d2e,mantab pelayanan,2025-03-10 18:53:56
287cb38d-b9ec-4a65-88fd-76404772afba,mantap,2025-09-23 13:24:08
08831c72-e3d5-46a4-be18-c7cace708065,apk yang baik,2025-09-03 13:21:18
fed03323-f457-4564-82b7-bade72fa2a9a,"mau tanya min ,,, biaya admin rekening bulan lalu saya cuman 3rb dan sekarang 11rb ditambah ada biaya admin kartu 4rb maksutnya gimana ya?",2025-07-02 12:43:34
53fda5e9-e8b1-4901-864b-f510a50e6408,aplikasi ga bisa di buat buru buru.sering error ga jelas ga bisa di buka,2025-12-07 19:27:51
db92d4a9-290e-49e4-a8a7-4f7a74e80a90,"klo diluar jaringan wifii koneksi agak lambat, gk seperti mobile banking sebelumnya, klo bisa ditingkatkan lg masalah ini mungkin lebih joss lagi...",2025-06-28 10:52:32
bd097d03-ef1c-421d-bbb2-f167a2a495e7,aman dan terpercaya,2025-12-14 17:06:30
898ce662-6316-467a-bba2-3b95dcfe61f2,sangat mudah dan membantu,2025-05-12 11:46:43
88b477cc-4abc-41d5-b5e9-47e8e298a440,untuk login belum bisa sidik jari,2025-08-09 15:20:30
f39774f1-31a5-4925-ab10-fd66c51fe69d,Ok,2024-11-05 19:21:33
957523f0-ab22-4e48-8a51-e7a5b9cb3481,lancar jaya..,2025-08-21 07:39:15
16e0291a-a592-4645-9597-dd8d4a1f96f5,Aplikasi mudah digunakan dan lebih modern,2024-09-03 18:05:12
497eb50b-5482-403a-ae5c-b676f56b2983,"infonya ini pengganti aplikasi bni mobile banking ya.. mohon ditambah fitur tarik tunainya (cardless), detail mutasi tidak sedetail di aplikasi sebelumnya. biar ga kebanyakan aplikasi mbanking.. jika sudah diperbarui fitur tersebut sy mampir kesini untuk lima bintangnya..",2024-12-08 07:58:59
8a23493a-1070-4ff2-a8b4-24258b42c3c1,good,2025-07-03 13:08:40
d3ba702d-bf47-4c06-9a1d-8c210540ddad,"apoikasi apaan nih,,busanya kok katak di teler,transaksi hanya bisa siang hari, benahin entar t kasih bntang 5",2025-07-01 03:36:14
302d4105-ceab-49e7-89de-fb0b072334e4,bagus,2025-07-25 11:40:24
fdf8a46d-1ee9-44ef-88dd-e6dba3cb2c53,mau top up e-wallet aja susahnya minta ampun! padahal saldo endapnya lebih dari cukup!,2025-10-27 09:30:17
3e2a374f-a5b6-4b82-8b3c-a338e9046ee3,mantap,2025-11-09 13:20:46
b5f86469-5ca4-4648-b300-6bf1cc51f628,pingin limitnya tambah besar trafer minimal 100juta,2025-10-20 19:21:01
8a29d549-f02b-441a-aab8-040949e9ac25,Transfer ke mana saja mudah dan cepat,2024-09-03 18:58:22
109eddab-4211-4413-ada1-115561356f7d,baik,2025-08-12 20:26:21
a39045df-f927-4f5b-9ab4-a14742734706,BNI mobile semakin bagus👍,2025-04-06 10:27:14
7ec490e0-e4ea-4678-8036-50ffa58bdd08,aplikasi JELEK!,2025-12-05 20:46:45
34d7a7b2-09eb-4518-891f-0fc2a80e9275,mantap,2025-10-24 06:32:43
f5c8fc8d-39df-467d-a1ba-352a1d189923,sangatt baik,2025-07-15 18:45:29
1d0f86a0-23c3-406a-9991-3d054d61e0d6,"Wonder Susah loginnya, masih mending BNI mobile banking",2024-11-22 23:58:30
bf2d7f86-017d-40f5-b83b-df9afad3185a,nice..lbh simple,2025-08-07 12:41:22
8472c819-b1b7-4d0e-9502-07305bff3170,ok,2025-11-05 08:43:40
7c3e5214-a20d-49d4-9217-b053501659e3,sangat membantu,2025-07-07 12:14:17
6df41239-8529-40ef-92c4-cb8da9f39bd7,"aplikasinya bolak balik minta aktivasi ulang terus... nasabah jadi malas bertransaksi... belum sempurna ini aplikasinya...nasabah bolak balik komplain, kapok pke wondr.",2025-04-26 13:36:00
4c2b8510-b92e-4738-b9ab-91eb8fa5df4d,bagus 👍,2025-02-28 12:50:29
88cd1266-61d7-4ec0-8d80-1556a5840996,Tambahin fitur lihat cicilan kaya di bni mobile dulu dong,2025-01-30 22:02:59
51596898-efa6-476a-9c1b-8350cb6d0d15,"verifikasi wajah susah banget sampek capek tolong dong dibenahin jangan nyusahin, org mau gampang makanya pake wondr malah dibikin susah!!!",2024-10-08 21:24:56
ac1f792e-f081-49c6-b2fc-97359f3eaf93,kenapa GK bisa ke download 🙏🙏,2025-11-18 13:03:55
a40c0fe3-5230-46d4-b320-665ee9fba14d,"Gimana ini wondr by BNI kuota full, internet bagus tapi mau buka aplikasinya aja gak bisa, katanya internet tidak tersambung??? Yang benar aja, buka aplikasi medsos aja lancar tanpa hambatan. Tolong lah yaaa, perbaiki.Lagi urgent malah gak bisa digunakan",2025-12-01 17:30:45
339e95fb-6c98-435f-8716-af1a4d93e886,gangguan terus kalo tengah malam.. tiap hari gitu terus nggak ada permutakhiran sistem.,2025-11-02 01:15:01
5de13ed0-771e-423d-ab0c-693dc57e9584,Baik,2025-02-07 12:57:30
9d0466b9-c15d-4637-a5a4-725e36aec1af,ok,2025-11-27 17:02:49
dac13c9d-8be6-4925-a996-99413d101d4f,baik,2025-11-17 05:41:46
868f67d4-2fd6-44c8-bb67-fcd740a023ae,kok gbisa dibukaa,2024-11-25 22:59:13
1f5e0e77-d1ce-4b59-8987-3088f7b113eb,Mudah dan cepat,2025-04-20 09:52:33
b91abc58-dedf-4e5c-aedd-3e6d35895327,mudah digunakan,2025-11-30 09:35:06
d91d5989-0cd7-45ca-9f81-6671fe62720f,mudah cepat dan akurat,2024-07-08 18:15:46
abd12dc8-68ed-46f5-aac2-7a8c53699ee1,sangat memuaskan,2025-08-20 21:06:46
b58bf6a7-b402-4217-8cb6-878814011eb9,Bukti mutasi lama keluarnya,2024-11-09 14:23:25
2c7fc402-51be-4df2-b66d-bdaa86732d37,Gagal saat verifikasi,2025-01-10 15:26:14
3f1b3d2e-e97f-4ff1-bc32-b17c093c6285,ok,2025-05-14 10:28:25
a5c1ce10-8275-44b8-a7a8-54f4ec4de3c0,mau transaksi jadi gampang pokoknya 👍👍👍👍,2025-02-28 21:35:42
735f5c1a-6aba-43e8-b611-561f30268deb,ok pokoyh,2025-08-08 11:38:15
d2c9157f-e8c1-4189-8eb6-deb0bbbbe737,baik,2025-08-28 17:53:28
3a21642c-0f45-466c-bf99-e111dc6ba21c,keren wondr sangat membantu sekali,2025-03-14 13:21:01
dea88337-ac15-4314-b6e9-e74a3c2f414d,Tampilan keren. Mudah di gunakan Tapi sayang fiturnya kurang lengkap. Tidak selengkap BNI mobile,2024-07-26 10:20:32
a5643438-74cf-4925-91e7-0b2f5cdd876f,bagus,2025-08-22 16:25:43
eceaae1f-9a53-4e22-a002-a3d9adfce724,mantap,2025-07-26 18:10:31
41c335f2-9e50-4752-8209-ab8c8f03a30d,"napa tiap kali terima transferan lngsung di potong 35 ribu sihhh, biaya admin atau gimana, tpi keterlaluan bnyak bngt ngambil nya, gk bakal lagi gw tf ke rekening BNI, cukup pakai kartu kreditnya aja",2025-09-30 10:37:59
0366bb0b-6bd5-4acd-a4a4-5dd2b16104b7,sangat penting bagi aku,2025-08-20 23:03:40
37f13d00-d903-47fe-8019-e80479af9a0f,"malah ribet yg katanya super app malah repot dan ribet, mending histori saldo dibuat seperti BNI Mobile, ada sisa akhir saldo biar tau transaksi lengkapnya, dan tdk bisa bayar pertamina pangkalan gas yg katanya superapp tp malah isinya gk lengkap gini aj dipaksa bni mobil mau dimatiin",2025-09-06 07:22:42
2822398e-7848-441f-acb9-4dd512256ba4,Loading di awalnya lama bangettt. bahkan aku nunggu 5 menit an belum juga masuk,2025-01-08 22:01:43
e09ca5f6-b0ad-477d-82e7-06555405b3c1,"Update terus,baru dipake udh update, gak bisa di akses sama sekali",2024-12-12 16:23:04
9eb3dcd3-33a1-4225-b03c-51abe1fc168b,mudah dan cepat,2025-03-05 20:40:35
762bd8b9-18db-4b8c-8a5b-b1352b1cdba9,Bner bner aplikasi ini klo lagi di butuhin darurat mau transaksi bnyak kndala parahhhhhhhhhhhhhggggggg.perbaikiiiii trusssss smpe bikin emosiiiiii,2024-12-10 00:28:55
59626fc9-8115-4fed-9846-684d75f36049,ok,2025-10-03 11:03:48
63f76db2-232e-4a15-a679-84c2f5af4923,baik,2025-06-28 14:34:26
f765125c-ff72-4f73-b952-152678ae7b8b,Fitur aplikasi nya tidak lengkap. Aplikasi wondr belum ada fitur tarik tunai tanpa kartu (cardless).,2024-07-21 01:37:35
78cc44b3-306c-4249-9922-45ff65d9641c,"tingkat kan layanan, Jaga rahasia nasabah, BNI pasti yang terbaik",2025-11-18 19:36:31
9913b742-6428-4925-90a9-9f9960a53947,"Aplikasi nya bug terus setiap buka aplikasi diem di logo awal doang, harus berkali kali close apk baru bisa masuk, pas mau ada transaksi yg buru"" jadi terganggu, beda sama aplikasi sebelum nya simple dan ga ada gangguan sperti ini",2025-08-25 12:07:37
8e7d945c-f4db-4d30-a031-4ffb70c65b43,jos,2025-05-31 19:23:14
ccceac00-bd73-4b41-8666-2a64b88669f2,mempermudah,2025-02-28 09:41:29
40293192-df57-4289-9233-d9d1e1c58f66,aplikasi tolol ngapain ada denda segala aneh sekali aplikasi ini kagak ngerti,2025-08-04 23:11:17
97cac210-fb6b-412a-b45a-e2e15b1e26b7,sangat bagus,2025-08-08 21:11:31
9b761767-059a-4ee4-a57e-ced2c755a52f,"Saya sudah memiliki rekening BNI yg didaftarkan melalui BNI MOBILE BANKING, tetapi tidak bisa mendaftar Wondr by BNI",2024-08-07 12:37:05
27538478-5aa0-48a0-85a7-df77db8b4a6f,ok,2025-09-25 10:50:42
1b5b91a2-96cd-49bd-a972-3cdd29248186,"Kenapa versi 1.4.3 yg lama ga bisa dibuka yah, terakhir Oktober masih bisa akses ke menu Wondr by BNI nya. Di bawah nya tertulis harus update ke versi 1.4.4 terbaru tapi masih gagal dan ga berhasil, Bahakan sudah dicoba secara berkala. Mohon untuk evaluasi dan pelayanan nya kedepan agar nasabah dapat kembali menggunakan fitur dari aplikasi wondr by BNI ini untuk kelancaran transaksi.",2025-11-24 13:23:57
2afb986e-c3b3-40a4-8106-ebcb8fccb1e3,"Setelah install, mau transfer ke nomor rekening baru tidak bisa, padahal untuk bayar tiket pesawat. Adakah tips dan trik yg mungkin saya blm tau? Mohon segera diperbaiki mengingat transaksi keuangan sangat krusial, tantangan untuk developer aplikasi wondr.",2024-11-16 05:36:24
538ec356-6080-4784-875a-e973c9ab6463,mantap,2025-10-23 21:32:32
35a86b87-df2d-42f0-afa0-5ba5a35eff09,mantay,2025-03-10 23:25:21
edf021d7-02a8-4d2e-9ac5-80e862af5259,sya bnar' suka apk wonder cepat dan mudah buat digunakan. ☺️👍,2025-07-22 01:44:04
bf53933d-0fbd-4b42-b936-fe82eb54ee0d,aplikasi yg mudah d gunakan untuk pemula seperti saya,2025-02-28 22:17:21
fdf0695e-7a0a-4f53-95c6-b1779e4421e5,mantap,2025-10-01 09:57:55
831b70f5-a7d2-4136-a772-2bb30e9d5874,Launcing apkny lama dan error,2024-11-25 14:20:40
14475347-e240-408b-80c9-065b4b517b58,Sangat keren,2024-09-03 18:20:59
c9df0090-ba44-4858-a58b-05c2ef35023d,luar biasa,2025-07-22 20:46:03
3799caeb-0a27-4acc-8479-ec528d66c71b,Adakah fitur setor tarik tanpa kartu? Saya cari2 gak ketemu fiturnya.,2024-12-08 09:08:13
45b4ebb7-a7e7-47a8-ab54-d02207100ca4,kalau udah jam 00:00 knpa gak bisa transfer q ris. dan lain. .. kalau gini terusending caring bank lain. capek. setiap hari gini trus .,2025-03-21 01:18:06
3426f5db-d221-457f-9ab8-1cd280fb1445,BNI semoga jaya selalu👍👍,2025-07-07 10:52:42
9823b955-1ab3-43bd-8abb-cf60682aba4a,"Aplikasi terjelek yang pernah saya pakai, mau verifikasi kode otp aja ngga bisa2, sudah diulang terus nanti muncul di email terus dimasukkan ke otp, gagal terus dan berulang gitu aja terus sampe kiamat kurang 2hari",2024-10-01 17:56:13
278d7cf0-4f94-4c28-b418-c349c5cd63ec,Nice,2025-10-02 15:10:40
d18cc480-aee0-4971-a43e-759e4c8ff98e,ga apk nya ga pelayannya minus semua. pernah ngambil 20 katanya sekarang belum ada layananya nyoba ngambil 15 lupa bwa tbungan kata satpam gpp bisa. nunggu 2 jam nyatanya harus ada buku tbungan. hati hati aja org teraniaya miatazab,2025-12-22 16:46:28
b7521c8a-4e91-45cc-8cf1-7f0f6c1bcb57,bgs bisa membantu klu kita ingin trasfer/beli barang,2025-09-27 13:56:22
170ab7ab-e4f0-45c9-9e48-3a7011ad19df,masih laload pas login,2025-12-19 08:17:10
0aab93d0-517a-438c-bb85-adaea3b69171,cepat dan akurat,2025-10-16 07:06:01
9fc96e3f-1461-4946-892a-ee5b5e4efd2c,apikasi tak berguna,2025-11-29 01:39:59
4ead2176-5402-401f-9940-75d024abfb9f,bagus,2025-12-01 08:58:20
8f794d29-0bb1-4467-a344-539d7d7bac6e,sangat mudah dan nyaman saat bertransaksi,2025-07-25 15:48:03
9663a8dd-9443-4d98-af04-f3d0833425fd,Alhamdulillah sudah bisa masuk kode OTP nya..terima kasih BNI,2026-06-03 19:46:17
212d85e4-1228-4643-acd7-0c7f42689992,Jngn sering update lah memory tlp sdh penuh,2024-12-21 22:56:46
5c4b42e4-3e5f-4f02-9764-7ed4219780fc,sukses selalu,2025-10-01 11:43:08
1957059c-10ca-416e-bb9d-95c197f37b52,"Kurang menarik fiturny, seperti sayur ngk pake garem🤤",2024-09-30 20:11:10
ce193cbd-37e8-4d74-b86f-7abf50a19df2,mantap,2025-08-04 10:51:58
45434891-30e1-47ae-aa76-7e34ed850230,good,2025-11-12 14:12:10
c8752dd1-66f4-4fd9-8d17-bfc0f977f5d9,"Aplikasi bapuk, error mulu pas mau transaksi",2024-11-25 19:12:44
2c77b0c7-a2f2-4989-8963-1ac21e5d0f19,Ok,2024-07-07 12:24:49
583711c6-6bb1-4634-886d-acc093ee7a71,Ok,2024-10-02 15:03:20
0da96f95-8b90-485b-9eff-d8e67be74809,Good,2024-12-12 00:36:41
78006526-1362-4425-9ecc-51ef94a221f8,"Tampilanya menarik,transaksinya lebih gampang dan mudah dipahami... Mau bayar pakai QRIS, tagiha PLN, isi pulsa dll... Cepet banget.. Wondr by BNI mangkin the best",2024-08-01 18:45:17
3fd7b27d-4465-461f-b563-6aa5cb51ee75,susah banget makin susah login lemot gabisa transaksi parah poll makin kesini,2025-12-01 14:55:52
539f07ea-a99b-4230-857b-714e5482fca5,baik,2025-04-05 21:12:54
cd6ff2df-1ebd-46b2-8192-3aca6f6cf23b,mudah di gunakan. sangat membantu.,2025-03-28 23:46:35
56ee7fe2-a518-4663-84b3-593ea851483f,Sangat membantu,2024-08-09 15:18:07
66dece15-e1cd-4362-b8e4-5c5b66c27032,terima kasih.,2025-12-04 02:50:17
790572bd-705a-4406-b56f-1e2fabcf21b5,good,2025-04-17 00:49:03
5bc0ad60-e476-43d7-830e-351a9a358b5c,"sejak diganti wondr, transfer sesama bank Himbara saya sering trouble, akhirnya terpaksa trf ke apk uang digital lain. ini pun sangat mengganggu, karena trf ke apk uang digital apapun dibatasi nominalnya max 2 juta saja, hellowww??? bank anda sangat meremehkan kemampuan finansial orang indonesia?? gedean UMR jakarta lohh",2025-12-10 22:09:24
3a5e8f37-b5aa-4871-b72d-6ad931e54d22,sulit digunakan klo jaringan kurang,2026-07-03 08:57:19
8f4a6754-7a43-4947-b5c5-1f67273f9ef0,Efektif dan Efisien,2025-02-26 14:47:01
dfe57c31-3228-4def-a17c-d00dba34848f,sangat bagus,2025-03-08 12:21:02
ae2e60a4-b146-4275-88ea-0a5bacc6677b,mantap,2025-12-09 20:32:06
1687e0cc-ac72-4532-ac36-37d42238b6df,baguss,2025-08-23 16:44:46
a500e4c1-cc1b-47c1-adb5-96fca15b9f68,mantap,2025-02-28 13:57:32
75bf890c-8299-4433-8352-db6a08b2b4e2,"e wallet , shopee kok ngak ada skarang ya, padahal mau isi shopee jadi repot",2025-04-30 22:34:04
b14ee5d9-4783-4247-9664-add383ac080b,ok,2025-06-05 19:01:20
48284a93-3a54-44a9-ade0-3795dd25989b,wonder mempermudah transaksi dari bank BNI,2025-09-18 07:36:50
b25dba47-d29a-4084-99a9-795105b861c1,tranfer lebih muda,2025-06-01 07:15:05
083d9b1d-bb34-4ce4-9779-11d9a0f561e9,"banyak bug, kebanyakan masalah",2025-06-19 23:37:20
f4994d77-b626-4475-b561-a6412aaa76a5,sangat membantu,2025-11-05 22:53:00
c81de358-c803-448a-860d-dec78ffe0d41,"Aplikasi kont""l g usah dipake, error error trus. Alesan kami sedang perbaiki. G bisa dipke",2024-11-25 12:45:48
9c2a220d-ac6c-486a-902f-35b3b5da582e,"Untuk pembayaran PLN ataupun Quiris nyalebih cepat Semoga bisa lebih komplit lagi menu nya dr yg sebelum nya, dan semoga kedepan nya bisa juga pembayaran PDAM juga di wonder",2024-09-03 19:56:04
a02a3b2f-d1ff-428b-bf0b-72e0a8f7bf8e,bagus,2025-09-09 09:12:29
35c59bf5-d67b-4d49-ab15-c011ced3627d,Aplikasi lengkap utk semua transaksi,2024-07-18 14:01:04
30b1207e-ae9a-4975-a794-4913d424ce69,Ini kenapa sih sering banget gangguan mending Bni yang lama,2024-11-25 19:00:01
69995a6c-cbc8-41a6-8749-a827eac4f7d8,"sering gangguan ngga jelas, sekarang terjadi lgi, katanx jaringan ngga ada , ini pake pake data mgga bisa2",2025-10-23 12:18:21
f96696e4-33ea-49ad-9e70-68fe6abe16bb,Wondr keren,2024-08-12 10:53:18
b2fd993e-791a-498d-b5d3-a23c8a9acda0,vermuk nya susah bnget hrus pake iPhone kaya nya biar jelas,2025-07-15 10:59:47
9e7c936d-2203-4430-9db5-f64c67a5f8de,bagus,2025-12-02 13:32:08
6c85c4b8-4ac9-471f-a00f-e47527f8c6d4,sangat membantu untuk kegiatan sehari hari,2025-03-18 03:23:55
29d08a14-10b4-43b6-ae72-ab76d55bd02a,Jujur aja lebih enak mbanking karena ketika lihat di riwayat debit dan kredit ada total tabungan kita disampingnya,2025-05-04 08:46:29
24d1b5e0-d206-4302-bb1a-24ae4cef7d7b,puas,2025-07-17 08:59:35
625b018a-d638-41d9-8e19-43821e841aed,Kode otp salah trussss.... Padahal isinya udah bener sesuai yg di email.... Capek ulang Trooooss,2024-09-24 11:48:57
31fb7837-d0fd-404b-b8bc-b53fd21d1f34,good mantap,2025-10-19 17:28:34
e60aac77-12ae-4233-a52c-cbb24315790d,"Saya baru beberapa hari menggunakan Wondr, setiap kali buka ada notifikasi tidak tersambung ke internet padahal sambungan internet normal shg beberapa kali tidak berhasil transaksi. Saya sangat sangat kecewa. Pengalaman ini jarang terjadi pada saat menggunakan mobile banking BNI sebelumnya.",2025-12-14 15:44:17
34b5bd03-5584-4f1c-9cd2-8bddcab850a4,"Kurang baik, kenapa saldo tabungan tidak bisa dipindahkan ke taplus muda dan tidak bisa dijadikan sumber dana utama",2024-12-25 00:31:46
54614592-28d8-4f8d-ab1b-c105cf617dca,"tampilan bagus, mudah pengaplikasiannya.....",2025-08-10 19:54:15
0a76a0ea-6f34-43d4-9f97-c2b69cab24f8,Susah banget verif wajahnya mana gampang baget gagal harus nunggu sehari lagi nih,2024-10-17 09:29:24
781b88f6-59d2-4873-ad90-189094889321,untuk verifikasi email sering gagal,2024-08-29 22:08:01
c54090e5-0dde-4b59-b94d-85157f4fd938,sering gangguan,2025-12-05 19:38:54
1b1e1baa-5f38-4192-84b3-7026339585f2,Keren,2024-07-18 21:28:31
d8ae6803-c428-4944-a333-900da1c4c20f,luar biasa,2025-09-02 09:50:06
fce948eb-e1bf-43d3-a03d-a3275cb94cd5,sangat bagus,2025-05-15 15:58:49
f4036469-0d91-4d17-8658-c1dc6f978c3a,untuk riwayat transaksi masih suka sama aplikasi yg lama,2025-06-21 11:39:23
0df24698-c67d-4185-be8e-9f2c1c69cb6c,Kox saya tidak bisa masuk ke dalam aplikasi Malah di suruh registrasi lagi ke bank,2025-03-07 09:34:43
fc7de99c-37bd-45b9-b904-5d96d39224cf,"TOLONG SUSAH BANGET VERIFIKASI, ITU AJA😭🙏",2025-10-08 10:04:32
ff32376f-c0c6-4a7f-ab05-ba625269ed30,"verifikasi wajah sangat susah, padahal sudah saya ikuti arahannya, kenapa harus dibikin susah, padahal kita mau masuk ke rekening kita sendiri, ke privasi kita sendiri, manusia memang sukanya membuat rumit hal hal yang sederhana",2025-06-03 07:17:11
317bd788-3a9a-4ff5-9ddc-f911c6a4d4b3,Aplikasi MBanking Terbaik...,2025-12-02 06:49:15
b49016fb-878f-4d61-925e-87047c05d9a0,"Mantap ,,,,,semua serba cepat dan praktis",2025-07-02 12:43:04
4190516e-bcd3-4f4b-bae7-e439bcca1cf9,"Bayar pake QRIS & E Wallet sepat sekali, tampilan sangat menarik.",2024-09-03 17:31:31
5eb8f159-4615-4367-af5b-e90f157bc502,"Sorry bintang 1,setelah update jadi lemot pol",2024-11-25 20:54:01
517e8ea9-6d04-4ebc-b125-d031b9890f1b,"Bayar QRIS di Wondr cepet banget, cuma 3 step selesai!",2024-09-05 13:03:52
d90aee5b-65ab-40c2-9d6e-1ff96783c23e,sangat bagus,2025-08-25 13:59:16
0f207e3e-f56d-4a59-9a3b-34870c4d9cf5,"Ngebug mulu, nggak bisa masuk aplikasinya",2024-12-14 17:38:54
d19f359a-2ad3-474d-a458-05f7a16d4681,sangar baik dalam layanannya,2025-09-04 22:21:48
96dd2d85-a915-4807-8e49-1f6d678d1e75,Sangat membantu aplikasi lebih lengkap,2024-07-05 10:59:47
b1a53454-e957-4d59-adfb-83764cf120aa,"Ini Kenapa Coba Apl Ya Udah Di Apdet Tetep Gak Bisa Di Buka Padal Lagi Ada Kebutuhan Mendadak Transaksi Apl Ya Gak Bisa , Kata Ya Sedang Perbaikannya, Malas Bangett, Apl Ya Tidak Membantu Malah Menambah Masalah. 😒",2024-11-25 15:42:43
06ae9a63-f001-4a9b-81ff-69565a82797e,aplikasi gajelas verifikasi wajah aja susah bet,2025-08-04 20:55:51
8e221e38-12f9-4a58-8042-6ff6644fc9a8,baik,2025-06-29 20:39:27
46cfc856-3f1d-4db6-97e9-be092f5aa2d0,"Tolong agar menjadi perhatian untuk segera diperbaiki lagi aplikasi ini. Sejak berubah menjadi Wondr sy rasakan semakin jelek saja. Disaat penting ingin transaksi seringkali aplikasi SUSAH DIBUKA. Dan walau sdh sy coba berbagai cara tetap TIDAK BISA DIBUKA. Tolong ya BNI, segera perbaiki. Terimakasih",2025-11-10 20:28:12
e1c81c39-33be-4f9d-9219-988fd883dd0d,"Sangat mengganggu, minta verifikasi wajah berkali² gak bisa². Panduan nya terlalu cepat. Sangat sangat mengganggu",2024-08-30 12:07:12
05180deb-d0f5-4da1-b7bb-ec9a5bc0d009,knpa mau login bacaan nya aplikasi telah terhenti ga bisa login jadinya😏,2025-07-08 12:25:15
31ab285a-46c1-4089-9bcf-f4ef8a57a57f,Masa saldo ada tapi gagal trs transaksi nya,2025-04-01 02:30:11
4b65e77b-ecc4-4bfc-a4d5-4dc5764cad74,good,2025-07-15 10:04:34
c8aad7e1-3519-4281-9823-921458d26540,Kerennn,2024-12-21 11:02:07
99711720-0986-40d2-9fb5-7123e56472c9,kalau ambil tarik tunai kode otp nya lama betul lewat waktu yg dtentukan entah dr providernya atau yg lain..,2025-04-28 08:11:43
61c0373a-6bac-48af-bcef-98945647db80,Aplikasi wondr sangat bagus mempermudahkan terandsaksi. sangat membantu,2025-11-07 20:12:50
7493afaa-8d92-4fa1-9aec-fa2a171b4493,ok,2025-12-04 19:38:55
f234ddb7-f91c-45a6-8875-42ca5fef7be5,sangat membantu terimakasih,2025-08-12 22:28:54
e02cf999-788c-4183-bbcc-2846eecd7cd1,mantul,2025-11-28 08:27:39
93057cda-e7b3-4465-8339-619d2e92a159,Baru apakai sdh di suruh update...,2024-12-12 06:28:02
b5c193f1-dd59-4ae9-81f7-4838cbac214f,Transaksi sering eror...dan gagal...,2025-01-21 20:41:45
f18461cc-8f23-49c2-89b0-c631b71f70ce,Tambahin fitur tarik tunai dong,2025-02-11 13:31:03
d29d1a5f-33f2-4859-975b-d8b85bb95926,bagus.membantu,2025-10-02 21:52:24
1ad3b609-5441-4f86-9d37-64220420565a,sangat membantu,2025-02-28 21:46:13
9ed215ed-4032-4c83-b9bf-0a12e29f1ed0,ok,2025-08-27 13:45:01
2fe8e709-8dcf-40f1-9b9a-a40e97e48e71,Mantap,2025-05-14 12:28:37
3be4811c-062f-425d-a9d2-e4507172482e,Semakin mempermudah dan membantu banget ini mah...,2024-09-03 22:48:09
3746e380-5d42-456b-b14e-5d04c5b94441,Mantaappp,2025-02-28 12:15:56
7833c5b7-e6f7-4164-89e8-c74640a90f46,Sak Jossseee.... Mohon perlu di lengkapi lagi fitur aplikasinya,2024-09-03 18:09:46
7aba08ba-d263-42f4-aaf2-504e896ab3c9,sangat membantu,2025-11-25 22:23:39
a78d4456-3077-474d-8cf7-48d79c9b4e4e,Ok,2025-02-12 17:43:52
70cc991b-7785-4e40-8300-98e13b286ad7,Jadiin Maumu!!! ✨💫,2025-01-15 21:32:29
74005ae9-3818-400b-a0ca-9c9bbaf4e85d,gercep,2025-03-15 13:04:33
7be06551-f677-4255-94ec-d11396e642f3,sngt bagus,2025-05-28 09:22:34
756acc5a-49fb-4a57-b77f-7ac640f941c8,topp,2025-12-09 11:15:54
96fe6d33-ee70-42ac-8bd5-f2927eb6028c,baagus,2025-03-01 12:48:23
cf04e618-c5d8-4b17-9091-bf7d7c7e551b,memudahkan bertransaksi,2025-07-14 13:22:26
e0354587-f011-4145-bea2-08c1fc989e42,ok,2024-09-25 14:25:26
9e597662-69d2-45d8-8efc-533a5ac236b3,mantap pokoknya mah,2025-08-28 22:58:39
487dca07-e039-42a4-85a0-e2448c9f4139,trims,2025-03-24 21:10:52
4b3b6776-6983-4e61-8b02-9f61fecac680,baik,2025-04-28 22:45:23
c5f174b9-137c-4505-bf27-67e613c58192,"sampe detik ini uang blm kunjung kembali.. transaksi qris gagal namun saldo berkurang!, buat laporan penanganannya lama&lambat, tolong dong diperbaiki, masak sekelas BNI kaya gini amat....",2025-11-05 09:23:25
18ae9515-20b0-4c46-ab6d-86dafd35ec74,bagus,2025-05-02 10:14:57
a8cf9a1f-de04-4e1d-b9c1-b4305a190109,Ok 5,2024-09-04 22:23:26
cdc3c0db-fd01-45c0-ba3f-a65fa44a9475,mudah dalam penggunaan,2025-04-13 21:34:31
bf5e83d0-bfc7-4a1a-b4b8-fc56d94863d1,"loading lama, kayak di jaman purba.",2025-10-23 12:14:48
ae1ab13d-597d-444d-94f0-14953006841d,"lama sekali untuk login, jaringan sdah full di bilang tidak ada internet",2025-12-01 18:07:31
581ceaf1-2b58-49e3-bc07-26ff2f6faf74,"Fitur masih sering bermasalah. berulang kali mau top up e-wallet Dana tapi selalu gak bisa dengan alasan sistem bermasalah. Menu transfer juga gak seperti BNI Mobile Banking yang dulu yang lebih mudah dan gak ribet. Di wondr mau transfer lama proses transaksinya, terkadang sering gagal. Paling malas saat ada keperluan di kantor pos dll yang perlu transfer, mempersulit. Menyesal sekali pakai Wondr, bagus aplikasi yg lama. Kalau sistem belum bagus, mending jangan terburu2 launching apk baru.",2024-10-11 11:57:51
b1ff68ab-34e8-4eac-9ae7-a7ceeded43e1,Kok beli pulsa Axis GK bisa ka,2024-07-08 00:34:58
4262cf63-c912-4dab-8472-76b9ae121009,Mudah transaksi,2024-11-10 08:24:32
509c20ba-5830-47b9-9f48-45c2eb132934,"Dengan aplikasi wondr, semua transaki lebih mudah dan lancar. Fitur-fitur banyak sehingga membantu aktivitas transaksi.",2024-09-04 11:20:38
77c65c2b-0c0e-454a-8990-1112830bd3dc,Wondr by bni ok,2024-11-25 15:04:59
79a6351b-0ad1-4fcb-b142-c55c8fafcfb0,mantap.,2025-11-23 18:18:58
7fec234c-8715-46e4-a266-41f2aeafdeea,Sangat Membantu dalam usaha,2025-09-29 15:58:54
3da97ab2-230b-48f5-a794-f5ded8a18b62,sangat membantu bertransaksi,2025-04-11 23:55:05
8b83e2c3-3bb2-449c-b000-86fbe0d0286c,"gampang makenya, tapi blm ada qris terima TF",2025-08-06 21:23:35
8d8369b2-7c40-4ce6-8bfe-dfe2ee62959a,bagus,2025-08-02 19:46:04
35c723c2-d034-404f-bf8d-f6e1bb6302ca,Aplikasi nya lemot jelek gak jelas...aplikasi sampah lemotnya kebangetan yg modal donk klu bikin aplikasi..jgn Takut rugi,2024-09-19 16:25:29
8fd8a720-6a68-4290-ae86-f5c2d29d7283,"Saya kasih 4 bintang dulu, untuk awal yg baik",2025-07-20 11:25:51
556ade59-385b-4541-9d43-b7e019d4259c,alhamdullilah berkat kemudahan wonder transaksi jadi mudah,2025-02-24 11:37:06
c1a46f37-b94b-4f0b-96f3-c39a63599933,Sangat memudahkan dalam bertransaksi,2024-09-03 18:06:22
fb1db59e-b461-4016-95d0-ed9d2953c0cc,Sangat memuaskan,2025-04-12 22:31:03
4cffabdb-a11a-4668-8941-de93a8113f1d,semakin mudah menikmati setiap transaksi,2025-06-09 05:45:20
1dc50689-6301-4ced-ac40-a7738bd1fae5,"server ampas, masuk aplikasi aja sejam, muter muter terus",2025-06-04 14:03:46
82ef0010-bfd5-4fef-82e5-3c03f2cdb73d,mantap.pembayaran tepat waktu dan pembayaran langsung masuk,2025-08-16 17:00:10
b850843d-a6d9-4ab6-aa23-b37333fa3e55,good,2025-03-14 07:39:20
c7094b0e-0723-473f-8e8d-1170ad755925,"buka rekening online bni di aplikasi wondr bisa gak ya? saya tanya livechat gak ada respon responnya, ke agen bni46 nanya buka rekening laku pandi gk bisa",2025-12-15 11:09:40
fe8e6cfb-6754-4b49-82e0-9d0372cfc560,"verifikasi wajah gagal terus, akhirnya ngak saya lanjut, apakah ada penyebab lain tolong dijelaskan",2025-03-16 11:50:48
467bbea5-2f06-482b-8273-ef05cb1d9a3f,mwnyenangkan,2025-10-01 10:29:45
f860554c-cb76-4dc2-b8bb-6d9f1683e47b,bagus,2025-07-26 20:02:13
623a681c-7f72-41a1-8706-c9fcb6b0b1b6,aman,2025-03-20 10:53:31
776a2eae-e377-49e9-b006-a448d8f5a8cd,bagus dan tdk lemot,2025-12-17 20:55:55
1558ef12-b1c1-4a55-a102-b27974aa03cc,puas,2025-08-27 10:03:40
a9512d5c-5faa-4653-b4aa-389b8b404b7c,"Puas pakai wondr, tapi klo kirim pulsa nominalnya paling kecil 15 rbu",2024-12-12 10:04:17
015424dc-4d6b-43ee-a4a7-f520a25e8ada,oke,2025-07-27 21:55:57
7bdfe9b3-0083-4feb-9d24-d6580c2fd408,wonder ok,2025-09-26 09:50:40
c7f339bc-6ddb-473b-a389-5351700d680c,simple & aman,2025-08-30 19:38:23
0e5df752-6cec-44d1-bf10-532a8266b090,Sangat membantu,2024-12-09 22:26:58
79d1c52b-420d-46fe-89fc-d91521867756,ok,2025-09-04 18:37:10
abfa6b57-914b-4f7a-9d69-6afc59037909,"Lebih bagus Makai BNI Mobile, Wondr malah mempersulit. Setiap login selalu gagal dan kerap minta data terbaru",2024-11-25 20:32:40
14ffe5a4-66cf-4699-8739-aa0843ed0f49,super cepat,2025-07-05 10:14:52
92018082-9607-4c83-ba8a-6e3846814b0f,g BSA d buka knpa ini mntok d logo sja pdhl intrnt lancar pkai wifi juga g BSA d buka,2025-07-22 17:05:39
a98ac92c-3e5c-41f5-b657-9c2d4c2db426,Lebih mudah aksesnya. Cuma sayang QRIS untuk penerimaan dana ga ada.,2024-07-22 10:07:02
e1729584-3f19-49a1-acd2-6143dba17fb5,Sangat puas,2025-02-23 02:20:48
7e9f56aa-eef5-4db0-ab80-658bb42849d9,Agar layanan Bi Fast bisa juga ke bank digital ya,2025-07-01 23:14:15
6c79765b-77b9-4760-9554-8db06c050894,bagus,2026-07-01 17:32:15
0a8f4e2e-90b1-486f-bedd-b8ab71af2ec2,baik',2025-08-01 20:29:19
b4484a01-df90-47dd-b03d-37e84579721e,Sering eror+maintenance terus payahh,2025-02-13 03:52:23
d326a960-6657-48be-a33a-b899a744299b,Semoga Amanah,2025-06-04 11:03:24
c6b6cbc3-4b2d-46ac-b3b7-70c3162ca9db,"Gangguan mulu perbaikan mulu,bikin gak nyaman",2025-03-04 18:31:10
4f4a057e-679f-459d-80ac-1466a9735e9b,baik,2025-07-09 03:39:14
f17179c3-f62d-48d9-9198-0a094e210524,tampilan bagus,2025-09-22 19:54:02
683b6d4a-7dc1-4651-add4-803eb3e53b69,lebih mempermudah dalam melakukan transaksi,2025-10-31 09:08:48
b07a5d35-9c98-4fb0-a953-32be945e5f74,loding lambat tahun 2025 lo ini bukan tahun 1999,2025-08-28 08:38:18
53502147-ff9f-4ac1-a104-cdd0c9cdfcc3,ntapp,2025-06-11 18:45:54
40796224-f4bf-41a7-9a68-fe6e45a3c57d,knp sih lgi perbaharuan tpi gk bisa di pakainya seharian gini bete,2024-11-25 19:09:19
52e69ef1-de5b-409d-a97c-0a9863bb4bba,cepat dan terpercaya.. 🥰👍,2025-08-15 19:01:38
57775280-ec6a-488e-86c5-8ec0d442cb54,lebih simpel dr aplikasi lama...,2025-06-12 20:09:52
ea0ccc39-1374-4fb4-bd79-6ddb2072e06d,the best,2025-06-28 07:05:43
2ac4caf5-e3cd-4b18-b5c3-a44fe3a2bf1b,bagus aman cepat pokok nya mantap,2025-03-29 13:54:02
57e273cf-0bbf-43b3-9730-095bfc196c0b,apk eror,2025-12-01 15:12:20
4d8b6164-7dc8-4a12-a124-cf17e01d65fe,"Wondr Bagus... Tampilan lebih fresh, tingkatkan dan lengkapi fitur-fitur di Wondr Jadiin maumu dgn Wondr by BNI",2025-01-05 14:20:50
049931e5-dfbd-43a9-8955-6a5ed003849d,"Transaksi mudah dengan aplikasi ini, keuangan jadi tertata lancar",2024-11-30 11:19:24
34bfc6c6-2edd-461e-b538-32a1ebbe523e,Saya transfer uang ke BCA transaksi gagal tapi Saldo ke potong.,2024-12-15 01:07:34
ec65e69d-55b3-4c74-8a86-50c981844fb2,keren dan mantap,2025-03-02 12:42:51
0205c35c-ae22-483f-822f-0b1bf07a7980,"ini emang akhir bulan adminnya kena banyak ya? pdhl dulu awal pakai BNI g sebanyak ini adminnya trs juga udah 3 bln ini saya kena denda mulu pdhl ATM ga pernah gaada isinya, jadi mals pake kalu gini",2025-12-18 00:32:41
a3f18c3e-2e75-4901-9c7d-f7bd4aa27a70,sangat membantu,2025-11-08 21:08:25
6bf7f206-898e-46a8-afdb-3aee6d1027bd,"Aplikasi yg mantap , lebih fleksibel..",2024-09-03 19:06:34
e433f47b-1a1d-4bbb-80c1-73f71f4f680c,"Aplikasi Wondr ini tampilannya lebih menarik, simple dan transaksinya cepat",2024-09-10 09:04:40
567dc123-f176-43b1-b2a9-a9cb5dfcc3a9,"apk yang menguras emosi,registrasi aja ulangi terus tunggu besok!!",2025-11-16 03:16:23
98a040c3-510d-430c-bf4d-34b9d1f05984,"gak ada menu buat aktivasi kartu, hanya bisa request kartu pertama tapi tetap aktivasi wajib ke cabang, tetap saja ribet, bank lain padaahal sudah bisa aktivasi kartu lewat aplikasi",2025-09-04 17:49:56
ed794ccc-86c0-4e79-9f91-6c4d19992bf2,mantap aplikasinya,2025-10-09 06:31:09
3c6cee97-79b7-4c1d-8a45-5567467749f2,bni keren,2025-12-19 09:09:38
df8ae98c-0af4-40d7-b294-0b73e8bbddab,aplikasiku GK bisa dibuka. gimana ya,2025-06-30 13:37:48
cbfad20d-0735-474c-812e-1e31cda84e82,"mantap banget wondr by BNI ini, sangat memudahkan transfer dll... terimah kasih wondr by BNI",2025-10-28 19:42:57
474b4eb0-95f3-4f1f-805e-62acab096436,"Aplikasi Wondr BNI keren sesuai dengan lagunya, siapin rencana dari A-Z cashflow tetap aman dan ga takut kebablasan, mulai investasi wondr make it easy",2024-09-02 16:56:31
bf7a6a0b-63f9-4e6d-a8f7-451e7bf74539,Sangat membantu memudahkan pembayaran dan pembelian,2024-11-07 21:48:24
13aaecd6-1f26-4a57-ae4e-380d8b41ef2a,Gangguan muluk lah,2024-12-25 01:12:26
372e3ca3-5635-4ad5-ab85-115d804e5785,terbaik,2025-04-05 07:10:59
a70145b7-1d21-4818-a2a2-b33fec60ebfe,"aplikasi yg sngt memudahkan pengguna, mantaap good jobb",2025-12-03 16:23:35
a30af86f-d55a-4e96-a572-ab28a0430fda,aktifkan Biometrik malah keluar sendiri 🤦‍♂️🤦‍♂️,2025-09-02 21:01:58
ba7ea780-3d9a-4e28-be68-7cdaf8f49d82,Mudah penggunaannya,2024-07-09 05:49:15
92156092-fecd-465f-915b-ef08bb07c994,sangat memuaskan,2025-11-19 15:33:53
58e5deb5-822f-43b0-97d9-a807af256cc9,Aktivitas mudah..aman.terbaik,2024-12-13 12:11:12
10b10db7-aaf0-4481-8278-5dcbe5cda431,Baru beri ulasan dg sesuai harapan.mulai dr branda wondr sudah bisa di screenshot yg awalnya tdk bisa.harapannya bisa juga mengedukasi ke rekan lain yg sama pemakai bni untuk beralih ke apk ini.krna lebih nyaman aja sih.,2024-08-16 11:12:11
601f7ecc-a00f-4d2a-aced-9ecb137c1c62,ok,2025-09-11 16:56:58
0ca9a657-f881-47da-b26f-62033ed15669,Beli paket data dan pulsa lewat Wondr BNI mudah bangett ... ga ribet ..👍👍,2024-09-03 22:24:29
be3f7ad5-715e-492e-bfa4-8374a7563837,mantapa,2024-09-04 18:44:25
c0d08b0c-d405-4040-beb8-e37cae293ad3,Ok,2024-09-06 08:57:50
cd28e566-c1a7-477a-a17a-a70740686607,Verivikasi wajah gagal bae euyy,2024-12-10 19:27:22
7f2b6aec-17a2-4de5-a071-e05636602202,aplikasi sedang dalam perbaikan mulu,2025-09-07 09:06:58
9199113d-7b55-4f1c-aba1-1f401fef27ff,"aku udah pake ini apknya baguss banget gabikin ngelag hp, fitur cara pakainya juga mudah ga bikin ribet mau transaksi apapun bisa di wondr bni beli pulsa juga bisa",2024-12-08 11:13:03
2aecc4d7-ab37-4f71-9ead-1d31cb94cb16,tidak bisa dibuka wondr by bni nge stuck terus di halamannya tolong dong.......tetap nge stuck sja...hp ori ngak jail,2025-03-11 16:54:55
13141e7f-1b72-43d5-9db6-030b87893cbf,sangat membantu,2025-12-05 04:55:59
e56aa829-96fc-4548-90d7-eab9291101b8,mantap,2025-04-25 08:48:40
4cd0d5a0-ede0-4e7b-b0fc-b948bca84f2e,Mantap,2025-04-09 11:34:28
cda88f30-90ff-4681-9a20-71a44d7b56b7,Bagus bngt aplikasinya ka,2025-03-07 12:18:46
7f818281-d576-46bf-8166-5076ee7b25ff,"TOLONG DIBACA YA PIHAK BNI,SAYA BUKA APLIKASI WONDR LALU SERING GAGAL VERIFIKASI WAJAH DAN DISURUH COBA LAGI BESOK,TAPI TETAP GAK BISA BESOKNYA INI NGERJAIN ORANG BANGET SUMPAH DAN MENGHILANGKAN KEPERCAYAAN MASYARAKAT KE BNI ,SAYA GAK BISA TRANSAKSI DI ATMKRN KARTU ATM SAYA WAKTU BERLAKUNYA HABIS MAKANYA BERALIH KE WONDR DAN MOBILE BANKING GK BISA,SAYA KIRA DENGAN ADANYA WONDR BY BNI MERUPAK PERUBAHAN LEBIH BAIK DR BNI MOBILE BANKING TAPI TERNYATA JELEK BGT BERBELIT APLIKASINYA GAK KAYA BANK BC*",2025-05-28 22:34:06
30ed0dd1-ae15-4be5-80cc-2e0dabcd7c95,wondor mantap,2025-03-18 01:19:05
0bfde858-7fe1-4183-a6a4-77544b61e977,Keren,2024-07-05 10:23:33
700f216a-0681-4037-80ec-2b6bc3caf542,Kenapa ini transaksi gagal tapi saldoku tetap berkurang,2024-12-24 17:09:58
a7410bfd-9dd2-4b5f-aa93-1c402d60f9fd,good,2025-12-19 19:27:36
864a7f00-af7a-4bfa-b3ab-40d309f1fbff,aplikasinya aneh masak saya udah daftar dan udah bisa buat transaksi sekarang harus daftar lagi dan qrisnya gak bisa buat transaksi,2024-08-29 03:15:37
30989086-f479-40c4-a3c8-3dee7717c21f,ok,2025-07-25 10:43:30
d09c2880-e031-4571-8448-95a92e0f60d8,good,2025-11-26 10:05:34
96896680-1d23-4f68-b133-115b7aba6e7a,Kerennn lebih praktis,2024-09-03 13:50:26
bfb82574-e0be-4443-acc6-72a0dc18e996,mangtap apk nya satset,2025-10-18 08:00:32
dbe6fbb3-7f50-4be5-9452-3e3f79b16fb1,TOP BANGET APLIKASINYA,2024-08-04 17:21:02
6700316e-7257-4ff5-83c1-b98f643def23,pilihan terbaik q di antara semua aplikasi m-banking,2025-07-16 18:48:35
2c8c2a45-e42c-4274-a3af-17ca8921d6d3,ok,2025-04-26 08:34:02
e3c2d1de-46a6-4775-802c-fcc33a41e83b,Sementara bintang 3 dulu... banyak terjadi kesalahan trus eror,2024-12-05 19:59:38
45dc3766-9fb6-4205-849a-5315b6984159,senang memakai😊,2025-09-25 18:10:26
e6494f68-10d6-47cb-a910-5dec7a7561e4,Lebih keren,2025-03-14 11:49:06
ed3a8e76-0246-47b8-94a5-ae1b513c3e4e,Kenapa kok sering hang gak bisa di lagin,2024-08-01 17:30:32
c0139892-9885-4329-844d-f0d6097bf67e,baik .cuma bukan bahasa infonesia,2025-04-05 04:45:58
8b16a7c7-8603-4f88-afa0-6ef7eaf18535,ops,2025-02-26 16:31:53
e7c15d17-6e71-4ee4-b495-00a782f04c3a,Tampilannya lebih menarik,2024-07-24 09:35:45
cca30998-71cc-4c87-8f2d-61bc99262d01,Sejak pakai wondr ini susah sekali mau Transfer uang kemana2 sehari hanya bisa Transfer nominal 1jta. Tolong solusinya kenapa bisa begitu.,2024-12-08 10:02:59
1c8c8a77-05ef-4328-8dba-1efad7afbbd9,"Bingung aja sih, saya kira akan lebih bagus dari BNI mobile banking, menurut saya malah downgrade, di wondr tidak ada menu DPLK, jadi harus instal keduanya.",2025-07-14 12:04:22
8184441e-99bd-4061-9b68-606c7b4e492e,keren,2025-04-24 17:37:48
f883c560-3429-4804-875e-d110ccc317fb,aplikasi cukup baik,2025-07-05 07:15:35
81db2f1b-9f3e-4f47-84b1-63bfac9785b0,sangat membantu,2025-03-23 18:58:58
380e3bac-f6f3-4b61-b1dc-ffb7a2a06a76,good,2025-12-18 20:36:36
92f91c28-fde8-4d89-91dd-7cf1d5259472,gangguan kah udah 2 hari ga bisa di buka keluar lag terus,2025-08-25 19:22:29
d341343f-653c-4bc3-807f-0e28a126b5ec,aplikasi yang sangat membantu dalam bertransaksi. cara penggunaan jelas. keamanan pun sangat ok,2025-06-30 14:17:23
cc9c5e07-3d7c-4021-88e9-5cb56955f18e,cepat,2025-03-03 11:44:50
d54fe862-636f-4b28-b395-ecaa80473ae1,saya puas pake BNI,2025-10-11 10:27:13
a0550f65-5048-4e7c-89f2-8b1304fb1bb8,"aplikasi wondr ini bagus sekali,fitur yang mudah diakses sangat membantu saya ubtuk melakukan transaksi,serta pendaftaran yang sangat mudah.",2024-12-04 20:32:45
84c400cd-9727-4b36-aec2-bc488372af3f,memudahkan transaksi👍,2025-03-07 15:07:54
9d131de1-5090-463e-9bfc-fb45d6783373,Sayang sekali untuk apknya ngak bisa di hubungkan dari BNI Mobile padahal tampilannya dan segi transaksi sama2 aja...masa iya harus ke BNI buat perbaiki data semetara BNI Mobilenya ngak ada masalah...harusmya otomatis aja kalo punya BNI Mobile...,2024-07-11 17:01:26
0a6a540f-135b-483e-a7af-1a009f656882,bagus dan sangat membantu...,2025-12-01 14:43:55
2ff42958-990a-4d58-87b5-69b9d903d7ea,"Verifikasi wajah susah sekali, tolong di perbaiki",2024-10-03 15:32:49
bde3bc48-3480-474d-8e9d-2ab2dc7a464c,"Aplikasinya mudah digunakan. Memudahkan kita untuk menganalisis,dan melakukan transaksi keuangan. Segalanya bisa kita atur dalam genggaman.",2025-02-07 15:52:14
98b08463-14a9-46e6-b1b1-f722f04bbd24,Ok,2024-07-09 14:37:56
6c67a377-659f-4e3f-89fe-cf173eeb1e5c,sangat bagus,2025-04-28 11:40:38
7c89f295-23dd-44ca-a7db-88d515152316,bagus,2025-07-16 14:39:13
198df261-9ad0-4424-8a80-fd32597f0344,aplikasi ngelag mulu.,2025-12-01 19:50:37
f75fa818-f2e5-49be-b88f-6be891c3aa33,jam malam tdk bisa melakukam tramsdaksi,2025-10-17 00:31:45
7168c09e-f5fe-4fed-92a5-17325744eec8,mantap,2025-05-01 05:23:13
9b614b8b-e727-4904-a843-9ee5da8385fc,mudah digunakan,2025-03-12 09:38:28
c1056c44-bd82-4120-b9ab-209cd6fb29f2,aplikasinya tidak se simpel dan gk se jelas BNI mobile banking,2025-02-05 17:54:05
d7241b7b-147b-41c4-bb20-91a825a03045,mempermudah transaksi,2025-03-06 08:27:34
43454661-c478-430d-a6af-2d3fa6e454a5,amat membantu,2025-03-25 16:36:03
d6b2209b-00b2-4212-9f0d-27fa2b9560f5,Sangat membantu bangett... 👍,2025-02-24 11:39:32
ff5d5039-f018-4c1f-855d-d9ed3d0f2136,Aplikasi burik dikit2 gangguan dikit2 memperbaiki,2025-12-01 15:30:05
dbbe16f2-82d0-4190-a167-050d94d8a9b1,mantap bgt seh aplikasi ini jadii ngak mondar mandir terus deh k.atm,2024-12-18 21:22:25
be1f1148-44d5-4639-a6df-a1d3d11e7bb9,mantap...,2025-12-10 07:16:50
2dd23ffd-8628-472c-ac91-4c0d30fa3115,notifikasi uang masuk lama kaliiiii leletttttt,2025-04-30 18:27:49
1055af20-b457-4196-b4e2-0d814e34b29e,Wondr kenapa tidak bisa digunakan hari ini?,2024-11-25 13:15:48
dc004bbd-9bb5-49d2-ae98-e35f28609d99,Aplikasi terbaik,2024-07-16 11:55:32
705e4c89-2e3a-4301-8ca9-2da146c239b1,"AKUN WONDER MAHASISWA SAYA ILANG 100RIBU, PEMBUATAN AKUN BAYAR 100,DIAMBIL DI BULAN JANUARI REKENINGNYA SERTA KTM, TAPI UANGNYA HILANG DI BULAN DESEMBER LUCU SEKALI WONDER INI, APLIKASI RUSAK JANGAN PADA DOWNLOAD NANTI JADI BAHAN PERCOBAAN KEAMANANANYA GA KETAT JANGAN DOWNLOAD WONDER BNI JANGAN DOWNLOAD WONDER",2025-03-02 18:17:30
00b3084e-de32-464c-a027-c7057c38cc9f,"aplikasi apaan ini bukan membantu tapi malah menguras harus ada biaya ini itu, ada pengeluaran transaksi yang gak jelas terlalu ribet ini mau bantu orang apa mau ngerugiin orang,dari kemaren gak nengok² saldo eh pas nengok tau² udah ada pengeluaran transaksi ini itu.",2025-06-07 11:09:45
769939d8-ac75-4403-a7b1-fdfc383ef98d,sangat membantu masyarakat,2025-03-17 22:44:56
4edde60a-45d6-49f0-87bc-61bf847d026b,"Bagus sangat membantu, tp harusnya didlm aplikasi ini ad fitur reset password kartu jika lupa pin kartu atm",2024-12-24 18:34:41
37051199-b972-4989-b695-7754c661abe8,sangat membantu,2025-05-20 10:06:32
7567191e-271d-4975-9e6a-01a4213df353,kalau bisa kasih notif uang masuk di bawah 500k,2025-09-30 15:34:06
2e3825a3-1d96-4519-9c56-8704309bf0b4,mntul bos smua JD mudah,2025-04-16 11:25:53
fbc2e6a5-ff11-4e32-b4d5-a7fce5885133,Bagus,2025-11-13 22:50:18
367f0dd3-9227-4a0d-86fd-b1ad2fd2704b,"semua aja klen buat biaya bujang udahlah admin perbulan ditambah pula admin kartu,okla itu masi bisa ditoleransi ini minimal saldo awak harus diam pula disitu ya sama aja kalian rampok uang nasabah kimak Emang BCA IS THE BEST",2025-10-23 19:22:15
2707d916-fa74-4046-81d7-5b6997ed440c,transaksi cepat aman.....oke untuk saat ini👍👍👍,2025-04-01 09:58:47
924de7f4-2f73-4df5-8051-1be05bb9c8bd,aplikasi jelek sekali verifikasi muka saja paling susah eh,2024-07-06 18:37:30
bd04f6c0-627d-44d0-8a7e-abe6fe4e9b1d,kartu ku hilang d dalam aplikasi wondernya gimana ini mana gajiku masuk sana semua,2024-11-06 18:54:54
9c9c6b0d-16da-4ece-8d9d-cdf0db5f85e9,lumayan ringan.,2025-10-24 23:27:12
0631885a-a8fe-4e6e-bdca-7b698b96a78f,Mantap🥳,2024-07-08 18:00:36
0d62fb32-0687-4cfd-9f5b-aaf284367a15,"maaf saya kasih bintang 1 soalnya, saya penguna baru dari wonder, kemudian tiba tiba saldo saya ke potong sebesar 39.500 tanpa ada mutasi, nyebelin bgt pas mau cek bilangnya harus tunggu sampe tnggl 10, walau gitu agak kecewa sih, kalau memang biaya admin dan lain lain setidaknya saya tau berapa nominalnya, ini hilang aja begitu, mungkin saya yang salah atau bagaimana tapi maaf saya agak kecewa dengan sistem begini",2025-07-01 09:43:58
431bd2d8-47f3-4ab0-9dae-600c03b5dbb3,sangat memuaskan,2025-11-12 12:25:30
d74e2a0b-d365-46ff-a26f-877cf918fe41,susah login jaringan tidak terhubung padahal data internet aktif dan lancar dipakai untuk lainnya cuma untuk wondr yg tidak aktif,2025-12-01 13:15:00
1b2828b7-8418-4116-b791-4e9b60d34e02,lemot,2025-09-23 22:31:03
aa146ce6-b378-4ad2-8f22-585e9fa56d49,pakai wonder transaksi jd lebih cepat dan mudah,2025-03-03 17:01:39
a2557e90-8051-489e-9eee-eda118c77757,bagus,2025-03-27 17:24:59
23282189-ef07-4de2-9ebb-8d9ef4b6b252,Perubahan yang sangat signifikan,2024-07-12 23:32:55
55bccd97-f55f-4b95-a19e-09f07be30d6d,bagus,2025-09-01 14:57:50
effad050-3012-474a-b399-28f455b3a98e,sangat rokomen banget aman,2026-07-04 12:50:49
50998059-646b-46a7-a453-b005c99f698b,erro terus... tidak jelas,2025-12-01 17:24:07
f82266b5-8415-4e48-95ea-b9583092e358,apk yg tidak boleh dipakai,2025-08-29 15:55:13
fa97a823-4ff0-42b7-9aa3-db20620b60b4,BNI yang terbaik.,2025-03-02 10:38:55
1ed187f8-8547-41a8-9907-70b79dd20592,kenapa wonder kok eror udh berkale2 update hapus chece wifi kencang masih juga blm bisa di buka. mohon d bantu ku mau ambil uangku.. ku mau k bank juga buku rekening ktinggalan di bali,2025-12-01 17:03:11
b5739cc1-098a-48ff-9fdc-e9c87271fd10,makin lemot,2025-07-24 12:19:55
3b968b31-052a-40fa-baf9-d85a3a198440,sangat puas,2025-03-25 22:43:41
147ce9da-60ed-4d00-8756-ffd59602d807,Ini gimana sih udah login suruh login lagi,2024-12-31 10:17:44
b18688e6-78a3-4250-98ae-c101affd95f3,mantaap.. lancar..,2025-03-28 22:31:39
69f9b0ff-cd55-489b-a8b6-7cafee4480c2,aplikasi tidak bisa digunakan sama sekali selama 7hari terakhir,2025-07-30 19:41:43
46d84071-e566-441b-a883-71f6378e9898,Sangat mudah dan lebih aman,2024-11-16 14:45:36
51d6ade2-b50e-46bb-b414-a985dc65793c,good,2025-12-02 12:14:52
3e42f920-056f-404c-a23f-1c74c931c1a9,mantapp,2025-08-18 15:43:20
031b08f5-a3c9-4415-af5f-46a1c768f81f,mempermudah transaksi,2025-11-02 23:07:15
32cf7e2b-bfb8-41d2-8b86-04f36bd32503,tingkatkan keaman m bangking dari hacker,2025-12-15 18:33:42
311e91cf-421a-44f1-b212-81f70fda3cd3,sangat membantu dan memudahkan proses tf,2025-12-15 12:52:30
2f15e088-3552-4b19-972a-8682fe4c5fce,aplikasinya bagus. tapi saran saya histori nomor rekening yg mau transfer. no token listrik no id pelanggan indihome tidak hilang atau bisa juga dijadikan daftar pavorit. semoga kedepannya bisa lebih baik lagi,2025-03-23 12:35:33
dea0b9d3-d308-4e5f-b649-1b2fbcf36fbb,mantapkan,2025-04-03 22:58:05
9355d821-6f02-461b-854a-23863a54db7a,Aplikasinya jelek bgt. Sering bgt error,2025-11-25 10:33:03
1364b293-3111-4601-9d66-ef2df6cc8d62,sangat bagus,2025-03-10 13:04:06
5c22741e-8ad0-4ed4-b1d2-c73340f9f688,"saya tidak bisa aktifkan biometrik, selalu stuck saat diklik saya setuju",2025-04-08 03:36:47
177ee363-65ee-44f3-9d26-bb7c18b44ab5,👍,2025-08-26 02:20:05
d19601a2-2456-4152-bf3c-1f4e579d8076,memudahkan transaksi,2025-03-01 06:39:02
fdecd902-0731-40e1-b180-980994473d1e,mantap,2025-03-17 10:53:37
245870b1-605a-45f7-9874-4ba848bb50ad,👍💯,2025-05-20 09:01:07
742fa582-bfb0-4f6b-9705-00ec0dee8010,buruk,2025-05-30 05:34:29
252fb333-06fe-4385-93ed-d262fdab991a,terbaik,2025-07-15 19:08:36
465ff637-7b76-4af6-8ed2-d1e060d86fbd,baik,2025-10-13 14:06:42
64e7507d-87c2-439c-b178-e3be5ccc85a3,sangat puas,2025-03-04 09:12:00
1976783a-1aa1-4da8-a349-3aff0f4b6d69,"Ada y wondr sangat ngbntu mudah dan cepat tuk transfer Dan pmbayarn, semga g Ada gangguan y",2025-03-02 18:05:38
21092c8c-049d-4415-86a0-0483bc90f727,bagus cepat,2025-02-26 15:33:01
b61946b1-d6bf-4cd0-86f6-e8215b0e409b,good,2025-02-27 17:41:15
09d95b56-6fdb-43f2-88ae-aa98d4ed86d3,bagus . buat tran lncar,2025-07-11 00:42:29
184e0e26-17d2-4afa-a083-bd8d2e5b01cc,"diperbaiki lagi masa gak bisa verifikasi wajah udah puluhan kali coba gak bisa, jijik aku pakek BNI lagi, server nya kek murahan kali ngerugiin nasabah gara"" gak bisa verifikasi harus bolak balik ke ATM buat tf doang, sumpah gak jelas banget ini aplikasi bukan nya memudahkan malah nyusahin.",2025-11-10 21:16:38
95eb51bf-e4ad-45cf-8ca9-cef2a48c2403,keren,2025-02-25 22:54:01
039be875-bda8-41a0-9de8-b0e4926bfa29,Top,2025-11-09 10:34:57
690587f4-d46c-4a7e-b7b1-e10a967a2340,selalu ikut update terbaru tapi app nya malah makin susah dibuka. mana lagi buru-buru.,2025-10-22 15:16:15
68237787-5acc-4585-a8dd-1991784e89fc,good,2025-08-11 05:21:52
8a461583-7001-478b-9ec8-2f8428d6ec7a,"padahal aplikasi resmi, tapi banyak bug, masa fiturnya bilang gagal tersambung ke internet padahal paket aktif dan posisi di tengah kota, udah coba akses aplikasi lain lancar aja, tapi giliran buka aplikasi ini langsung dibilang terputus dari internet.",2025-12-01 17:25:16
389d81f5-d8ea-4eef-8c61-4187d45ddf12,"pengalaman saya sebagai pemula, menurut saya fitur fitur yang ada pada aplikasi ini mudah dimengerti. ini membuat saya lebih nyaman dan mudah saat menggunakannya. fitur nya juga tidak lemot dan sangan membantu saya.",2024-12-02 09:51:32
62fc0431-295a-478a-aef6-259b6a2522bd,sangat puas menggunakan bni,2025-08-03 05:29:05
aadaa843-dcc0-42bb-b6eb-67aa7be74d9e,aplikasi keren bangeet,2025-11-26 14:42:49
84acb4bb-a1b6-4dd2-a4e5-022500101e28,Hari ini 25 November 2024 aplikasi Wondr tidak bisa diakses. Untung masih install BNI Mobile Banking (belum dihapus). Kalau cuma mengandalkan aplikasi ini bisa repot.,2024-11-25 13:59:55
b48cf425-ba84-489b-912f-079ae30bfa01,mantap,2025-07-03 09:54:59
37c0276a-4d9e-4421-b583-96ffd24c339a,sangat mempermudah transaksi,2025-09-01 13:30:37
05524f10-1e1b-4e18-97b7-229c3090e577,Kereen,2025-08-12 18:28:16
f26c0799-eff0-4753-8208-d6238efa5ee7,mudah dipergunakan dan lebih efisien,2025-12-21 20:15:09
99be3f33-e059-4d16-8ad5-dac024df1e76,sejauh ini belum pernah ada problem sih,2024-12-25 21:17:50
f6543a2b-7e9f-49b8-a0c5-cf882ee60089,Ok,2024-11-12 14:34:37
c0371824-d29b-43d2-9ccc-26e6fb4c3ec4,aplikasi yg sangat2 membantu,2025-07-04 18:58:20
c70f064e-619e-4f1b-a0b2-9f785733241e,akses cepat dan mudah,2025-07-18 17:34:09
75d59957-1524-43ef-ab87-598bacb76733,wondr by BNI terbaik 🔥,2024-09-03 16:39:00
9962c7d6-98cf-42c3-899b-c93149728f37,Dapat terkoneksi dgn pembayaran transportasi,2025-08-25 06:36:07
01391d13-8c94-40b5-834e-f5cc45cb2658,Mempernudah semua urusan,2024-12-13 22:59:47
0e216eda-5240-4e39-8f8b-27c09dbbff72,"Sekarang sudah bisa tarik tunai tanpa kartu,..good job 👍🏿",2025-03-15 13:55:18
1577e41f-c4fd-4f47-bb51-31c06e197d97,tarik tunai tanpa kartu kenapa harus pakai kode otp yang dikirim via SMS ? kan bisa pakai WA !! orang jadi repot harus isi pulsa dulu. UDAH GK ZAMANNYA LAGI PAKAI PULSA UNTUK KODE OTP ITU,2025-05-16 18:28:50
9b988d4b-31cf-4999-9f0c-16048598f3f1,"terima kasih wondr by BNI, Memuaskan🙏",2025-12-11 05:30:46
d8ed5629-fa30-4b2b-a126-48fdc318040b,oke,2025-10-07 13:31:06
b35d7b60-a690-49d3-8801-528e5bd0800a,mantab,2025-12-14 13:56:44
aa5c1602-b7b2-46c4-814b-f2534dcc0754,mantap tingkatkan jaringan agar lebih bgs,2026-03-08 06:57:43
0e2cf1ed-3b6d-4ba9-b47e-41a87428aad3,"ribet, nomor token tidak tersimpan",2025-03-28 04:36:19
25fe5d9a-91d2-4137-ac19-e7f0526b5490,"aplikasi bagus, tpi keamanan biometrik tidak bisa diaktifkan di hp saya (oppo reno 10 5g), ketika diklik menu biometrik nya aplikasi langsung keluar",2025-08-25 07:43:53
a828f06a-e861-4623-945a-49071aeeb658,"baru pertama coba buat dan downlod aplikasi wondr by BNI karena mau menabung supaya punya tabungan buat nanti. aplikasinya mudah digunakan dan tidak ribet,daftar rekening cukup 5 menit langsung jadi bener bener luar biasa wondr by BNI 🥰",2024-11-30 13:50:01
eeb35992-5e12-4e88-b81b-452c4e65ff27,"erorr mulu, jadi males",2024-12-12 00:02:19
9fe07aef-4c35-4e08-89fc-a35c079f3b33,"Assalamualaikum, kak saya mau tanya ini kenapa aplikasi wondr punya Saya kok tiba"" tidak bisa di buka,saya sudah verifikasi tapi tetap gak bisa di buka ada gambar gemboknya kak",2025-01-09 00:28:39
5ba8d664-2bd5-4855-a90e-6424bede041a,Oke,2025-07-02 20:39:40
ba642422-0e6f-4b82-9e82-a0b728cc1613,baik,2025-06-29 08:04:15
3e280e0f-91b9-476d-92d1-a698654f4f52,memuaskan😊,2025-04-03 17:21:43
ecba408a-f609-4d26-8139-097cd70a62fb,tingkatkan,2025-03-08 19:17:40
03f41628-322a-46bd-9751-c0860ded2351,ini mau login pake waifi pake data tetep gak bisa tidak ada koneksi internet aja hu makin aneh aja,2025-12-01 17:47:23
63b207ae-b08a-42bc-8c3c-73b2e6074a23,bagus,2025-07-13 12:37:16
7698d762-fdd0-4b34-aaa6-920a56d8e5b8,aplikasi wonder yang modern & fungsional,2025-06-21 14:38:55
6a2dfad4-2890-4129-8ded-a27dc026c189,Sangat membantu bertransaksi setiap waktu.,2025-03-03 22:13:02
f3c9ad1a-9634-497e-83f5-5d76ec36b04f,aplikasi goblog permuk aj kedip mata kedip mata Tolol,2025-10-29 10:37:47
45a8d19e-634c-4d85-82e5-8ea1cd3d54c1,praktis,2025-03-21 15:50:22
c90dcc6a-43b6-4566-a437-0a6b480a2c70,sungguh membantu,2025-04-13 22:36:42
0b9f6a52-dd92-41d8-9ce7-5cfa39239c06,Knpa GK bisa dibuka.. atau memang hp sya... Karena wondr ini blm support di aplikasi Huawei..,2025-08-26 02:04:31
d4a9ba46-6a70-43a1-8342-61a97ec61ca2,good,2025-03-28 17:34:33
59a227d8-ae96-43fa-9b92-00665d0123d1,best banget,2025-12-19 15:09:41
a1fb4a7d-3992-485c-9034-97eddab86d27,apknya banyak kendala,2025-11-16 01:01:11
ffdbdc09-9d5d-4cf7-9c29-bbb6c1653347,good,2025-10-01 04:57:04
eb131902-5bee-4564-b404-40fea40d04c6,mantap,2025-07-17 23:29:08
af4d0962-684a-479c-b3d1-e66038db9491,"bagus sekali, sangat membantu",2025-07-12 22:42:34
5528f4f0-4325-455a-9a15-f6503a015007,"Gmna sih aplikasi wonder BNI mobil ini,bentar"" ganguan",2024-12-12 12:11:57
3d780723-79ec-48fb-ae2b-7d1b9b749122,mantap,2025-06-02 11:36:43
6e04a5d0-3b7d-4e1a-b471-bfe34d31fbea,udahlah makin lama bank Indonesia makin GK jelas posisi sekarang di luar negeri trus akun kebelokir malah GK ada solusi,2025-12-08 10:46:48
dd278f2c-aa51-4658-ba6c-7b02ba86cc11,Sering gangguan ngk jelas. LBH baik mbankingnya aja dari pada aplikasi ini. Bukannya bikin simpel dn CPT malah bikin masalah,2024-12-12 12:15:49
0c32f522-4974-4cef-ad9a-23e7d40cc952,bagus bingit,2025-05-25 01:33:56
4cc001ab-14c6-4c75-a089-e7f694984c73,Lebih baik lagi,2024-08-02 23:54:52
92d9aa08-0075-4c9e-b2fa-d51680f6d2b0,bagus cepat dan gk ribet,2025-08-21 09:44:33
5a7eb130-289a-4539-8a27-8b247e759a60,aplikasi bangsat ga beda bni mbanking maintenance ga jelas kenapa mau login fp malah keluar sk terus? diikutin sk nya malah sesi habis suruh login. bangsaattt gw jg mau login kenapa malah keluar sk anjing.,2025-01-25 09:49:38
b4a8027e-e6dd-4080-a457-0c6f26f11332,bagus 👍🏻,2025-06-29 18:13:35
c76eb946-9e06-48cb-ab7b-0c88ad3f7b6a,👌,2025-10-31 06:00:29
62295aaf-9e19-4aab-88e4-c87338c69b12,"saya bru aja instal wondr, tapi untuk masuk ke login itu butuh waktu lama sekali, sedangkan internet saya lancar, kuota banyak dan yg jelas perangkat saya juga sudah tahun tinggi. untuk developer, mohon di perbaiki secara berkala dan jangan terlalu banyak debugging. karena saya pribadi, sering menggunakan mobile banking ini untuk qris ataupun transfer. dan menunggu untuk ke laman login membutuhkan waktu sekitar hampir 5 menit. mohon untuk perbaikan sistemnya",2025-06-16 12:17:40
8549e39c-e578-4574-87e2-64035a947f5e,lelet aplikasinya pas gajian gabisa di buka,2024-11-25 15:02:29
3863f946-ae4c-4505-9abf-b62e027ff844,Oke banget,2024-09-06 14:12:56
a0eca4e2-9a9a-4c45-bcb4-dbb931b17d68,"sering eror, memperlambat pekerjaan",2025-09-12 07:04:18
59a0dc62-af63-4034-85f0-67f211b5cec0,Wondr 👍👍,2024-09-04 11:01:23
02f9a7e5-3ba7-49a3-9987-f42468215820,"Mau bayar biaya pendidikan perguruan tinggi, tapi sayangnya perguruan tinggi sekelas UNAIR masih belum ada di daftar.",2025-01-30 07:52:48
d5207e3f-ded8-4374-972c-bfaf5937f57f,mantap,2025-07-01 15:53:58
6d1c3746-842b-414e-b7a2-ad11da1ec0de,Keren,2024-09-02 16:22:21
6b1112ac-a837-49d2-9143-65aad008a056,"Aplikasi ga jelass, pas login masukkin password bener pas transfer masukkin pin salah , verifikasi pin baru, pas login malah password yang salah padahal dengan pin dan pasword yang sama, berulang ulang kali cmn mau transfer susah bgt karna harus verifikasi mulukk, lebih nyaman pakek banking yng lama , dari pada yang ini",2024-08-09 08:55:51
f78c1750-15cc-482e-baf8-4cfc930341b0,"Aplikasi hama ,gagal login terus",2025-12-01 15:53:13
31cb12aa-77d5-447a-9079-0da925434b3a,"Tampilannya keren, user friendly banget dan sangat memudahkan dalam betransaksi. Bisa melihat histori transaksi lebih dari 3 bulan dan ada menu Insight yang sangat menarik untuk melihat pemasukan dan pengeluaran. Pokoknya keren.",2024-09-05 19:17:21
1825ae62-6ab8-4e2d-a701-0ff0d94037d9,aplikasi tdk bisa di buka sering keluar sendiri tolong perbaiki min,2025-07-27 12:22:24
fde467bf-f079-4673-b640-682541b8ef12,cool,2025-09-29 17:20:44
cd929cad-9206-4c3e-9f88-092d9c4f7b65,Tolong dibantu,2025-01-05 15:57:13
a7de8615-7eb1-4f0d-8b75-45cb66d39619,sangat membantu dan mudah digunakan tanpa ribet 😉,2025-02-25 16:10:56
1e6e4631-9699-4ec4-bb7f-75cff8a80568,Kenapa wondr error dengan tulisan sedang perbaikan dari jam 8 hingga sekarang belum selesai juga maintenance,2024-11-25 12:50:09
65ee7854-5d83-445a-8891-1c25c01d6292,T O P,2025-04-02 08:16:34
e25f8f4f-1784-4f1e-80ea-c2adb7e9a38d,apk gk jelas susah banget di buka,2025-07-02 15:53:06
77f00160-8737-4254-9d55-1d2bbdfc06ed,"gajelass bgt ga bisa topup ewalet dana,lebih baik bni mobil banking di banding wonderr",2025-03-12 23:50:36
7854228b-6c13-4a0e-a42b-ef0b56c07051,keren,2025-10-06 23:33:24
de91daaf-da60-465b-ba32-0171e13a51e8,mantap,2025-11-23 07:00:42
d5184c6a-8eec-4853-ab22-b99a8eedab83,cepat dalam pengiriman,2025-03-20 12:37:02
3dbe1a18-6ffe-4006-a6f2-0235b19d60d9,Keren,2024-07-05 10:44:41
d34a1bb1-47e0-4094-9570-ec4206619bd2,klo ada tf yang masuk klo bisa ada pemberitahuan nya,2025-07-10 11:30:08
16114ae4-ca9d-4390-af9f-a3bf5cb0a14f,good,2025-03-29 05:53:13
74475b53-a7d0-4387-8705-d9117dc00689,cepat transaksinya,2025-03-30 08:45:59
a51ebd7e-f951-410b-81f6-97e46c7b0425,"bagus , semoga BNI aplikasinya lebih bagus lagi",2025-02-26 22:38:28
99debf29-6cd5-47fc-8ed4-991dc6299cb2,sangat mudah,2025-11-12 10:49:49
513878c9-0b57-4496-9c00-d1d6f16d4309,Simpel lebih mudah,2024-09-10 10:00:17
d4daa677-71fe-4719-82f0-509ee5f51554,nice cukup simpel,2025-03-01 23:17:41
b304324b-243f-419b-9994-a135925c1727,ok baik,2025-10-03 21:03:36
4bd86e93-9946-454b-8908-0f733c71864d,"menurut gw sih tampilannya kurang sama gak lengkap kayak bni m-banking dulu.... btw gw masuk wondr kartu simnya gak dipasang , otp lewat WA sinyal gak lancar , kok lancar aja ya masuknya aneh bgt yg pada komen gak bisa masuk. sekedar informasi gw daptar bni via online di website bni.",2024-11-06 21:44:09
94fafdb4-dae6-4684-8567-9d705e9657d8,susah log in padahala sinyal enak banget pas buka wonder malah turun padahal lagi butuh banget malah kyk gini aplikasinya,2025-12-01 17:42:39
61a6d784-773c-4698-9da0-3fe248739bb6,mantap,2025-09-08 21:50:39
c3e6bfef-e00a-4eb6-9de0-319ffda1bd79,ribet mana ga masuk masuk halahhhh,2026-07-04 19:56:07
ab979aad-dd3b-4ed2-ae1c-23c6c58c49e8,ooke,2025-04-18 20:10:34
5b11ed63-635d-4057-9379-86077eba24b0,love you,2025-05-31 11:49:07
7ef8aadb-7993-4da8-8b27-a33a4de49552,"kereen, simple, dan lemgkap",2025-02-25 06:10:22
056d8c8b-d2c3-446a-95d1-ad0ea2d91ce3,oke,2025-09-02 15:37:51
7f6e02b7-f27e-40d5-8527-d96897672f62,"saya kemarin kirim uang 10.000 dari dana ke BNI saya ,tapi tidak bertambah jumlah saldonya, tapi distatus terkirim hmmm why?",2025-08-20 22:08:20
b27e0e0c-0d99-478e-a068-09d317d6c0b6,Good Job,2025-07-05 09:02:58
78330309-8d7a-4a6c-a7f2-dfc6a0e701f7,"saya kasih rating bintang satu dulu. tolong perbaiki sistemnya masa error mulu, menurut saya lebih baik aplikasi BNI mobile yg lama dari pada wonder ini. Karena semudah kopi paste nominal aja gak mau sih? kemudian ini tampilanya terlalu rami dg banyak gambar dan warna udah semacam buku gambar anak TK aja. kita itu orang dewasa menggunakan aplikasi ini untuk transaksi keuangan bukan untuk melihat gambar² dan warna² yg terlalu mencolok. mengganggu mata menurut saya. tolong lebih simple,,,,",2025-08-11 09:28:26
863143bc-23e6-432a-9d4e-eff30e71ee40,bagus,2025-10-01 12:15:36
e939ba9a-9efb-4c46-bba2-12990c1e0241,memudahkan untuk transaksi keuangan,2025-02-26 07:34:58
900f2160-60ae-4df6-9500-ea3022a77fff,"Wondr memang friendly, Cepat dan tampilannya menarik. Banyak fitur baru lagi. Wondr mobile bangking ter-the Best",2024-09-03 22:46:55
05db340f-1e7a-49e4-87cf-35d091c748b1,bagus stabil,2025-03-11 06:53:47
ee67cf3e-72cd-4f5c-acee-b2f5a4a4e778,oke,2025-11-23 00:08:52
7b286b3b-15d2-44e2-9b39-15bd4a0dc706,Lebih user friendly.. menyala terus BNI,2024-09-04 11:43:55
ba5d71d4-09ac-4835-9e3f-afef4aa6ffa3,"top cuman kurang bayak limit top up dana nya cuman 1 juta,,tolong di buat unlimitide ya,,",2025-05-04 23:43:28
070f6b6d-b0f3-470c-9981-60bd10c25cfd,Mantabbbbbb.........,2025-02-24 11:04:12
d342623b-e389-4f85-a252-8d471aa14c57,mantapp,2025-08-14 16:01:59
f398d31e-b835-4657-8862-7db1a2840464,semoga makin mantap,2025-05-03 11:59:31
2fba8334-dc01-43ad-944c-eb24399ee63d,bagus banget saking bagusnya sering gagal transaksi tapi saldo ikut kepotong 👍🏻,2025-11-02 00:38:22
5a218fd6-14d2-4b6b-af4d-37542fdf6ace,Aplikasinya enak tapi kenapa pas di update ga bisa login,2024-12-05 19:49:35
6ef3dd81-0054-4997-87e5-c7f98456c82e,bagus,2025-03-24 16:50:56
73a7f200-e076-4a5b-86df-ff2716176d18,Baik,2025-04-30 03:12:36
7663072b-5c13-4764-97c0-11f22ecbaf35,"Pembodohan publik ,bilang promo tapi tidak bisa d lakukan",2024-07-06 09:14:55
223ace11-3921-4122-9405-aa14f16d8c54,bagus,2025-11-18 17:52:55
d157662a-8704-4fdd-b2c0-8aa61e03f745,Ok,2024-07-19 11:11:45
2afe66a3-3abe-4863-a186-22b1d965da9e,"Pasang wonder karena di sarankan oleh M Banking, tapi selama pakai wonder lama di buka, bahkan tidak bisa terbuka sama sekali, sngat mengecewakan",2025-08-25 21:13:24
52c957c3-06c2-4a7c-82fc-60a082f3ddc3,"Aplikasi easy to use, keren pokoknya.",2024-09-03 20:43:42
fa6deb80-ab03-444c-921b-1e38947c45ff,sangat bagus buat transaksi,2025-08-25 19:13:21
c989ce4f-7722-4aeb-9f59-f17ffc1372b6,enak aplikasinya,2025-06-30 20:59:33
6991c266-b957-4162-934e-be92e4d9cfce,alhamdulillah sekrng sudah lancar lagi,2025-04-23 03:41:23
27dfce2b-75f9-44c9-b36a-2087da6f498b,nge lag anjing,2025-05-22 06:19:54
49469d43-bad4-46a2-a17d-5ed6294d227f,"Update itu di bagusin laa Ini minimal 500rb baru ada notifikasi, Lucu sedangkan bank yang lain aja keq BCA, mandiri dll semua sudah ada notifikasi minimal 10-50rb ini di wondr 500rb sangat tidak puas",2024-10-07 19:48:38
79b6d51e-7979-4df2-9dac-b7e256504379,segala kemudahan bertransaksi di genggaman.,2025-02-24 08:11:22
ccc2c215-591d-4893-9a0c-914e3a0a875e,mudah pengoperasiannya,2024-09-04 15:45:17
0991fe51-5742-408e-80e8-642d0e144932,terbaik,2025-02-25 15:45:36
62c01989-24ec-498d-a90b-bd5888dfdf97,"best banget wondr by BNI , buat transaksi lebih mudah dan cepat ⚡",2025-02-25 07:30:58
8ee018a6-e651-413e-8613-c67a8e9ebcc0,Wondr sangat oke,2024-11-10 05:26:47
fe0696a7-5ad0-4378-87ef-cf3825978327,bagus,2025-09-25 14:07:52
2dde2682-baca-4eb7-9ce3-3585681a937c,"Wondr by BNI bikin ngatur keuangan jadi lebih gampang! Fitur Life Goals bantu saya rencanain segala hal, dari nabung liburan sampai investasi. Investasi Reksa Dana mulai Rp100 ribu juga sangat terjangkau. Selain itu, transaksi harian jadi lebih mudah dengan fitur Bayar & Beli, dan isi saldo TapCash cepat banget pakai Express Top-Up. Buat yang sering jalan, tiket Whoosh juga super praktis. Pokoknya, Wondr bikin urusan keuangan jadi lebih simpel dan praktis!",2024-12-04 15:36:02
23a9b4a4-0d05-43d1-9991-f6d96124f3aa,"Super app dari BNI, lebih cepat, akurat dan aman",2024-09-05 15:09:30
f02f676b-649a-4d45-a99a-c73bd80326d0,Beda kelas dengan BCA yang tidak pernah ada gangguan di aplikasi nya. Mulai sekarang saya stop pakai BNI !,2024-11-25 21:39:07
6405bbd3-c366-4f1f-b1d6-26ee92fc7725,Servicenya mantap,2025-11-05 14:35:29
36daf42b-e68a-4921-84dd-6525baf692ba,baik,2025-03-01 16:49:46
8e270b4a-34c9-4d82-9de8-a011d998cb18,"saya sampaikan disini, tolong perbaiki sistem pihak BNI dong terutama fitur top up tapi cash sangat mengesalkan saya sudah top up berkali-kali laporannya masuk. tapi pada saat digunakan saldonya malah bounce masuk kembali ke dalam sistem. padahal jaringan saya bagus. bug seperti ini sangat mengganggu",2025-11-01 22:17:05
54ab0bb8-91c7-414f-9f72-b727bb9890a0,mantap...👍,2025-02-27 20:27:05
02abe59f-a656-4d12-b1f2-df2caa22bb5b,KEREN,2025-03-03 15:26:46
37be260d-d6ea-49c7-ba15-28d48bef886b,"Enak banget make nya, aplikasi nya ringan proses nya cepet dan ga ribet Desain nya jg unyuu TOP BGT deh",2024-09-03 18:43:59
61c6b511-0cc2-4356-90de-3cb8d61e734a,sangat baik,2025-09-28 05:55:19
0a8216cb-7fb7-465c-b8d1-59da3e79a178,"saat verifikasi disuruh kedipkan mata, padahal udah berkali"" ngedip tapi gagal mulu, makin gakjelas nih BNI",2025-11-25 08:30:30
36c2c1ec-8771-4935-b26a-77ec98891db1,Keren,2025-12-07 23:59:00
4540ccf4-8269-40fc-a78a-54ada58aee86,good,2025-04-09 07:51:28
c04d407a-198d-46e8-ba04-1bee6bfae9f4,bagus sekali,2025-11-02 05:51:14
acf3af82-686f-45a9-9f30-00178ba1f81d,"agak mahal juga potongan bulanannya harusnya bank plat merah, lebih merakyat dari bank konvesional soal potongan bulanan...hehehehehe",2025-09-12 19:19:51
15c78596-77b9-4b81-a9a6-f1674248f6a2,apk banyak errornya kocak,2025-12-01 17:44:25
5b005b23-eb9e-405a-8123-d882c9940666,mantap,2025-03-06 16:13:39
6e8f762b-f376-4d03-93de-704e09e40917,Harus lebih baik..,2026-07-03 20:06:37
65aca6f1-8649-45f8-b1fc-90997baeadf1,Untuk transaksi pembayaran sering gagal. Lebih baik apk yg lama dari pada yg ini,2024-12-13 03:55:01
35da477e-53f5-4b7f-aec1-864fb25ec1ea,"Tolong Bank BNI yang terhormat kalau mau ambil saldo orang itu bilang2, masa saldo 60.000 tersisa 480 padahal yang tertera di transaksi cuma 17.500, sisanya kemana coba😅",2025-02-09 21:08:43
14330406-d636-4722-a3bb-48c7a89e8804,Buat hari ini aplikasi nya lemot banget,2024-11-25 18:40:00
7c777391-6f99-4c9c-9517-cf8b6672229f,proses sangat cepat. bagus.,2025-12-02 22:53:04
43c54193-358a-4227-8410-2767e31d045d,praktis pemakaian,2025-10-13 13:15:20
295f2e13-406c-49fd-aeb1-eaf198cf5b24,error terussss,2025-12-01 17:03:48
ec926f39-2c2b-4293-a307-3cafe8bc7bba,Entahlah sudah terhitung 3bulan saya menggunakan app ini sangat bagus dan sangat membantu sekali Tapi karna kendala uninstal tidak sengaja . Saya jadi sulit untuk login lgi ..,2024-12-02 17:08:44
2b140fe2-3a44-4171-b1cd-b1bf4a364922,bagus,2025-09-11 08:36:38
47590884-848e-4d8e-ba6e-68ba032f5f84,Pakai wondr by bni lebih mudah dan simple. Desainnya mudah dipahami jadi transaksi lebih mudah,2024-11-30 22:36:41
c4124149-60dc-4a21-825e-fce523ee2e69,baik,2025-12-11 09:03:44
a488d92c-3cfa-4f9c-bce1-1c08358a6c8f,"Bagus Tingakatkn Lagi,,",2025-06-21 06:14:49
f2b16a8f-bc08-4cb5-99f8-8d7ea4aab891,Bang ini kenapa aku verifikasi wajah gagal ? Apa karna rambut ku yang gondrong tak terverifikasi apa gimana nih?,2025-03-02 16:49:10
98e1d044-a4d0-40c2-b423-b8d4d372c4d2,bagus mepermudah,2025-08-01 06:33:57
11138771-f314-4001-9588-60cc7df51040,"Tidak selengkap aplikasi sebelumnya, tidak bisa download mutasi kalo memerlukan mutasi rekening koran harus ke cabang untuk print mutasi, tidak bisa melihat histori angsuran kredit, pada fitur transfer rekening yg sdh ada di aplikasi lama tidak bisa digunakan di wonder walaupun sdh berkali-kali diinput ulang. Sebaiknya BNI Mobile nya jangan dihapus dulu sebelum aplikasi WONDR bisa memberikan pelayanan yg sama dgn aplikasi sebelumnya.",2024-12-21 08:10:12
d75e46e6-59e2-429d-a408-2fefc63b07eb,"Yang bener dong ini aplikasi,perbaikan lama bangeut katanya,SEBENTAR YA,TIM KAMI SEDANG PERBAIKAN.Perbaikan sampe 2minggu gak bener bener,uang saya kepotongan terus gimna si ini Appk,mohon kerja samanya jangan main potong aja ni appk",2024-11-25 22:44:32
76b5015a-eadb-4434-bbe1-d81886826cac,"apk lebih mudah d gunakan,trnsaksi juga lebih cepat.",2024-09-03 16:04:36
9a44236c-54dc-4bcd-ad81-d9f9983b0966,MUNGKIN TERHAPUS ATAU GIMANA TIDSK BISA LOGIN,2025-06-26 12:12:40
2291931d-ab81-47c1-9932-476ceb39cbab,"Kenapa waktu kita daftar, udah kita isi semua,tinggal pilih cabang, tp cabang nya gk keluar Kalau gk keluar, kan gak bisa kita lanjutkan",2024-08-27 17:33:30
9cfed4ec-2bef-4671-97e7-89b7fd392ac3,baik,2025-07-05 05:26:19
43f270ca-c737-4f76-b5e7-f2292bb7061b,knp muat ulang lagi aja ni aplikasi loggin eror terus,2025-12-01 15:22:19
fd592a3c-75b7-417e-8a68-14acc61c0b19,"baru pake aplikasi wnder by BNI ini, sangat membantu banget.. pilihan fiturnya banyak, aktivasinya juga mudah. sangat praktis dan mudah digunakan siapa saja bahkan bagi pemula sekalipun.",2024-11-30 15:50:31
25ba3d4f-7b30-450d-9313-2e0862af9394,kereeen dan mempermudah di dalam bertransaksi,2025-03-03 22:18:08
0b0dbc86-db3d-4eda-9d65-2bcef299fad9,bagus,2025-06-30 13:57:12
a698a7a0-d8df-4c4a-89e9-8dc24de2ce25,paling TOP dibandingkan dengan yang lain,2025-04-13 11:05:54
bfeb5752-629e-4b14-ad90-de823e8e0ab0,"mohon infonya min , isi ulang tapcash yg gagal melalui aplikasi wondr ini , berapa lama pengembalian dananya ? yg saya tanyakan berapa lama pengembalian otomatisnya , apabila sdh 4 x diupdate balance tidak masuk jg saldonnya",2024-07-12 18:47:55
6f5c29c3-b8bf-4092-bcc5-a7cd0a35447d,bni ok,2025-11-17 20:07:43
f9cffb79-fba7-45d2-9694-9ec1ee4bff6e,"Suka banget sama aplikasi wondr by BNI fiturnya Lengkap Transaksi apa aja jadi lbh mudah dan Praktis, Kapan aja dimana aja gak perlu Ribet, Puas Banget Aplikasinya Lancar Jaya, dan Fitur-fitur nya super lengkap banget",2024-12-03 13:26:26
206d5524-fd7e-4b5f-93a2-8d307a1252d0,"Apk WONDR BNI sangat memuaskan. Aplikasinya sangat mudah digunakan, dan semua layanan perbankan seperti transfer dan pembayaran tagihan bisa dilakukan dengan cepat. Selain itu, fitur tambahan seperti pemesanan tiket dan belanja online membuatnya semakin praktis.",2024-12-02 12:55:53
6730cfaa-cf99-4c8d-a189-e7d08c945049,"aplikaai sering force close, jelek sekali",2025-03-28 05:31:21
342ff7bb-9a31-4b9a-b055-9169b47c7639,memuaskan,2025-10-07 18:57:50
bafef71f-9db8-425f-8d76-9477c48ab3a8,sangat membantu thks bni,2025-12-12 19:35:47
e7be0828-91ce-4631-904d-aae4a0ea11ad,"Tampilan sudah lebih berwarna, untuk fitur masih sedikit dan jika memungkinkan ada fitur KPR Rumah untuk independent builder tanpa PT ataupun CV seperti saya, dimana saya bisa ikut menjual bisnis rumah saya via aplikasi wondr BNI",2024-09-03 13:36:25
17e366f2-7d0c-4d55-b58a-df8d95351268,"Kenapa tidak bisa login fitur lagi tidak tersedia sebelumnya aman"" aja",2024-11-25 11:37:28
818beab0-4f13-48e1-90cf-af4a13f74296,mantap,2025-07-04 14:49:35
818e662d-0995-41a8-9276-d7e4128a167c,oke,2025-07-05 14:05:28
4726f6c0-5c9a-43ec-b324-dce1a21d177b,bagussss,2025-09-15 06:09:49
d53229bf-e361-4228-9205-38847a514542,Tolong disediakan top up e-wallet ovo dong,2025-02-04 10:45:26
0b4d0347-290f-4067-9e94-62267c16c1c8,gtau gajelas aplikasinya masa lagi² disuruh verivikasi data tiap mau transaksi katanya salah pin padahal itu pin udh bener baru cba 1 kali katanya udh terlalu banyak mencoba apasih gajelas banget dikit² akun bermasalah,2025-03-17 06:59:59
4f88ea05-c8fe-47e8-956b-27c04694eb28,pelayanan terbaik wondr oke banget dech ...,2025-12-13 18:58:26
542ad56d-291b-49c5-8373-6a202103b126,cepat pke wondr membantu sekali,2025-03-26 12:07:36
2e7fa346-1020-4cee-b9d1-e929ccbf0ccd,sangat membantu memudahkan nasabah,2025-08-03 15:03:03
b2d5cf67-c24d-4fce-a6f3-7afef5edc140,bagus banget,2025-06-20 12:39:30
2c0648ee-dafa-42a1-9ca2-c6ac5d243f65,Kode OTP ngk sampai2 ke email.,2024-10-02 14:21:36
1532b16f-db8e-49ca-87be-e4adc1b627d5,masa makin kesini makin eror tolong segera perbaiki karena kita mau bertransaksi terkendala trus,2025-12-01 16:03:42
ca5d5c53-630b-4304-a67a-b961c7989164,no good,2025-05-05 09:24:36
7a72e4ee-e04c-4dc3-a358-a174944df5f3,sampai saat ini baik👍,2025-08-25 14:09:05
85aa9ecd-55b4-402f-b7bd-d80dacf2055a,sangat memuaskan,2026-01-05 17:12:28
378d6d2a-64a2-45a5-94d0-e9b853175e24,Loadingnya wonder sangat lama....,2025-07-28 17:44:15
6d3e6a2a-9755-4f30-84a7-f74c86c7ded3,sangat terbantu sama aplikasi ini,2025-03-08 14:11:40
6f6f31c6-b5c3-4a9f-9e0b-a5548a5281c8,sangat puas,2025-10-10 09:21:38
5caa8d12-6391-4c12-8b55-5f7cde51b1bb,Baik,2024-07-17 13:33:55
71e8dad5-6c70-4ff7-965a-aef1d01b81b0,"Aplikasinya sangat kereeeeen,kekinian dan akses lebih mudah,makasih yg udah nyiptain aplikasi ini🥰",2024-09-05 08:50:50
c97a2421-42a3-4062-9fdf-f0a0b2c5aa15,mantap mempermudah,2025-05-31 12:52:42
e2068117-5a94-4d1a-bd21-1f67fa96d05b,verifikasi email gagal ters,2024-09-05 16:11:43
e9538734-6b68-4f4d-9843-20df73c4c9be,cepat banget buat tf,2025-04-06 20:42:19
575d31fd-3adc-4a74-b2b3-8843289eaec0,Apk apa ini hmm,2024-11-25 22:11:59
d2085c58-0026-4cdd-932c-cf757aba6a3e,"mudah,cepat, simpel",2025-09-24 15:15:39
d1a9f895-050a-4b90-aca4-91df81289537,mantab,2025-06-24 13:15:19
0a572503-edcb-47ef-bc1a-fb6110da9c01,smg lebih baik lagi,2025-07-03 10:14:47
ac21a128-78e9-4153-8ea9-26131e6ba8d3,sangat menyenangkan,2025-08-01 14:59:15
3a6eabc0-d1ee-4bc8-bc02-aebd86a2a5c9,👍baik,2025-10-31 07:49:18
51ab1d37-1bf5-457b-85f1-fde8309a44a3,josss gandos app nya,2024-09-27 21:59:19
9f06c972-bd64-46c5-99b9-16da9ca88ee2,sangat membantu mobile wondr bni,2025-03-10 21:47:56
b81c2c91-3ef5-4299-b82e-2179a185a567,Cakeplah,2024-09-03 11:58:41
39ef9398-b76d-4100-80a1-65029cc984e9,"Wondr sangat membantu dalam transaksi. . Mudah, cepat dan praktis. . . Wondr by bni jadiin maumu 🥰🥰",2024-09-06 10:39:03
fc0bcbe2-6f34-42af-88bb-73a84f055545,bagus,2025-10-10 00:35:29
fe356eb6-87a6-4539-abb2-a3d688924113,mantap keren banget sangat mudah cepat dan aman dalam bertransaksi👍👍👍,2025-11-06 07:51:26
3b7852d7-a4e1-465c-bcea-c62c5f7f0062,cepat,2025-07-10 12:39:38
e9fa3cf4-a806-4147-91c3-806da95ca107,Mantaffff wondr bni👍👍👍👍👍,2024-12-14 15:26:25
303f8d01-9694-44fd-995b-9181d5d08a70,"tidak bisa dibuka sama sekali wah payah ,masih bagus bni mobael banking , kalau ini slalu terhenti dengan sendirinya",2025-09-01 15:36:23
61f3f11d-8e3b-467d-83ad-33eb373081db,ok,2025-03-06 23:47:07
10420057-7359-4e58-8feb-5d94ab064b65,sangat bagus👍🏻,2025-07-13 23:19:51
eee0d41e-f3af-449c-b0b1-821ec08f7416,sangatt puass,2025-04-22 15:02:13
db9bca58-36e5-4be0-b06d-2eed87e49658,"Mudah digunakan, tdk ribet.",2025-06-13 06:42:21
27ba28b3-e144-4223-9837-7e4568ada105,bagus,2025-07-08 14:19:17
119a6679-eac6-4f8e-be46-f20ea5f79c49,memudahkan semua,2025-03-14 17:41:42
5294edbb-7c99-4cb0-9d7f-19029f301634,sangat terbantu,2026-04-06 11:22:32
bd3f2568-5214-4856-953e-b9b5f92296d2,bagus,2025-11-07 19:41:01
7514a9b7-2994-4f9b-810b-75ec606dd79b,"aplikasi sangat bagus cuma untuk fitur transaksi Tanpa kartu Masih belum ada, untuk mempermudah transaksi kode otp jangan pake pulsa 👌🙏",2025-03-25 19:48:52
72458eb4-5417-4e08-879d-00363a569494,Aplikasi wondr sangat memudahkan untuk bertansaksi. Jadi simple dan praktis. Proses transfer dan pembayaran jadi lebih mudah dan aman,2024-12-03 00:27:31
b1593efc-b021-4c43-8623-4030c93035b7,baik sekali👍,2025-07-27 10:49:40
22a142c5-1590-40b9-9c20-4d8eeeb34df8,mantap 👍👍,2025-07-23 11:15:47
f594ea71-803c-420f-aa8f-8892492eb166,sangat membantu,2025-09-06 19:48:36
7f4d233b-a29c-4359-8d89-e08f4270abff,Belum pernah biki m banking BNI . TPI pke apl ini bisa langsung masuk dong mantap ⭐⭐⭐⭐⭐,2024-10-17 22:34:27
ff3c5787-900c-4d91-a4b0-2ecdde1b9aca,"Apk mantabb,kita lbh bisa memantau keuangan kita dr oengeluaran dan pemasukan ,,terimakasih WONDR by BNI semoga akan lbh bagus lagi sesuai kebutuhan kita",2024-07-08 16:59:59
56a4ea2a-495d-4585-897e-a361dcfc9f92,bagus,2025-07-26 11:27:04
25eaf79d-b047-4e38-81a9-c6857995af7c,Bagus,2024-07-19 14:38:16
1bad24b8-0b59-4eb1-86ba-872724d30ee1,Sya sangat suka dengan aplikasi wondr ini pembayaran listrik dan PDAM sya sangat mudah dan cepat prosesnya ni,2024-07-31 18:48:59
891d76e2-c043-4230-ab31-35550e6e9b76,mantap,2025-03-02 14:11:39
18abd96d-a90e-4c40-9331-25e394756157,aplikasinya yang sangat bagus dan memudahkan nasabah,2025-11-17 13:22:56
5d34a315-d9e5-4ea0-9a66-be88b0ee0af7,"Tiap malam gangguan mulu, Tiap buka ada nongol Fitur sedang tidak tersedia.",2024-12-09 22:30:25
a7e5bea5-3243-4ecb-907f-9e786f9ed978,Transaksi jadi lebih mudah dan promonya sangat menarik,2024-09-03 13:49:34
33b94b68-89db-40a5-bb67-8fe7c7b5dda9,bagus,2025-03-06 19:54:51
fb8fa5ad-053f-4aec-b72c-3fb0d41709a5,mantap wondr,2025-02-25 13:27:51
57650a9c-8a7d-4de6-8219-2d47f2b4d7dc,"FITUR PINJAMAN DAN KARTU KREDIT BELUM ADA PENAWARAN, TOLONG DI BANTU MIN🙏🙏",2025-08-19 10:43:00
be8b660e-7002-424d-99a4-08848fc8a820,good,2025-11-26 19:53:43
c9ce885e-3798-46a4-96cc-58652e9d1365,jos banget,2025-08-19 01:25:11
c5483097-b22f-4afa-ad47-cd0bcdf32ec5,mantab,2025-11-18 10:55:39
f5f1936a-5bfe-4976-b3e9-4958e3650ebe,keren,2025-02-28 19:53:45
4ca8fa03-b946-4f99-8420-21aa77fce809,Hayukkkkk,2025-02-19 10:56:18
60535dea-22e9-4305-b992-0c0816ceb198,"Sangat membantu ,dan mudah di mengerti",2025-01-23 02:27:08
138790aa-bfb3-4562-9ac7-bc7837e8412d,mantapppp,2025-03-13 08:42:39
87570e9b-012a-4c6a-b486-f2c5e1ec1263,Kereeeen bgt......,2024-09-03 21:57:10
4f4158e5-f88a-4525-88d9-c506b4f43283,top,2025-08-31 13:11:52
5686a68e-6a1b-463a-b105-1a9698bb48e2,"Terlalu ribet pembayaran2 hrs dibagi di BNI Mbanking & Wondr. Kalau bisa dijadikan 1 saja, biar memudahkan costomer. Terima kasih",2025-05-02 21:57:37
b673b5bb-0a8b-4e15-accb-10505735e98d,bagus,2025-02-25 04:51:36
1d1c527c-deb3-4f9c-97b6-c511981a633f,mantap👍👍👍,2025-02-24 15:13:12
3adbb913-2352-4d2e-91c2-7e1506062036,mantap,2025-02-28 12:54:56
48b8b415-fd6a-4274-88c9-694b485877b6,baik,2025-05-05 20:23:06
7dec7e9c-40c8-4ddf-a9cd-79f26a340837,mempermudah,2025-02-27 14:00:19
f94a07d8-5316-4b18-9d0d-ee31b9d619ac,terimakasih atas layanan yg baik,2025-06-19 11:11:36
3da596b0-a6d1-4567-8625-735241775055,sangat membantu,2025-12-13 17:44:21
67840d6b-7bc2-48de-ac44-180d1d6e8c1f,"Alhamdulillah mempermudah segala urusan TF dan pembayaran, terimakasih wondr",2024-12-12 11:30:11
234c9abd-8f67-4c50-a876-e34d2a89eeda,Sudah lumayan bagus aplikasinya.. tpi ada kurangnya Wonder by BNI knpa klo ada uang masuk maupun keluar tidak ada notifnya? di email jg tidak ada? mohon infonya..,2025-12-13 11:28:54
88f5cde1-a64b-44a6-86a6-619660ae31be,jos,2025-10-05 18:03:12
2ccfb168-a869-40d3-b2b5-5e1bba8c9727,mantap,2025-04-16 20:38:16
78f726b4-0d35-4b06-8fe5-3b8d2d761e30,sangat bgus untuk transfer antar bank dan dana.. terimakasih🙏🙏,2025-07-24 15:15:38
194605b5-1f93-472c-8417-371751b79af8,kereen sich untuk skrng ini,2025-05-28 15:35:41
f8b3cc34-7048-443d-9331-ab09244a91fb,mudah & cepet,2025-03-19 23:04:17
abf90627-bece-4fdf-a748-5fe90429aa86,mantap jaya,2025-09-11 07:24:31
fa259af8-4e01-4cda-b40e-e3bd29995d50,mantap,2025-12-04 15:23:55
4540a542-1ba3-4d87-845f-1ca71f6299f0,Bagus sekali,2024-07-11 10:27:58
b480f0e7-989d-42d6-ba41-a0a93ac85be7,Coba dl,2025-02-25 14:01:52
4f3adc1f-75de-438c-8f9d-8aa30a03cc7a,"Tampilan msh lbh suka bni mobile yang lama Dftr favorit cm 200, jd byk yg di BNI mobile banking g kepindah ke wondr Sm ini dr siang kok gak bisa dipakai tulisannya ada kendala tp kata teman bisa, masa di HP sy sj yg ada kendala, solusinya apa? Semua sdh diupdate, sinyal g ada mslh, aplikasi smp byk yg diuninstall krn kirain memori penuh, uda clear cache tp ttp muncul notif ada kendala",2024-10-22 22:00:17
b96f3481-23bb-40c7-8c0d-8b948c612688,Aplikasinya kenapa ko perbaikan trs butuh banget transaksi malah ganguan secapat nya di perbaiki..,2024-09-19 11:53:24
f6c8d377-4b7e-4cd4-8492-dbd55ed11913,"Aplikasi ini sangat bagus membantu sekali,.",2024-12-04 13:06:03
2a668e45-3e87-46ac-8f82-2c124767b5f1,Baik,2024-09-26 11:42:50
ab1dd406-95dd-4b18-be66-2fa258354a8e,"Fitur minim, ngapain sih ada wondr? Sorry, dislike it.",2024-12-14 02:22:28
e037cd1d-5b08-455b-88ec-4be6fced71a9,lebih agile aplikasinya...ngga pakai ribet,2025-02-25 07:16:05
ce253271-9919-46b8-9d68-494bb74534c3,Bagus,2025-08-05 16:53:38
562fd00a-9c33-4a19-8eec-d2abcbe5991b,ok banged mudah untuk segala hal,2025-10-03 08:07:08
8bca0635-bef8-49fc-bddb-b441e8122dc9,kadang lemot pas buka aplikasi nya,2025-10-17 16:22:34
bf736c54-bda2-40e7-8523-6f02db6441b6,sangat puas,2025-04-16 21:33:23
160e0511-43d9-48fe-bc28-b669df65a2c4,wondr 👍🏻👍🏻👍🏻,2025-06-06 10:11:37
5c227606-5b7d-4a24-ae79-c2ce6d3f7c65,baik,2025-04-16 22:19:06
53907152-0d09-4eb3-822d-531d5ed388a9,Aplikasi yang sangat bagus,2024-09-03 19:42:57
8e1cec3e-dfc1-43d6-ba76-b42d1f9fb158,"Mantul, saya suka pakai aplikasi wondr by BNI",2025-03-04 21:53:46
588187c5-69b0-4fba-a6cc-fb6af09b10f9,aplikasi g guna verifikasi mulu setiap mau di gunakan,2025-08-11 16:54:43
15abd8a4-012c-4cf5-b41f-f2450aeb52dc,"mantul ,,, lebih cepat lebih praktis,, tapi sayang sering trouble",2025-11-11 00:32:44
818d1811-1d66-413a-a792-595168a8195c,"aplikasi kalo lama ga dibuka harus verif lagi, sudah kedipkan mata tapi gabisa bisaaa, mempersulit",2025-10-31 15:04:38
f829df3f-13ec-4479-af12-def5ea3380ed,sangat baik respon cepat,2025-08-27 06:27:51
31313569-24a9-4de0-8929-f6bd4f7ac87d,good,2025-03-08 20:06:01
ca52260a-ed33-4285-a39f-90e87a588c05,"Aplikasinya mudah diGunakan tdk ribet, fitur2 nya juga Sesuai dengan Keperluan aku, sejauh ini tdk ada kendala selain Jaringan yg kadang naik turun blm s'stabil sperti Mbanking BNI sblmnya,namun secara keseluruhan sdh OK aja.., terimakasih BNI sdh membantu mengatur perencanaan Keuangan Aku...✨️✨️✨️🫰",2024-07-16 17:28:22
66bc61f5-130a-4e9e-9d8f-59dfd71195e4,"ini wondr by BNI Knapa ya?, saya transfer sukses tapi di email blom sukses dan di penerima blom masuk tapi saldo udah kepotong. mohon bantuannya",2025-08-23 09:36:51
48a1cf96-3672-413c-8dd2-36eb5d0da57a,mantul alias mantap betul,2025-03-03 18:54:13
09a633b8-ff7a-4740-93ec-904b75852892,Pembayarn lewat QRIS sangat cepat. Pokoknya Top Markotop 👍,2024-09-06 01:32:34
d477c610-e569-4902-b92f-3cf14633a1c4,"kerennn untuk analisa, transaksi, dan merencanakan keuangan jadi lebih mudah",2024-09-03 13:50:29
885d00d5-b4cd-486a-a36a-1c07aaf47ab1,sangat bagus,2025-11-10 16:48:14
1553ddd8-5296-4ee3-be04-100ada2b76db,Apk smngt membantu tpi Tolong lah jngn sering update2 trus aplikasi nya duhhh,2024-12-12 22:58:16
f4eb2e08-d9d3-4c0b-8191-d0450cfdba87,"Waktu awal muncul bagus banget, sat set gak lemot gak berat, sekarang makin di update malah makin berat, mau login loading lumayan lama, fitur tanpa kartu cuma bisa tarik gak bisa setor, notifikasi juga cuma minimal 500 sedangkan di bawah itu gak ada notif kayak gak butuh uang kalo di bawah 500 gak ada notif, gak bisa ubah alamat, no HP, Email dr aplikasi dan sering maintenance trs😌",2025-08-02 21:59:12
fbae3270-3e34-410b-8b91-742343242b05,"Setelah update kog malah gak bisa akses, masih bagus aplikasi mbangking yang lama, gak pernah ada masalah. Apalagi saya dengar sampai akhir tahun aplikasi yang lama akan berakhir di ganti wonder, padahal aplikasinya belum sempurna, pasti akan banyak kendala dan masalah buat nasabah terhadap pemakaian aplikasi wonder Kendala nya adalah saat masuk wonder tidak masuk pilihan, Alhamdulillah sudah di respon oleh BNI, aplikasi sudah bisa di pakai normal, terima kasih",2024-12-21 13:19:29
0866b783-3757-4999-9b58-6138959b14b8,oke,2025-03-27 10:22:38
7f612ccc-0d9d-426c-ada7-b0d18c23542f,"sangat keren saya suka banget kenapa bintang nya aku kasih 5 karna aku suka,,dan sangat bermanfaat untuk masa depan,,tabungan paling nomor satu",2025-10-06 14:32:19
f5cd2a8f-90bc-4709-9542-6bfb25ad20ad,Semakin memudahkan dalam bertransaksi,2024-09-04 07:50:55
6a206a35-b2d0-41a3-aa8a-81066b719309,"Buka loadingnya lama banget trus error, padahal internet speed 35 mbps Pengen cepet malah bikin kesel",2024-11-25 14:54:17
5e407da6-9f33-4929-beb6-660c89f0fa5c,bagus....,2025-07-09 14:50:19
5a7d689b-623b-4b0b-8be1-c87453d27489,bagus cepat niceee....,2025-07-03 18:37:01
c7aba07f-2266-4f44-b760-10caff8bd229,Pembayaran scan qris bak kilat mendeteksi kode barcode jauh lebih cepatttt dr aplikasi apapun yg masih butuh beberapa detik camera/ pencahayaan mendeteksi kode barcode 👍👏🏻 tak terdugaaaa dahhh,2024-09-03 21:46:40
7b313eea-76a0-4d4c-922d-47494e706081,sangat bagus,2025-07-10 12:51:28
3323b051-78b0-43ae-b834-a6b2a16dc336,sangat bagus👍👍,2025-07-26 09:28:45
41b50cad-3687-4070-8fcf-09f7f486d5ae,Gacor kang,2024-09-26 22:22:25
f9a646f9-0bc7-4279-83e6-50380f371dea,sangat puas 😍😍,2025-03-18 14:48:50
ba1f23b7-0d45-4f01-96a7-4b357027c64c,mantap,2025-05-24 21:37:34
629b2cbb-5377-4add-82e2-26e651b17cea,Aplikasi keuangan yang menarik dari BNI untuk memudahkan transaksi,2024-09-03 19:15:48
a2e71b40-9c81-4b7e-823e-2ef468cc1b9c,"aku top up gopay lewat wondr by bni, saldo di wondr berkurang tapi di gopay gk nambah, kira"" kenapa ya? aku udah cek di transaksk wondr berkurang saldonya 😭😭",2025-04-10 13:27:21
4bf7f856-82f9-4526-99cd-370680407cf5,"Aplikasi wonder BNI masih perlu perbaikan, setiap ada uang masuk di hari sabtu-ahad gak terbaca riwayatnya dipemasukan. Nti terbaca riwayat pemasukannya dihari senin.",2024-12-14 20:48:14
f870ea90-3741-4d6b-b5fe-5195cfd33183,mantap mempermudah dalam transaksi,2025-05-26 15:57:35
43ce438e-b23a-4429-98cf-39a9ca995216,"top up ewalet cm bisa 2jt 1hr,beda sama mobilbanking bni46 bebas limit nya..tolong msh bnyk kekurangan wonder ini..d perbaiki lg..biar transaksi lbh enak gampang ga bingung..menu2 juga msh ada yg eror",2025-04-27 21:13:08
2cd411ad-5fe6-4e3e-af25-32b041cc7803,mau transfer malah ngeblank😌🤦,2025-12-08 19:03:46
b368464c-9123-4619-bd09-3ca2edda6517,Sangat baik,2025-04-08 17:38:01
a3abb318-774f-429e-adde-de64f187672f,masi lebih baik yang sebelumnya. bisa cek tagihan cicilan bisa lihat cicilan rumah dan lainnya. di wonder hanya bisa lihat tabungan sama kartu kredit,2024-11-01 20:52:56
16cbf4fd-1eb7-4d43-a0c8-286fc5151d3d,keren,2025-03-27 08:56:14
8ccd3934-0717-4d58-8cf9-d2b66ca472ff,mantap,2025-07-15 09:35:55
717ae551-bcc9-4899-8fe0-691d20d2ee47,Maintenance nya lumayan lama yah.,2024-11-25 19:19:22
1d1b467f-719b-4d48-b866-f78cb69c2bf9,Aplikasi kocak maintenance di jam krusial siang bolong,2024-11-25 18:13:23
2b703a01-254f-4e3b-9ee2-80784032a137,sangat mudah,2025-05-22 09:36:03
3acdbabc-e704-403d-b5a3-1e6426c93624,apa yg terjadi dg wondr bni hari i 1 hari full tak bisa login status perbaikan trus,2024-11-25 19:58:38
de94577b-792f-44f4-a6b9-d562aaae0254,Sungguh bank yang dzolim luar biasa uang yang ada direkening tidak dapat diambil karena rekening saya diblokir. Gunanya apa sih???? Saya pake untuk bayar kuliah itu rekening. Kalian memang semena mena ya terhadap nasabah kalian. Kalau bank ini bankrut dan hancur itu salah kalian. Jahat ke nasabah dengan memblokir rekening yang nganggur. Kalau memang mau memblokir karena takut ada transaksi yang mencurigakan gak gini caranya. Kalian itu incompetent ga becus akal akalan kalian blokir,2025-09-23 16:56:57
18d4676c-7d41-4394-8a89-f46d5c25f9c0,ok,2025-08-22 14:44:55
196c20a5-9403-4e25-8249-ea30ea1d96ef,aplikasi wondr by bni mantap,2025-10-07 18:29:27
33d48218-4ede-4783-a2a8-a3eab5fdf063,Bagus dan mudah,2025-04-02 09:23:12
e9b38153-9ae3-4b1d-8c7b-d8f10b23254c,"Sering tdk aktif, dan minta diaktifkan, kok sering bgni ya",2024-12-04 19:07:15
36e38422-0e32-4839-87f8-5fbc98b1550d,"Aplikasi BNI mobile lebih lengkap daripada wondr ini, minimal ada riwayat transaksi seperti BNI mobile lah yang bisa ngeliatan total uang setelah nerima uang atau sebaliknya Ini malah lebih ribet, mana update nya tidak real time lagii *saya revisi bintang nya jadi 2, rupanya bayar ukt gabisa di wondr (yang bisa cuma UI aja) TOLONG APLIKASI NYA DISEMPURNA KAN TERLEBIH DAHULU",2025-01-03 22:42:40
61196384-197b-424c-bcc6-06e6196c2ff1,Oke,2024-07-08 11:19:19
d0c64400-f917-491a-8d7a-877e058e1738,gOOD,2025-02-26 16:09:36
46a276ce-8bf0-4ea0-8648-c730625b67c7,"cepat,aman,hanya biaya transaksinya",2026-01-09 09:17:52
a9fdc36a-59a0-4827-8d74-db6e289d1262,mantap,2025-12-03 19:36:16
5364fba1-65e1-4da7-a614-d386d52e6f10,ok untuk pembayaran sehari hari,2025-11-29 06:33:50
35bf7044-c255-47b8-a6a3-cb242e8e56b9,"kode otp lama banget ke gmail lama banget, minimal kasih opsi ""nanti dulu"" jangan pas login langsung disuruh verifikasi email. lama banget kode otp nya giliran udah gak di apk dan waktu tunggunya habis setengah jam baru muncul kodenya. mana udah kedaluwarsa",2025-08-29 22:44:56
71771436-2238-495c-99f6-866019916474,Aplikasi ini susah tolong di perbaiki pada fermentasi wajah pasti susah Sangat menyebalkan,2024-11-13 13:22:31
d1b64574-057d-4c20-b310-438c3fa27d58,sangat membantu,2025-10-22 18:19:53
e43a5805-049b-4d41-9aa9-8a12f8efa53e,Aplikasi sangat simpel dan jelas,2025-07-30 08:01:58
b1302f89-ebb5-486c-ae5b-89310f48fbd0,Jadi tidak bersahabat,2025-12-01 20:07:12
a667c12a-cf94-4fa8-be27-41e2bded7734,mudah penggunaannya,2025-06-29 10:42:26
14697977-099d-47c6-8f1d-dd4904c246b9,baik,2025-03-23 09:18:42
a2962b93-a736-499b-8c5d-f9bbd54946cc,semakin mantap 😁👍,2025-11-28 08:18:49
8eded4ee-1b94-44e3-92d8-41a18b9874a2,selesaikan telfon dlu Bru TDK nelfon apa.itu,2026-07-03 18:55:01
2184f9cd-2faf-426a-a486-966c16b96261,good,2025-07-11 22:37:04
2effa1e2-e3e3-442c-8579-3f5e9b515269,ini knp ya apk saya GK bisa di buka harus ada verifikasi tambahan,2025-09-07 10:01:22
20838354-37dd-4c00-b39d-2abd6f380898,ok jos,2025-10-09 22:43:27
50d1a804-d017-404e-8f4b-f4ff1cec2224,Lebih bagus praktis,2024-10-30 12:14:49
c925a0d1-ce55-4196-90d8-43128b93fe57,good,2025-09-18 13:35:44
f6729db8-8e40-491a-85ed-7292df908749,cukup memuaskan ada aplikasi ini bisa membantu dari penipuan,2025-08-26 13:34:23
49da6ec4-1841-4b36-a771-8e0eb866873c,Alhamdulilah,2025-11-10 17:19:22
f78cb37d-90dc-47bf-b41e-a28d1f52f84d,"sangat membantu sekali karena lebih terperinci dari historynya, kalau sewaktu² lupa tinggal di lihat dari history kemana z uang yang keluar",2025-02-23 13:27:29
23bb7f86-2c83-49e2-8cc5-0e2268d2b450,"pertama kurang puas dengan adanya kendala yg saya alami tp saya sangat nyaman menggunakan apk ini, menurut saya sangat terpercaya dan aman! semoga tetap amanah ya dan semakin sukses deh!",2025-09-27 14:18:38
67cd2a74-cd18-4a29-9e83-592c07e95a0a,good,2025-05-24 16:54:34
1dbabeb5-bbd2-47bc-8f73-79d2088895ae,Aplikasi Banking terbaik,2024-07-27 02:23:11
fd51dbc8-05af-42e0-83a9-2c4ac66310f9,Wahh aplikasinya sangat bagus Cocok buat kebutuhan saya,2025-01-09 01:31:35
be449a02-94f7-46dc-93fc-044cc770bbca,ok,2025-08-06 21:52:22
90f183bb-efb8-45a4-854b-cfd182cd8dc5,Bagus...semoga keamanan lbh terjamin lagi,2025-10-03 16:06:15
19d3f14e-f067-44c0-b7e6-836bab00310f,ini kereeeeeennnn banget..👍👍,2024-09-03 14:33:59
080b2a84-b665-4bd5-9f12-628d056c1e54,"jelek nggak nggak layak dipakai bercanda bercanda hihihi 🤫🧏,0",2025-05-12 13:02:58
028739bd-08a7-4645-9fcd-c363ab988ab8,Wondr sangat the best 🙏🙏🙏,2025-07-09 11:17:14
321f7737-2d37-4975-b557-bfe638cc7902,kasih dua bintang dulu,2025-04-12 17:37:36
174fbb52-054f-4d7f-9913-47f91889a43c,sangat membantu,2025-04-22 19:52:10
48e9815b-7b35-4842-9762-2a9e8b082061,Aplikasi mobile banking yang memudahkan nasabah dalam bertransaksi secara online.,2025-03-05 15:58:53
ff26273b-af25-4738-a1f2-b34af2e7b8f0,cukup baik,2025-07-27 04:48:30
e1e18015-8ff3-4cfd-ad3b-de89a6a0d72c,aplikasi macam apa ini sekedar verifikasi email saja tidak bisa,2024-10-01 13:42:42
a7e43135-a0d5-4caf-bbd5-38ca412272a3,Bayar QRIS tp lambat tanpa status keberhasilan yg jelas. alhasil bayar lg pake BNI mobile dan saldo saya tersedot 2x.. gimana ini? dan minus 1 lagi tidak bisa caption transaksi di riwayat,2025-07-05 13:05:45
c5141e00-469c-4a03-a509-b68f2cadeb21,"Mudah digunakan dan fitur display nya, anak muda banget.",2024-09-04 15:53:09
b9118876-d46f-4333-b4f4-022b760712bc,mantap,2025-05-26 23:49:10
a97069a0-e510-4b62-87fb-7b0c818b4738,tiap mau masuk apk loadnya lma bgt,2025-09-10 12:04:45
7a83c317-c632-44e1-98aa-cfabc6b5c01c,Aplikasi ini sangat berguna untuk saya. Mudah dimengerti dan mantap sekali.,2024-11-30 11:08:37
c4523d79-bf59-449c-bc44-ebccd9edea0c,sangat membantu,2025-03-09 23:20:04
a37071a8-60f8-4a92-887b-d7669c45ed79,gak ada notif klo saldo masukk ..,2025-07-20 13:31:35
46c3dde5-ed0e-4bc1-b111-40efa00f2e99,"ini kenapa dh eror. syaa mau kirim foto tapi GK bisa sih. ada tulisan ""kamu tidak tersambung ke wifi"" padahal saya maket wifi saya. sama teman. tapi tetap eror notif nya Saman",2025-10-23 12:24:15
58b88996-3b88-4839-b13c-bdba0e3cf195,bagus banget,2025-08-25 12:23:05
9d6a1dd6-b226-48a2-923d-d63eda729917,cepat mudah prktis tingkatkan terus...,2025-02-22 10:07:44
cf0d21c6-5f20-475a-a1e9-1df5fb1d0294,notifikasi uang masuk ada tapi saldonya ngak bertamba,2025-12-08 15:42:59
4cb00aa1-7e69-4357-992c-5a3cfe107cef,josss,2025-08-15 16:55:15
658adc00-cb0a-41a1-8c85-52cdf179f5f2,Kalau blm siap jgan buru di luncurkan dong.. Dan mobile banking yg lma jgn di eror in,2024-11-25 22:14:52
3cb1c292-f4d3-45ab-b765-5dd69bbb634d,lancar jaya,2025-07-23 23:51:43
48d6ea92-204f-4dd7-a6ed-2ff0494e429c,Sangat mudah digunakan dan berguna...,2025-06-12 11:31:40
f8c7fc96-74d0-4692-88ec-2bdc84888789,tingkat wondr sangat membantu,2025-03-07 20:53:29
f94be8ac-24de-43b8-a929-c8c6d7f11c14,sip sangat membantu pada nasabah,2025-03-20 14:03:01
bdd885a1-0d5f-4b38-af24-36f4a87ab6c6,good,2025-10-31 10:14:19
7498c567-4116-45c1-9e71-99f0e276c2e7,"kalau tiap jam 12 malam error terus, waktu jam pemakaian babi jd terhambat",2025-11-09 00:47:57
aa6669c0-fcf1-4070-9c76-84738b5092d3,sangat membantu,2025-05-26 04:38:17
dfddf8c1-0703-4e68-85d1-3b73cb306ac9,"Lemot banget, traksaksi bisa dobel kadang gagal. tolong diperbaiki",2025-12-07 19:28:44
84438705-1587-4faa-8279-25ad045dd103,mantap,2025-12-08 15:40:40
b2a44604-7ee8-4ef5-a908-93184e2ba588,bintang satu,2025-07-24 08:57:43
83ca1dae-0bb7-4793-9b9c-4b662ae034d6,sangat baik,2025-09-12 13:54:54
b2cfe787-b942-4ec0-9ded-c8bdbbdb2150,gak bisa top up E wallet nominal besar,2025-07-03 14:07:18
cc4987ea-998c-456f-8707-4bb4cab5719d,sangat bagus,2025-07-07 11:29:50
f5aae5de-0876-444f-97ff-21ceb8e623f2,"Aplikasi udah bagus cuma merepotkan di bagian gian registrasi ulang saat salah sandi setiap verifikasi wajah selalu gagal padahal sinyal bagus,mending lain kali kalau verifikasi ulang cuman sampai e KTP aja terus dikasih coba ulang masukkan sandi sebanyak 3x",2025-11-02 09:15:41
bab6c6ee-f4b9-4623-aa0a-b79bd4f80e72,Susah di verivikasi wajah,2024-08-05 12:23:01
32f8684d-18d1-4337-91b2-663f3e0aabf5,Apik,2025-01-17 12:44:49
887e5dc9-8553-4ec9-ac48-dbe5a23ad40c,bagus,2025-09-01 00:46:28
a2277058-f16d-4f4b-8804-3efba683d6e9,Keren,2024-09-25 10:27:55
8aa5bf72-bb10-436f-95ca-7f95a51a5e8c,"Qris saya gagal, saldo na knp gk balik",2025-01-20 23:57:14
4c101b0e-7508-428a-8e28-95a9865f78e8,Ya lebih bagus ini aplikasi dimusnahkan aja.aplikasi gk bermutu.uda 100x lbh masukan PIN dengan benar tapi selalu ada gangguan.dari pada ini aplikasi buat banyàk orang emosi lebih baik di musnahkan saja,2024-11-06 11:00:44
bf74a222-8b90-46f0-86a2-014d8656a147,mudah dan nyaman,2025-06-26 09:41:26
1309a75e-5a7f-45b4-89ba-245f05be3b26,oke,2025-06-28 09:18:11
0599a3f7-39ce-48b3-95b9-3300ceaf67eb,mantap,2025-08-23 17:07:02
c1064765-b84f-408f-bebf-ba41b23441f6,mantap,2025-09-19 15:49:41
3ec5d53a-06b3-4b52-aff7-3bf0fc3ba353,Mudah digunakan 👍,2025-07-01 19:00:32
c20f9ab6-0396-4035-b081-e9ba73952715,Keren mantap dan kekinian,2024-07-05 14:06:53
6b873fc5-c428-4aad-848c-7a658720f33d,Kalau wonder udah hadr. Saran saya m banking BNI di hapus aja,2024-10-13 13:52:50
f850aba9-affe-4e88-b304-42afbe9da149,puas..dn cepat,2025-04-08 09:07:37
77a8c1b7-1384-4824-b9e4-3f510bcf22a0,padahal saya mau mulai tapi gk bisa di tekan alasanya kenapa,2025-06-26 20:12:36
b89892e2-80f4-4031-8982-dd5db3d62206,Kecewa Tidak ada akses tarik tunai tanpa kartu,2025-01-03 00:27:54
93aef4f7-ab6c-4258-a85c-5830f5535fa5,mantap,2025-05-24 11:51:40
893c2621-685c-40b5-9090-e949413c37a2,sangat baik,2025-04-13 13:47:23
849b29e7-237e-412e-a356-f0c378c5b8c6,Mantafffbbbbb,2025-02-25 21:13:59
5fd6b51b-3851-4d34-b1a8-02fe1dbf0153,"Susah login, jaringan sering bermasalah. Aplikasi sering error",2024-11-25 17:33:30
0c59f28c-6525-4bc6-b27d-242c202d690f,"terimakasih, transaksi mudah n lancar",2025-05-02 11:22:04
31786b8c-3b5c-42b0-9e4d-b224abb031dc,lagi ada gangguan apa gimana GK bisa login,2025-08-09 11:17:42
05f5a028-af24-48d5-962f-c4ae0b10d567,"kacau, suruh aktifasi terus",2025-12-17 19:46:46
54126cdc-2b94-4160-807f-2e55d2f7239a,"Gk ada kendala sejauh ini kecuali system error pas lagi butuh bgt kmaren... Minta tambahin call customer service nya di aplikasi aja samain kyk aplikasi2 bank sebelah donk... Hari gini masih suruh tlpon pake pulsa,,,yok bisa yok",2024-12-01 11:47:52
8636f511-1adf-4165-80b9-8f6521aa2bd2,Sangat membantu,2024-12-13 16:18:42
671c991a-8bdb-43cb-8ee1-31c85b9c3fc8,sangat bermanfaat dan mempermudah transaksi,2025-08-01 09:05:35
15f37069-cfc0-4d8a-bcc0-bf6ffa135ade,lancar,2025-11-24 15:14:23
3bf4a96b-b03a-42a6-8f79-b02885331ff5,Kereeenn bangeettss...wondr by BNI 🥰🥰🫰,2024-09-03 17:37:29
2802b4fc-e330-4e3d-bd9a-33cc965c9327,Verif wajah tak lulus gw... kedip2 dah macam orang sawan gw..tidak juga berhasil... bgusan Bni mobile lgi gw rasa...,2025-02-02 13:30:25
ff1bfe25-28de-4cc1-bb7e-2ef506c67738,Wondr,2024-10-19 02:52:06
a10f980e-808c-4c7f-a994-9e542e5c48d0,ok bingitz,2025-07-09 20:40:06
85e731aa-cb53-4f47-bd1d-c17e78b928f1,👍👍,2025-07-30 07:10:06
2d9207a3-708a-49b2-ad24-5aa6aaa3bb65,Ini tiba2 kenapa gak bisa di gunain keterangan nya sistem bermasalah,2024-11-25 17:23:32
e9438e3a-c423-42fd-8f84-364087f7aa6c,The Best 46 ♥️,2025-04-14 16:34:48
9980b809-c6b6-4f9b-8636-fb2e8d59ce4b,canggih,2025-11-05 20:28:17
b6d25233-0f54-444f-bae1-24b64a92f3c5,"Sering lemot kalw buka aplikasi nya, dan mau tf",2025-12-01 12:54:41
0895d9c9-9267-4be1-ae72-0cbc26f690e1,sangat membantu.,2025-11-29 19:39:20
c4cec2fb-4608-494d-b8fb-f55fac8eb22b,"sebelumnya sy pake app mobile banking bank lain ribet. skr? sy beralih ke wondrd BNI, wah simpel, mudah, cepat, aman and nyaman. wondr jo!",2025-07-09 06:06:22
8a27cde9-0c32-4964-83a1-308e75b193bd,baik,2025-02-25 15:28:21
54183ddc-f0ba-4305-8b9b-acb6cc81822f,Aplikasi yg sangat membantu buat transaksi mengatur smua transaksi keuangan.. mantaaap BNI..👍,2024-07-09 13:05:27
a96cdaed-f603-4ba7-a37b-a2e442e25c01,makin kereen 👍,2025-09-26 19:57:13
86dae2e9-aa92-4818-89fd-9eeb3b37438e,sangat baik,2025-11-12 20:39:01
acac8d8d-cee7-4cd2-8e46-067cdaa35fd9,REKOMENDASI BANGET aku bikin rek online terus kartu fisiknya dikirim sampe ke rumah kurang dari seminggu. Pokoknya Terimakasih untuk BNI dan bapak kurirnya😍😍😍,2025-02-05 22:33:02
9c1dddcd-d7f3-44ea-a53b-8c6455376445,"Sya download apk ini giliran tf dri dana ke rek BNI ngga masuk 500k pas di tanya suru tanya ke dana pas sya tanya ke dana suru tanya ke bank di bolak balik mulu,",2024-07-17 11:06:54
7dd38045-786d-4dfd-8978-59885df6a9dc,🤟,2025-03-10 19:51:44
8285a6cf-7287-4fb2-8b07-b0f6c64bcbda,boleh lah,2025-03-28 02:07:22
46c1663a-750f-4995-8ccf-341f0f9dc587,Wonder by BNI lebih mudah digunakan sehingga baik buat semua kalangan usia. pokoknya keren banget.,2024-09-05 14:12:08
176edac4-d427-4f5b-979a-3d25a141db17,keren,2025-03-24 19:21:19
120bbcb8-13ca-4bb2-8c19-fb913172712b,mudah untuk melakukan transaksi,2025-03-18 15:58:17
0125c1d2-58dc-4efd-8d04-8473bd3ff10a,aplikasi ya sangat membantu,2025-05-23 07:44:28
56792bb3-3d03-4ae9-9cf4-d59121b89c5f,Tolong lah diperbaiki Wondernya soalnya setiap beberapa kali transaksi pasti ada aja kata kata TRANFER BELUM BERHASIL padaha nominalnya sudah dilebihkan...,2025-05-04 20:23:32
1954c89b-8223-4026-8350-3c17008ada89,"bank paling lemot kbanyakn pemwliharan bikin susah , najiis mending bank laen dah bank tolol",2025-08-01 01:21:44
cb18a624-f532-46ca-a021-35a85151ff72,sangat pusat dengan aplikasi ini,2025-08-19 21:04:39
d3eb030b-3bed-4fe3-92fc-40accc523b2c,Tingkatkan lagi keamanan nya bos.. kemarin uang saya di bobol orang melalui wondr sampai ganti bank saya.. padahal yg tau sandi suma saya,2025-03-07 13:50:23
c14df1d5-7a46-439f-8cae-f594c8e29114,good,2025-11-17 10:33:30
fbb6daa4-f4cc-42b7-9bcf-b8b39f4e5d24,Applikasi Jozzzzz,2024-09-05 19:04:17
977bae28-dcf4-47ee-995a-21806372cf92,app gk guna,2024-11-25 14:07:19
9953f9d1-d4d3-4fd4-b071-9db5aa124e24,baik,2025-10-03 14:25:34
650d803c-e637-4fb1-b154-5e4553ada232,Mantap,2025-08-30 19:09:25
0ab1c718-60d6-41b1-a8ad-4a43b2b870c4,Mantap,2024-11-19 15:55:05
18048277-f0ca-4c1b-be6d-27573a6999a4,mntappp,2025-07-08 17:45:44
939c4287-3fa0-4545-801d-789764208b5b,oke,2025-04-28 07:21:20
460bd463-9100-4e52-88d9-83ff31132e05,ok,2025-11-09 14:36:08
df14b2b3-7b13-4533-9e19-2e0e76c03296,baik,2025-04-29 11:58:15
15cc92fd-0048-45e7-ab13-0221149c06d8,Aplikasi taaek..mau transaksi aja susah bgd,2024-11-25 14:43:10
c06852bf-740c-4753-b0fa-b6771ae5bb33,baik,2025-04-24 13:23:27
41e22909-dc4b-4729-866c-1a8eef11b1dd,"ini lagi eror yah?ko ngga bisa di pake aplikasinya keterangan jaringan eror,pdhl sinyal disini baik baik ajah",2025-12-01 16:30:04
4852589b-578b-466e-8d8f-a75a5bf1239d,harus lebih akurat dan lebih cepat lagi,2025-08-01 20:00:49
91ac61a9-2a0c-4285-a275-f6bb0a03eacb,pemakaiannya simpel,2025-06-27 21:51:20
4bd56a1e-d952-40b2-94e4-3110330c3717,Good,2025-03-31 16:05:18
f58c01cf-b739-454e-aa52-5075d04dee03,"memudahkan hidupku, Love wondr",2025-12-03 20:11:21
a5ea2668-4c58-46ed-84c3-634b7c3cb614,"akses cepat, lancar",2025-04-25 07:10:34
7caac546-5ffb-4279-b022-d5212ef1c466,Keren,2024-07-12 17:39:51
62cbe27b-a4b7-459a-8356-d8d0013c5c0d,"apl ini sangat membantu dalam pembayaran secara online.....mudah, cepat, dan hemat waktu tentunya",2025-07-18 16:49:11
f2171373-33e8-48a0-99d1-9c63cc324477,luar biasa,2025-02-28 14:51:49
feeed9da-45ec-475a-80f1-3b699e69e8f9,memudahkan dalam bertransaksi,2025-10-23 13:16:17
fb488c5b-ecee-4e7f-b45c-02a0db01b4db,"Krn terpaksa download,pdhl masih bagus m-banking yg lama..liat ulasan yg udah download aja sangat meragukan",2025-01-05 12:56:02
d738ba1b-3a51-4230-988f-c66763636922,mantap joss,2025-12-03 06:17:02
d5be9a22-6653-456b-8881-8b8bc2afa1f1,bagus,2025-04-11 12:30:03
3493147f-f299-4ecf-9015-5f6bfb1cae64,Aplikasinya bagus,2025-04-05 20:42:35
e59a2f75-5f96-45fc-afe9-0c9e96757174,Bagus sekali aplikasi ini.. bisa buka blokir ATM 😍🤩,2025-02-24 23:26:00
a636a0ef-a770-4afe-b750-a883f6909f9d,"Sudah 3 hari ini gk bisa log in, baru masuk 3 detik keluar lagi padahal belum di apa2in.",2025-08-25 21:36:05
5aa10f13-eea0-4df6-a0a1-dd86e9a274ce,gud,2025-02-25 20:48:51
3ef9669c-e001-4390-b488-f52d057b8f42,pokoknya aplikasi ini sangat membantu,2025-09-02 11:45:23
a7915fe2-97ac-42ae-9ce2-2914af8fa18d,memudahkan kita untuk transaksi dimana saja,2025-08-08 18:13:00
31f744dc-1dbf-403a-ac28-b52aa17abb56,hapus chache gimnaa udah coba instal ulang masih aha tetep... mau daftar ribet .. tiap beres upload ktp mau pilih belum punya kartu langsung force close... gak niat bikin aplikasi ng bug terus.parah,2025-08-08 09:13:04
309b5079-96d3-472b-8a16-d78f83ec8f68,good,2025-09-18 10:02:39
db6c7e4d-300d-420a-9675-3c61b45f2613,"lumayan, cuma untuk cek mutasi kok tidak muncul riwayat saldonya.",2025-07-04 14:41:32
f5fd5acc-24da-49c9-93b0-3835fa674f6c,"Makin hari makin bgst aja ini apk! Udah 1,5jam nunggu perbaikan sistem masih di kasih keterangan "" ada kendala di sistem"" ! Gimana mau nyaingin m-banking lain kalo sering terjadi ketololan model gitu mulu",2025-02-13 02:37:26
cc760204-1876-4e2f-b559-2ef8308c0bcf,mancap,2025-02-26 20:03:50
0b931cfa-8bda-45b7-a03c-c43c7ea17664,sangat membantu,2025-06-23 13:44:47
71d3c20e-fcc3-4da7-99d9-cc521596eb3f,baik,2025-11-11 22:50:52
884af6e8-fc34-4125-b62c-fef8db43354f,cpat,2025-02-25 22:02:08
1f7a2678-5375-4bd7-be50-296ae77619c3,wondr oke banget jooss,2025-10-10 12:53:07
5d1df758-e0a3-49e3-b446-a7a010f17798,pelayanan terbaik,2025-08-12 06:00:43
90572b11-8508-47f0-bad0-9a9da10deeea,apik,2025-07-28 14:07:38
37de7067-b40f-4206-8762-91e20e7b5ded,Please BNI kembalilah seperti duluuu.. wondr tidak lebih baik.🥺 Selalu bnyak kendala dan gangguan. Seperti tidak dapat log in . Sedang ada sedikit kendala mulukkk ...yang blm ganti ke wondr mending jngan dulu dehhh. Ini saya urgent mau pake mbanking .seharian ga bisa di buka ada kendala terus . Disuruh nunggu ... Ini klo bukan rekening perusahaan udah saya tutup BNI rekening saya.. krna semenjak ganti wondr selalu bnyak kendala.🤦,2024-11-25 20:18:31
c1aecc40-c420-48a4-8986-0fde08b202bb,ambil uang di ATM uang tidak keluar saldo berkurang..proses penangananya lama,2025-10-31 23:52:08
46abf9e9-dbb0-49f7-b762-7d02492f06eb,"Bayar QRISVdi wondr cepet banget, cuma 3 step selesai 👍👍",2024-07-18 14:44:11
0f83527f-46a3-4dab-b3be-b198213f1997,"suka banget, mudah digunakan, mantap lah pokoknya nggak ribet.",2025-07-09 21:59:40
4aae4d8c-9080-4d0e-b150-6b22408c5d37,baik,2025-11-16 13:37:06
f754a423-af10-4af8-a9c7-b904a41ebf47,bayar utang,2025-08-09 12:30:35
b88a083f-2ab2-4402-acec-9f6f081490c9,Apaansi org mau transaksi malah gabisa dibuka aplikasi gimana si,2024-11-16 03:30:21
30f9b861-e70a-4e0f-a1e5-150d1059d6ed,luar biasa 🙏,2025-03-27 20:13:11
40c80454-961e-4d82-86d3-54795d06bfe7,"ini kenapa tiba""keluar sendiri dan suruh lengkapin identitas lagi respon verifikasi wajah saja lambat",2025-11-15 16:14:11
548b0277-091d-4146-bbda-f6fa07eadf3a,mantap,2025-07-20 01:20:10
be1e9e5d-c25d-4def-b8d5-6116aebada8c,is ok,2025-03-11 09:55:32
4bc00cc2-176c-4f3b-bbc0-724809970238,"Buat apa ya di ganti aplikasi nya? Makin lambat aja transaksi. Tidak bisa digunakan jam 12 malam, serius langsung buat yg bagus agar tidak mengulangi lagi login (apk nya kluar sendiri) heran deh .kita mau perbaiki itu aplikasi nya yg lama aja. Kan udah banyak master it di Indonesia ini. Masak ia jadi ke nasabah yang di bikin repot untuk memory hp android yg terbatas. Aduh masak ia jadi harus hapus aplikasi lain untuk biar bisa pasang wonder 😭😭",2024-12-13 07:14:40
2cc0116a-d6de-4f47-a03d-c729c5d2386c,transaksinya ko gagal mulu si,2025-12-01 16:02:44
019603b2-4065-4e70-ba97-9c6a53f151f3,nge lag aplikasinya.,2025-08-05 10:17:03
5be2c5fd-166f-4a40-bfb7-abf51e35db59,"Saya mau masuk aplikasi aja susah banget kaya lagi urgen malah terkendala""malah katanya anda sudah terlalu banyak masukin data"" Di suruh masukin besok lagi. Padahal kesalahan aplikasi yang susah membaca wajah. Harus nya lebih efisien lagi.",2024-10-02 08:06:16
4dcdf13e-7fce-4fe4-a6bf-534bbb661526,"tidak BS lgsg menyimpan id pelanggan, nominal isi kurang variatif",2025-07-04 20:43:25
9930f956-389c-46d5-8c3d-c861c7a997f8,"saya kasih Bintang 2 karena akhir² ini selalu eror dan tidak bisa login dan transaksi... tolong ti perbaiki bug nya.. padahal internet lancar dan aplikasi lain berjalan normal namun ketika mau login selalu muncul pesan error "" kamu tidak tersambung ke internet, cek jaringan seller dan paket data atau wifi kamu... padahal internet kecepatan 3 Mbps.. tolong ya sangat meyulitkan pelanggan untuk mau buat transaksi online..",2025-12-09 22:38:49
ba75a42f-666e-468f-b73d-dbfea19b99f7,"aplikasi sat set, lebih simple, cepat dan mudah. tampilannya juga oke banget 😊",2024-07-09 18:41:18
8bf27e7e-5f26-4a49-9565-f83b0b63590d,mantap,2025-01-09 15:41:20
6e280ea3-f3ab-4065-9f3a-c2102fbf0820,mantap,2025-07-09 17:10:41
72c65e0e-5177-4ec8-b53a-785113a30476,"Habis ganti hp, aktifin m banking ke bank malah suruh download wonder, eh masih enak yg lama, masak transaksi e wallet maximal cuma sejuta",2024-12-21 11:08:43
b913530f-b90f-4a7a-bd09-e6e3f62cea33,"kenapa yah aplikasina slow skali, awal awal gak kyak gni. mau transaksi loading nya lama bgt. mau login aja susah",2025-12-04 11:22:56
d86e2351-25d2-408f-9077-638f5b364f7e,wondr by BNI bagus dan lebih cepat..saya suka👍👍👍,2025-03-01 20:13:19
15b0d028-fc3b-4903-af0e-01a31508ff06,Dulu pakek bni aman hp gua terus pindah ke wonder terdeteksi mulu root hp,2024-09-23 20:18:51
564cf6ad-dde9-4eae-a2d0-36e50829914f,sangat bermampaat,2024-10-02 10:49:30
a15be47c-ae22-47c1-a6dd-e7df439ed2ee,good👍,2025-04-28 13:40:17
6369f435-61f1-46a1-88a7-0062c7db5a3a,wondr lebih mudah dan praktis,2024-09-03 14:29:03
eebb2730-2749-4da1-b4c6-621dbe73c526,"Aplikasi terbusuk dan sering error, orang butuh M-Banking gak bisa masuk, tidak terhubung ke jaringan, padahal nonton YT 2160p HDR lancar jaya",2025-12-01 17:04:04
54134863-aebf-49c8-ad69-c7bf70067a9b,aplikasi ok .cma agak lelet j...,2025-07-30 11:00:53
85afa6a6-1e2c-4fb1-a30d-ca800d647a68,lebih baik dan mudah,2025-06-02 20:11:23
50652442-0c00-41eb-88df-d1bc563f1ea2,mantap,2025-03-15 13:31:25
8862de1e-ec10-48d7-b022-c2794de696a1,joossss banget,2025-08-14 19:24:21
5e489366-a915-46e4-96bf-cc407fe9d3f8,"Saya abis tranfer uang ke bang lain tapi gagal, saldonya belum balik lagi ke rekening BNI nya, total tranfer nya 7jt, tolong min bantu",2024-12-29 07:34:46
8de1485b-c73b-4c57-8490-ab4973a114c5,oke,2025-03-15 04:52:09
703e5a61-0375-42d6-ae2e-a939de480228,asik,2025-05-23 17:57:02
334d2fa3-b6c8-47aa-b3c8-6baa63702118,"Aplikasi yang fresh, simple dan mudah digunakan, dan promo-promonya juga banyak. Mantap pokoknya.",2024-09-02 15:08:46
350a6b35-36b1-4932-b6a5-8354e5d90ee7,"Minta di Update mulu ni aplikasi ! Akhirnya malah pake 2 Aplikasi , MbankBNI dan Wondr",2025-01-20 22:02:18
49450950-a474-4bef-bf5b-1e92ce45e949,sangat membantu,2025-10-29 06:40:23
0abe3587-6d88-46e4-a906-12100db7f5e4,sangat bagus mau butuh cepat apa² bisa langsung 🤗,2025-06-11 10:13:31
3d61fcda-213d-4301-97ad-38d489730621,"Kenapa setiap login harus foto ktp? Lebih susah lagi jika berada ditempat umum, masa harus foto depan keramaian",2025-08-16 15:36:28
4bc24a8f-8b63-4a3b-a647-eca2def759d1,nice,2025-07-06 15:26:39
4a5c232e-a3d5-4ac2-8fc0-e1cd1e4ae1fb,"Awal awal lancar,, sekarang login susah",2025-01-19 13:24:08
2aae1725-d2a1-42bb-9723-3d96833644df,terbaik,2025-11-15 03:20:18
5d1a0bb2-773b-47ea-8673-d4adfad672d3,womder is ok,2025-12-12 20:17:09
5fa5a6fe-45ed-46f8-84f0-8da7922c00d0,ok,2025-04-05 09:31:30
9c26b565-d9b5-4404-881d-3bb2277b7c95,Bagus bni mobile klu skrng suka error,2024-11-25 14:50:50
bd46057c-4cf0-4a27-8955-74d0d3ea75f2,terbaik,2025-07-25 09:23:27
0be48122-f613-4992-a36b-2fc4be0ba2db,Lebih lemot..,2024-12-05 21:05:37
74f3a242-018e-4738-aa17-3373597776c8,Saldo minimum atau saldo blokir di hapus aja jngn di munculkan..tinggal tiap bulan bayar admintny dipotong dari saldo kaya BCA..dngn bgt kita bisa tarik tunai sampai nol biar semangt nabung dan transaksiny tdk terhambat oleh saldo blokir...,2024-12-03 06:30:58
0b847288-3a7f-41db-9191-59492c7812a5,Kenapa biometrik face nya dihilangin??,2025-02-18 20:41:33
b5d63492-c316-49e8-88e0-77bbea4991a7,oke,2025-02-26 09:17:24
a390f590-369d-4878-944c-49e8667b891b,cepet,2025-05-12 15:16:27
cf9cd15e-3793-4c5e-8765-41d9a107c35b,Maaf saat verifikasi foto KTP kenapa mengulang terus terus an padahal gambar sudah jelas tapi kenapa terus terus an mengulang mohon di perhatikan lagi aplikasinya agar tidak mengulang terus terus an,2024-07-30 22:22:33
0f7fa10d-3082-4e35-8007-12b904f227e8,Masih belum ada fitur tarik tunai. Ini sebagai catatan,2024-12-17 12:30:08
aa3ca17b-84bc-4fe8-adde-eeebafadac74,tidak ada fitur tarik tunai cardless,2025-02-23 19:34:20
c9e8a84c-b58a-4a7a-937f-50c60dccc42e,"Wondr terbaik sih,gw udah cba yg lain lain tapi wondr nya BNI ini paling enak UI UX nya",2024-12-03 11:41:02
fbaadc25-0ebc-4980-b408-eec65ec0eeb0,Kereen,2024-07-10 15:41:39
41187dc5-df6a-4406-aaa4-e53e3e2031d6,"Akun udah jadi , ngapain pas login ada tulisan fitur lagi tdk tersedia",2024-11-25 21:41:19
0da4e55a-7ad7-4938-8692-76ef4b5515a9,"hallo menurut ku mending aplikasi yg pertama gercep, ini lambat bgt kalo pake apk ini gabisa d buru2 krna lama bgt loading nyaa",2025-07-21 08:26:45
5e64f4b2-f165-44c0-8a8d-1c092c9ccd13,aplikasi nyaa baguss mendukung sekali,2024-09-10 19:31:44
56d9d6c1-ccd5-4edf-90db-696ef6f41852,semoga amanah,2025-09-02 19:13:36
b6b3803d-d9d9-421e-a01a-c95f7381c192,Best,2025-03-10 12:58:18
90dd82c7-0807-49bb-9263-848a57211652,baik,2025-11-20 20:59:42
cc0cbc8b-7e84-451c-baa0-ca6845d51aad,sangat membantu,2025-06-22 08:54:28
7ce7a0f9-8958-4f9c-acf5-108d04a8f0ef,ok,2025-07-31 00:09:45
5c7edad9-e18a-41aa-8aa6-ed9dec44345b,app bagus mudah. walau butuh penyesuaian dikit ya dgn versi lama. aplikasi ringan ga bikin hp lelet,2025-06-21 13:16:19
0546a359-f443-40da-94c1-32fa31de4fdf,Aplikasinya mantap. Tampilan oke. Memudahkan nasabah bertransaksi.,2024-07-18 11:34:32
33dd93c4-3944-47dd-8b00-eb500952a7ff,mantab pengamanannya,2025-06-02 21:17:14
520ec281-d037-4698-bb75-c344e2403219,"sering error, perbaikannya lama, mendingan BNI mobile yang dulu aja,",2024-11-25 13:58:56
