reviewId,content,at
42f7948e-81a7-4c89-87d3-4442ff75d577,Tiap awal bulan kok sering error ya. mohon diperbaiki segera dan jangan pas habis gajian ya,2025-12-01 14:19:29
94867b5e-95dc-42e3-a449-b6c4e78681ad,"nyaman pakai wonder, transaksi apa aja gampang",2025-10-02 16:37:08
32cf7e2b-bfb8-41d2-8b86-04f36bd32503,tingkatkan keaman m bangking dari hacker,2025-12-15 18:33:42
942593d1-65ba-4820-b96f-70728ac0ad8e,wondr mang top,2025-07-20 09:35:43
9e0f1ac6-0d6f-4e92-837e-60212d6a6420,good👍👍,2025-02-27 00:53:46
d69b1cbd-76df-498f-afaf-0d8515cd84b5,aplikasi nya mantap,2025-04-11 13:31:11
316b9fe9-d3bd-45dd-bcd8-43ae8a966d64,mantap membatu sekali Apk Wondr,2025-05-08 03:03:21
091acccf-25ac-47bc-83e2-5dde9cb701de,Kebanyakan kendala,2024-11-25 12:15:52
f1ff60e9-5078-4b69-a14e-8e14b2104dfa,gangguan Mulu apk jelek,2025-08-01 19:15:33
b8c31b55-c709-4273-96b6-b50f1839e662,good,2024-09-28 21:23:05
d27a4244-8269-4c19-a14e-ea88de5bdf9f,Aplikasinya sangat mudah dimengerti,2024-09-03 17:59:02
6ddc4742-c77e-4850-a691-5cf3798e8fff,mantapp,2025-03-11 22:26:40
8a2117df-d85d-46d2-af52-a3ff96836f5f,sangat bagus,2026-07-04 10:30:29
3843468f-9bab-477b-af20-0a73bb3ad9ab,bangus,2025-08-12 19:27:58
d18df09e-a86e-42d4-9bb8-4d46a7b17096,bagus no1,2026-07-05 01:05:30
d0de9dae-8f4d-4b28-ba27-8d60a8300440,saya sangat puas pakai wonder by BNI,2025-07-05 14:11:27
d9921786-8905-4cb8-8601-b0ad5811c926,Mantap pelayanan nya,2024-07-08 15:03:35
818b9d11-9e09-4ff5-8bca-994eafe06f8f,Transaksi gagal tetapi saldo terpotong dan CS di hubungi tidak ada respon sama sekali,2025-01-01 12:19:39
d6bf3e67-a8b6-4abb-83bd-3bcdb06500bc,bagus,2025-07-17 15:44:42
a2d4e6d6-3515-4dd1-a02c-9817975e0eaa,"memudahkan saya untuk setiap transaksi yg saya lakukan,,aman dan terpercaya,,terimakasih wondr by BNI",2025-06-20 20:05:48
8642a9e2-aa39-44eb-8204-fb49b2b39687,pelayanan nya kurang maksimal,2025-07-03 18:26:43
9e3020ba-6c39-4d5f-afc3-3c6466cb24b4,sangat bagus dan sangat membantu transaksi,2025-03-04 14:11:12
84640236-4228-4a7e-a9a0-0fd04f5aedce,amazing i like,2025-03-21 06:30:06
02fc0377-b4b9-4731-ba8a-23d03c9b2b5e,bagus,2025-06-04 19:55:38
d9ca8a9b-1aef-4720-85a5-7f1721a2d138,baik,2025-02-23 22:21:35
36122439-0162-43ad-a32f-62d7bb23105c,aplikasi bagus,2025-03-16 18:43:21
66a2fef7-67e3-48cb-b28e-5f4ac7a686e8,keren,2025-05-22 20:27:57
efa52656-f359-4703-9537-c7eb68e3545d,"Bayar QRIS di wondr cepet banget, cuman 3 step selesai",2024-07-31 21:42:50
844c9dc7-6e51-49b4-84d4-64ed184a8f46,nyaman dan aman,2025-05-26 10:36:19
80d226be-7185-401f-a25c-7d397de7de5f,"Tolong ini setiap kali mau buka aplikasi loadingnya lama banget, bikin kesel apalagi kalo lagi buru2, padahal jaringan juga bagus, aplikasi BNI yang sebelumnya nggak kaya gini padahal.. Yang sebelumnya itu klo buka aplikasi ya langsung muncul opsi ""login, dll"" tapi aplikasi yang baru ini lemot banget. Untuk fitur sebenarnya udah bagus, tapi tolong dong di tingkatkan lagi gmn biar gk loading lama tiap masuk aplikasi. Thx",2024-09-02 00:05:07
2cc353a0-a1ef-45ab-acdb-e47839b301fc,bahus,2025-10-24 21:15:05
be8d852f-3450-42c4-a4a0-2e1cee34a155,Wondr beres semua urusan,2025-03-29 22:13:58
c249fa4f-333f-4872-881e-4d4469f5de80,"baru saja pakai aplikasi ini, kenapa baterai nya jadi agak boros ya? sebelum pakai app,aman... ingat dulu pernah pakai app, kejadian seperti ini, setelah di hapus batre jadi normal lagi.",2025-11-16 18:34:52
9c12c83c-ef82-45d7-b334-d7223e8e36b4,mudah dipakai,2024-09-04 09:58:53
015add77-f224-412e-a5e4-27cf58796af6,trus ditingkatkan,2025-02-24 20:51:46
70c41608-573b-45ef-bcc5-6835097253fe,Cepat Pelayanannya,2025-01-18 19:10:33
fa3d319d-8b5c-428e-81f8-644e63a91d58,wow karena wondr byk BNI,2025-05-31 18:59:22
e14cbc17-d43f-46fe-96a9-0b937bdb778a,"pelayanan kalau malam jelek bgt, tiap mau transaksi malam pasti berkendala terus, kadang gagal, kadang saldo udah kepotong tapi gak masuk ke tujuan, kadang pending lama bgt",2025-03-14 02:54:25
10e587a5-f6ba-4ed6-a096-8ec7307ef1a2,sangat mudah digunakan . thank,2025-08-21 08:35:52
41babab9-7a3b-4320-ab09-8718544b3a02,"lebih simpel, TPI untuk tarik tunai di aplikasi kok GG ada ya",2025-02-25 21:23:35
c073a6ac-e201-47b5-9546-3b62294dbbd8,Mantap,2024-12-15 14:36:30
4fce566e-04e3-4ac3-a6e0-46a421066400,ok,2025-09-01 14:55:39
37e998d4-27c0-49cc-9be3-1065fdb3e766,Apliksi nya sangt membtu saya untuk mempermudah trski bisnis online sya.,2024-09-03 19:31:01
e41d4d96-089a-4b96-b9b4-4b83345e485d,Yo sabana rancak...,2024-07-19 08:50:06
b121ecae-16dc-489a-a2e7-5b573b7ac83e,Amazing!,2024-07-08 20:52:31
604b7718-d708-48ad-9687-eba8d9762aec,"kasih bintang 2 karna Tarik Tunai gak bisa, diminta kode OTP tapi gak ada masuk di SMS, apa karna gak ada pulsa? mestinya gak perlu harus ada OTP lewt SMS, cukup kode angka dan nomor telpon. contoh aplikasi sebelah sangat memudahkan.",2025-03-22 19:53:50
7ad5f7ff-a284-49a2-b596-3d385c856756,Apk apa ni Verifikasi wajah aja salah mulu Tolong perbaiki ya pihak BNi,2025-03-03 12:15:10
1c8c7337-d3d1-4aa5-969d-5d1473822f0a,"aplikasinya sering trouble, pas mau dibuat transaksi malah ga bisa dibuka(masuk apk nya)",2024-11-25 21:45:02
2bbec6ba-dd5b-4387-9510-b67e8e13f16f,sangat membantu dalam bertransaksi.,2025-03-23 09:37:08
bd097d03-ef1c-421d-bbb2-f167a2a495e7,aman dan terpercaya,2025-12-14 17:06:30
f4b1ce98-cae1-4180-a2f4-a1dae724f537,"Lodingnya sangat lama, berbeda dengan mbking bni sebelumnya lodingnya cepat,tolong solusinya",2024-11-21 12:46:42
b0da8173-c0ad-4664-84bf-ee3b3a1e9988,sangat memuaskan aplikasi gak ribet dan lancar selalu,2025-12-01 08:14:59
b079e45a-aea0-4dde-8920-8cec5da2d5d0,Sangat membantu dlm pengiriman uang,2025-11-28 08:58:20
ac88adf3-bd1c-4bcd-b6b1-08cc56ebbdc2,Belum mencoba. Semogagak ribet,2024-11-25 10:39:57
7c711ba3-1efb-4b0f-a650-928e2866d80c,Tampilan yang segar dan nyaman dilihat,2025-06-29 22:53:05
750f36eb-f32e-4c2b-81f8-4e029bf0d5da,mantap,2025-04-16 20:52:20
f059826b-80c4-4b3b-bf7c-34be6ee68f2c,"ngebug, stuck di loading awal tulisan wondr. tidak bisa masuk ke menu mbanking",2025-03-25 08:06:07
c0ed26f8-d5ce-4f89-b564-f53814eaf3a8,"kenapa wonder sekarang mengkhawatirkan, jadi takut saya pake aplikasi ini sekarang, sering gak bisa di buka dengan alasan gak ada jaringan padahal hp normal jaringan, terus lemot juga..tolong dong Bank BNI jangan bikin nasabah panik, kayak Bank sebelah ...",2025-12-01 17:42:30
d54b810f-268f-4eec-ac2b-c1b79cce7018,good,2025-11-14 15:57:00
cebb4364-d346-4e57-9c6c-d496952303f8,Transaksi jadi mudah dan losss gak pake ribet,2024-09-03 12:21:53
91d1dc0f-b947-4e05-9e9d-5919b3fddff7,kadang bisa ..lama buat buka aplikasinya..,2025-07-01 12:20:42
7c57addd-4a98-44e2-9b08-962ce8d7c40c,"baru daftar BNI, stelah selesai, pas mau masuk aplikasi lagi, tapi aplikasi nya udah eror, ga bisa di buka, ada kendala katanya, coba buat hapus trus instal ulang, lalu masuk ulang lagi, pas di sesi foto KTP nya, terjadi kendal lagi dari aplikasi, sampe 3x percobaan ga bisa, jadinya coba lagi besok, kecewa banget, baru kali ini ada bank aplikasi mobile nya eror, padahal baru kali pertama buka rekening BNI.",2025-10-23 12:55:46
6de58ca5-e0c3-4d98-8da7-892a28390dc5,aplikasi bagus,2025-03-06 18:35:08
0624e31a-501b-4fa4-be84-7c7afa5f79f3,Gangguan hampir seharian ini min. Buset ada apa. Mau transaksi susah bener.,2025-12-01 19:24:24
e26824f4-6aa9-44fd-a310-348655915776,"Wondr Keren Banget, kemaren isi link aja cepet stepnya, bayar listrik juga seru, tampilannya kece badai...",2024-09-04 22:00:28
0a1abe8a-c92b-422d-a514-83a09a098ecc,"benci sm apk ini, gagal transaksi mulu",2025-06-27 12:44:13
cb52ba04-7cd5-48c8-bdde-0f4a92e6bac6,ok,2025-03-10 16:06:10
7befc690-aa0c-45b9-bf72-5793426fdae6,"Sering bgt gak bisa masuk app nya,, di coba berkali2 ttp gak bisa,, kalo udah klik app nya masuk engga, keluar jg gak bisa,, gimana ini saya butuh transaksi yg cepat",2024-09-17 17:47:53
300d9360-03e1-46ab-b6e5-d4c37ea9eb08,mudah,2025-06-09 12:17:58
9cbf4563-1511-4529-91f8-fe77b5196711,sangat mudah,2025-07-16 18:58:10
27ba28b3-e144-4223-9837-7e4568ada105,bagus,2025-07-08 14:19:17
a9bffd38-4143-4ccc-8ebf-f71b9bfb5b54,ok,2025-11-12 09:39:07
9682400b-4369-4a02-87a2-663313124c77,ok,2025-04-22 11:05:14
a90f3adc-d739-47a2-8405-6962f0f6a6cd,Terbaik 🙏🙏,2024-09-04 00:06:41
96056d13-3d79-4adb-9ffe-a6682aff95cb,Halo ini kenapa yah kok saat saya mau melakukan tranfer tidak bisa,2025-02-04 09:58:52
85e1e304-e5e8-46f4-8589-ab78a62caabc,sumpah bener bener jelek aplikasi ini buka rekening baru koq dimintain nomer kartu gilaaaa,2025-11-27 14:58:36
9e0a3005-22da-4d05-93ee-6b012135e1f7,"Waktu di bank di suruh buat wondr by BNI sudah verifikasi akun, setelah pulang dari bank saat mau transaksi menggunakan qris mlh di suruh verifikasi akun lagi, setelah mau di verifikasi pas bagian verifikasi wajah malah tidak bisa, di suruh lanjut lagi besok, setelah besok nya saya lanjut kan mlh ttp tidak bisa, di suruh lanjut besok lagi, gitu aja terus",2024-12-29 10:22:54
a3c2e7fc-1519-433c-a532-ee7cccb30d71,Sempurna,2025-04-17 09:48:01
be67cb0b-e9cb-4307-9733-1f24f34904e5,Blm mau ganti sama yang baru masih tetap pakai yang lama 😄,2025-03-31 09:04:51
d3169a38-017a-460f-a24f-7d225f011127,Kenapa yah aplikasi wondr by bni saya gak bisa transfer uang,2024-11-11 01:57:48
a76bdd73-80a1-4cbf-90f2-acd5a0c7d77b,terbaik,2025-06-27 11:27:38
2aabe82c-e736-443c-8768-31c73e05efa2,okeh,2025-08-27 14:48:46
2a8fe15d-2b50-46cd-8bf8-15dd0bfd50a3,"Apa sampah. Tidak bisa apa""",2024-09-21 01:45:17
655ab79a-9c5b-4c24-9e76-603e35a685e9,👍👍👍,2025-07-13 19:00:16
7df7ad8c-bc89-4aea-9970-14e64e3f3777,sangat bagus dan mantap wondr BNI👍👍,2025-04-15 14:07:38
2c234305-73b9-49c3-92b8-030623b70acf,transaksi nya mudah dan nyaman ☺️☺️☺️,2025-09-12 09:07:05
22f308bd-4067-443c-beea-97f73fdaade7,bagus,2025-07-02 09:05:50
27833955-bdf5-4df2-a5d7-5e0b10e808f4,Mantap dari pada diBNI mobile,2024-11-30 20:04:12
fc8268d4-d972-47fb-ab87-71f9cca6189e,"saya beli paket data, transaksi gagal tapi saldo sudah berkurang",2025-04-03 03:54:02
e6217a2c-7d86-4b98-a485-5623f36cb62f,buka pin kartu debit terblokir bisa pakai wondr tanpa dikenakan biaya👍👍👍,2024-07-08 17:40:26
15010658-280c-4772-9aad-d903f45cda5d,terimakasih telah memberikan kemudahan dalam bertransaksi,2025-07-22 21:18:50
d36697a1-daf8-410d-9f77-58804914291b,keren dan simpel,2025-03-10 10:11:41
8d2a78b6-f390-4587-93ff-793ba3e1ca7e,bagus,2025-07-22 11:59:49
b619ff94-5d94-4c8b-8560-a55bfd4916b8,"pengajuan kartu kredit ditolak terus, mending hapus pilihannya",2025-08-26 21:54:09
1d69c7c0-5a80-48bd-8323-f739d15e8eac,dengan wondr semua jadi mudah🥰,2025-10-15 06:16:13
3e15284e-821b-44b5-bc9a-33d648888f0f,ATI2 TRANSFER GA MASUK!!!!,2024-07-06 15:50:19
2956a7f5-39ed-4bdf-9485-3656ba1cea3f,menarik,2025-10-12 09:49:21
097485bf-0aae-40c2-b16a-acae2879bfb9,"Harusnya kaya BNI mobile,sekali punya akun bisa dibuka dilain HP,inimah parah buka dilain HP harus bikin akun lagi",2025-09-25 16:24:02
1d316eab-38da-41b3-af00-c1e1746b4448,"Sering dibuat gangguan terus setiap tengah malam tdk bisa melakukan transaksi, sangat menjengkelkan, BNI sangat BURUK , mending pakai BCA mulai hari ini, kapok pakai BNI dah",2025-10-02 02:15:09
9a017308-8127-450a-bcc1-ecb6135f6121,penggunaan nyaman,2025-03-03 13:44:19
bff8baea-cb29-48cd-a55a-52cd0f97cde7,good,2025-09-03 16:12:09
34258a88-d5ae-481d-adbe-5fdd98791494,Kurang bagus saat saya pakai Aplikasi Wondr ini kok tiba-tiba Pin yg dimasukkan salah padahal sudah benar dan disuruh verifikasi waktu diganti pin eh malah tidak bisa masuk lagi di password login Wondr BNI nya malah verifikasi lagi mutar mutar gitu aja sampe dapat keterangan verifikasi sudah dipakai berulang kali besok coba lagi yaahh,2024-09-06 18:20:30
591d6b51-1346-4118-9af9-923c093bf90b,oke,2025-07-25 19:48:06
cb9031a0-cfc8-4f9c-a7f0-4334ef23d387,Baik sekali,2025-03-06 22:54:43
0054bdd1-72cc-49e4-a2d0-93843169ca51,mudah digunakan,2025-03-30 12:47:13
c72e15ec-1d5a-46a4-9557-1f32ddc15dbc,"Aplikasi untuk verifikasi wajah sudah hampir 3 minggu saya mencoba terus dan selalu tidak bisa, seandai hp saya spec kamera depan nya rendah seperti apa solusi, tolong di pikirkan, tolong di pikirkan kendala seperti ini juga.",2025-01-25 14:17:14
94585735-4d53-45ad-a107-79c435163813,Sangat membantu sekali,2025-01-21 13:56:37
af431112-798f-4ef1-a007-a13e048aa74b,"aku nuker uang rupiah ke yen belum masuk juga padahal udah lewat 7 hari loh, udah coba menghubungi lewat email juga tapi ga di tanggapi :(",2024-10-09 18:30:00
f62da334-7e74-412a-be5f-d21716493c87,bagus,2025-11-27 15:23:52
d0efb83d-12fa-45a4-8ce4-25d632e66d21,"Apakah 'harus' update segera ? Padahal org buru2 mau bertranskasi... pas mau update... krn full memori.. harus hapus aplikasi sesuai pilihan yg ditentukan, pdhl semua aplikasi itu... msh saya pergunakan. Dan sudah sekitar 1 jam saya tdk bisa bertransaksi. Kecewa... padahal anak saya butuh segera ditransfer... Kalaupun update.. dan kenyataan banyak yg nilai bintang 1... ngapain paksa nasabah harus update segera.",2025-11-09 15:17:53
dacd0e9f-0716-4c51-96d1-35266d6b3fd1,Bagus dan membantu,2024-07-09 09:57:57
999eef6d-8b38-4715-93df-e3161454dc0f,"min kenapaa yaa tiap aku mauu tarik tunai tanpa kartu, kok kode sms nya gapernah muncul2 yaa?? saran aja yaa min tolong ganti lewat fitur WhatsApp aja biar cepet, kalau lwt sms gak pernah muncul jadi nya yg jadi nya gampangg jadi susahh min🙏",2025-11-22 18:50:17
24edff37-db3d-4b04-a06b-96c755f819c0,terbaik,2025-04-27 19:10:13
dcd4e465-3c06-40d3-ab63-c988d1be1fc5,"Apk setres Vermuk Mutter"" Sudah terang camera iphone di tempat terang masih gagal parahhh Bni nihh Di suruh kedip di suruh trngok.kanan kiri bawah depan belakanh stressss",2024-11-07 04:00:51
021db318-302f-42ed-9e21-98c26f7107e4,sangat cepat,2025-05-15 14:44:38
7d9c7076-9bd4-4939-965b-6ab4f0d5d2c2,Mantappp,2024-09-30 15:37:45
68581624-e371-4968-9b47-f6b7650ef942,minus selalu terjadi perbaikan tapi sering trobel dan eror,2025-09-06 20:01:30
0f259f9f-f006-4411-9978-bdabc4213848,mantap,2025-04-25 12:05:28
80c5a37b-5712-4191-9bc7-b1813d3e4df2,simpleee,2024-08-05 13:25:57
259e6ddb-a1a5-45bc-bd27-505b69eeaa13,Ini gmana ya endapan biasa 5k kmaren pakek bni biasa pakek wondr mlah kek gini gak ada info lg npa sih app belm siap jgan di suruh pakek lah bikin gak nyaman aja,2025-03-03 00:49:03
8556643e-840f-426a-b791-6bfac016d297,Transaksi lebih cepat,2024-07-18 10:01:41
f0497873-0459-4508-aa78-4d7db1a6182c,sangat nangis sangat membantu,2025-08-16 12:42:20
8855ea5f-a563-414b-836e-1e2afaebac5f,ok,2025-12-01 06:41:24
2dcca3da-78a5-452d-a05f-66f18c7c9a4b,"cara daftarnya bagaimana,bapakku lansia 72 atm pkh,hanya tau nomor atm krn ada diatm,sedangkan nomor rekening tidak tahu karena waktu dapat atm hanya dapat atm tanpa buku tabungan,solusinya bagaimana",2025-07-06 00:59:32
c704b73c-5a6f-4043-ac8e-24367b4ff1ee,"Gara"" ini transaksi m-banking terkendala",2024-08-31 14:29:47
02c78524-7792-4a54-b83d-22f0f76d4967,tidak bisa untuk transfer dan top up mohon bantuannya wondr@bybni,2025-10-21 22:34:41
b8dda6b2-61e0-44d5-958a-ee30de693fe3,Mantap,2025-03-01 22:11:47
703b19f0-c26e-4d06-9a0f-188d19736a4f,Wondr by BNI. Suruh daftar2 terus. Palaggi kalau suru masukan pin udah bener benar pin nya tetep salah sering salah coba lh di kerjasamanya,2025-02-15 14:10:58
5964d702-aea0-4fee-8fc1-9dcaa30eb37a,Praktis & cepat,2025-08-17 18:10:42
45f688e8-e091-44da-95fd-2813bf352841,good job,2025-07-28 10:46:49
e33ec1b2-b86f-4d7a-b179-c655428e12d0,baik,2025-07-01 09:39:36
2a64d842-bfab-4cd7-9b03-13d7c96a74e5,Mana menu setor tunai nya min,2024-12-03 11:59:23
7d505467-8567-4813-a960-493036e088fc,bagus sangat membantu,2025-03-28 05:30:08
2d0f226d-6d8c-41e0-8b3d-004c9e60df27,Sering lama loading untuk log in,2025-07-08 10:28:07
898ce662-6316-467a-bba2-3b95dcfe61f2,sangat mudah dan membantu,2025-05-12 11:46:43
04830869-9f32-4989-9e6c-a9c3b14af631,"Sudah terintegrasi dengan baik, hanya fitur cashless tidak ada ya di wondr, kenapa tidak diadakan juga?",2024-07-21 02:26:25
6f004282-f6b1-4591-afec-37140ed4370a,keren,2025-02-24 10:09:13
8ac05695-6ba9-4164-be43-7850e497d35c,bagus sekali,2025-05-14 03:53:13
cab15cdf-9236-4263-8ab6-45b2c63ea29b,"Canggih bagt aplikasinya, simpel juga, QR aja bisa pake upload foto Qr",2024-11-20 16:38:50
5369d2c6-e072-4d4f-923b-d5bf47d53d85,akhirnya bisa kasi bintang 5 udah bisa akses,2025-06-18 18:35:26
53c1d4fb-a47d-413f-99af-1aa928fc52d4,bagus penggunaannya mudah difahami untuk khalayak umum.,2025-03-19 09:08:55
94dab25b-a1a2-47db-8bdd-d0737755bded,mantaps,2025-09-07 09:48:21
4e314efb-4206-4bba-8489-3a958254ea4c,"cuma bagus ditampilanya aja, ditunggu updet seperti mobile bni.",2024-09-02 16:03:53
3a8599da-152c-4e51-a12e-ae63a4321b10,❤️,2025-10-12 16:45:00
bf4dbf24-e935-49dd-a33d-a0a84cd6c2a7,sangat membatu,2025-03-07 01:50:07
e9416d93-cc51-4d1d-ad11-266a98441336,okee,2025-02-23 21:53:45
2e7b5773-fa1c-4e03-b5cf-89061680617c,Pelayanaya tetap selalu kopten,2025-03-03 17:26:22
a089d316-f38c-42f9-98b9-c5909d9700b4,Payah Buat top up shoppe susah dari kemarin,2024-08-10 13:19:48
69a3384a-0570-4bd8-ba1b-64c04b2a81dc,Ok,2024-12-20 10:26:54
406e981f-8aae-48f4-977a-70a8a8c0f7f9,apk wondr by BNI lemot bgtt ya padahal udh pake jaringan 4G+ tetep ga bisa ke bukaa tolong d perbaikiii,2025-10-23 12:28:21
f1d5913d-bca8-44c8-ac5d-b87895547e23,mantap yg sekarang aplikasi nya trimakasih,2025-07-22 10:43:13
303f8d01-9694-44fd-995b-9181d5d08a70,"tidak bisa dibuka sama sekali wah payah ,masih bagus bni mobael banking , kalau ini slalu terhenti dengan sendirinya",2025-09-01 15:36:23
294d932d-534c-4994-b398-4b28f476e65d,mantap,2025-12-20 08:58:17
f5909134-32fa-4f9d-bc74-acc35524777b,lebih praktis dan cepat,2025-10-12 12:32:19
ec3524e8-a6fc-44b6-bbd9-77f56ac12a9a,Bagus si sebenr nya tapi yang bikin MLS sering banget ke jadian tf tapi gak masuk sedangkan saldo udah berkurang dan buruk nya saldo gak di balikin,2025-01-04 17:08:44
71141421-0038-43fb-bcd5-6794ee609b56,"Kasihan banget untuk User yg kamera hp model pop up (Naik turun)-Nya udah Rusak, gabisa login, apakah ada solusi lain ? Maksud saya tampilan depan Aplikasinya langsung Login saja, tidak usah pakai cara daftar seperti awal pembuatan akun, Terimakasih!",2025-08-07 16:47:02
b906501e-3446-41cc-a3c0-df450c64c479,memudahkan untuk bertransaksi,2025-08-22 07:11:00
7f603960-f586-4e2d-8c56-06c89a556c17,Bni mobile banking Lebih baik dari pada wonder banyak aplikasi yg ada di mobile banking ngga ada di wonder,2025-01-05 10:24:09
5e34470f-9694-4197-92fa-1b83790be33d,bagus satset,2025-11-30 20:08:13
8dedaa1d-6e7c-440b-8a16-4c2ad6a83a79,"Top cepat banget, thank you",2025-03-05 22:42:58
ad360c26-57a8-4fef-b00f-4e8dbd10c81e,"aplikasi taik saldo bisa kurang sendiri tanpa ngirim,, serakah kali yg punya aplikasi 🤮🤮🤮",2025-09-01 07:43:43
2dd335bc-9bed-4437-817c-d1b153e58489,kalo tf ke atas 50 lemot,2025-08-01 17:59:46
bb75828e-da65-47b6-9946-690ce846db24,"apk aneh,ada masalah Mulu heran apk busuk",2025-08-01 11:41:53
1f0b5be2-d938-4d10-ba26-acf4b32a38dd,Good,2025-03-05 14:35:57
3e96c6d3-475a-42a9-8fc2-22329cded26c,"suka banget sama tampilannya,semua fiturnya bagus dan ga ribet melakukan transaksi. mempermudah transfer ,E commerce dan top up e-wallet,bisa untuk bayar token2 & yg lainnya.pokoknya the best deh 👍",2025-02-07 16:13:07
2e4b6f5b-cc93-452e-a817-d052c0393af1,Bagus,2025-04-25 10:01:33
25a2f094-e19c-4ec1-8a22-41f45dca1761,Lebih mempermudah,2024-12-16 17:43:07
94247162-fef4-45fb-a13f-a8f8165625a9,Bagusss banget....,2024-07-07 23:11:54
67ac6811-9b74-4535-8dc6-118f8001db79,aman terpercaya,2025-07-13 07:06:44
281139ad-5237-4f34-8db6-f1ed75963936,sangat bagus,2025-09-06 18:41:21
b0ab623e-4ec9-4219-9b96-a27a40b61c10,Ini gimana kok nd bisa diakses Dari kemarin,2024-11-25 21:02:12
b54aa834-1550-4aad-836d-cee1712ebfa8,"Ribet bikin pening, intinya jelek aplikasi yg terbaru burik privikasih wajah gagal trus",2024-12-21 08:45:39
36c2c1ec-8771-4935-b26a-77ec98891db1,Keren,2025-12-07 23:59:00
fa1e4dde-161d-4bb3-990a-3c2205bfb216,mantap,2025-11-06 08:44:16
120b1d4b-c027-4add-b387-de75430c993e,bagus sekali Aplikasinya.. sangat Membantu,2025-06-20 09:50:14
bbcde9dc-be4d-4e50-b5f9-c756028ff412,TRRBAIK DARI MOBILE BNI. Lengkapi fitur fitur. WONDER BNI,2025-07-25 13:43:16
984b5070-1306-4226-9d76-97284bd064d8,"Dari bintang 3 saya kasi ke bintang 5 lagi sebab email verifikasi memang dikirim kok cuma dikirim dalam 5 menit atau lebih dikit, nah biar layarnya nggak balik ke awal tungguin aja sambil isi angka terus hapus nah dengan hape lainnya kita awasi saja email yang akan masuk dari wondr, begitu tips dari saya",2024-09-04 23:10:48
50e2057b-0d76-4b38-bbc2-6af641f00b1d,mantap,2025-05-04 03:21:24
c0bdf8bb-aabf-4d98-bbe1-70ed3f8d65bc,"biasanya untuk uang yang masih nyantol di ATM belum bisa masuk di m-banking itu berapa Minggu baru bisa kembali lagi ke mbangking,saya juga sudah buat pengaduan ke BNI terdekat",2025-08-01 15:14:27
dfeabd49-6a3b-44c5-8ad2-20bf08eac439,top tenan,2025-12-05 18:13:51
315e3bae-e025-4e9c-93e0-d985b7279db0,nasabah ini belum pernah dapat hadiah,2025-07-29 16:07:22
dac13c9d-8be6-4925-a996-99413d101d4f,baik,2025-11-17 05:41:46
7c15f6ec-3b13-4456-8e49-d7dd404e0407,bagus,2025-11-26 19:53:29
568fc4cc-a3f8-4e9a-b765-9cf0252914ec,Sering kali Aplikasi tidak bisa digunakan menghambat kerja kalau lg transaksi ...ini sdh di download ulang jg blm bisa...,2024-11-25 16:48:33
16161b5b-5249-4dd4-bab0-b796ccb135a1,aplikasi wondr ini eror tiba tiba keluar sendiri,2025-07-15 03:07:19
cc0ef9c1-7bd4-4075-b52c-de11c0e47718,"aplikasi yang membantu sekali, banyak fitur seperti: buka deposito, pembayaran e-commerce, penggantian pin atm",2025-05-02 20:41:07
d4a0ae33-33cb-48d3-92ee-fe11ebc0bb87,sangat mudah,2025-10-10 11:23:25
96852e5b-c9ce-40a1-9a65-8308949f71b1,ok,2026-07-05 09:43:13
b34a44af-a72e-47ea-aca0-f20e7a4fbe72,Dikit2 upgred mulu,2024-10-19 05:55:41
f3c70faf-1e1d-43b1-998f-63e78a7149ec,bagus puas,2025-03-23 09:16:43
7cc262c2-738d-426a-a31b-a0846e82ab4b,"aplikasi busuk, loading lama banget, mau open app nya aja susah, macet macet, paling males pakai bni wondr, saya lebih sering pakai app bank lain yg smoot fleksibel dan user friendly. thanks.",2025-10-16 06:53:38
f71efbd1-2e93-41c5-883e-fcbf8147b723,Wondr by BNI jadiin Maumu,2024-07-11 20:05:37
6e86b208-04f6-4a09-beae-2904856609cb,mantaf,2025-03-05 13:57:22
434d37ac-c610-4558-8898-6f612128a0fd,👍,2025-08-13 16:21:06
8f4a6754-7a43-4947-b5c5-1f67273f9ef0,Efektif dan Efisien,2025-02-26 14:47:01
1f7a2678-5375-4bd7-be50-296ae77619c3,wondr oke banget jooss,2025-10-10 12:53:07
07f4966f-1102-4fd4-b176-8053bbab0a03,mantapp,2025-11-03 14:21:07
5ed6542a-56d1-4042-b79a-934674f6e8a5,ini wonder kenapa sihh gk bisa dibukaaa tolong jangan buat emosii jiwaaa min 😤,2025-12-01 14:22:09
5b6f5ea1-aad8-4fdc-aa7c-c7d3d7e55147,oke,2025-02-24 17:34:25
31870f88-d4e4-4276-91f1-c801ff6ccf32,👍,2025-09-28 16:46:36
c2a2a828-e235-46f0-9125-2e0e28ba1cb0,sekarang tidak ribet lagi sudah ada nya wondr by bni,2025-08-18 20:41:35
b15f8ed9-aaa9-48a0-9b81-2a2247e29236,"bagus, lancar, lengkap",2025-09-02 10:38:56
5f74f991-76b4-43a5-a4c9-452ed4727192,mantap ..mudah di gunakan..,2025-08-21 00:41:03
0ae87da3-01e7-4f31-aed8-7cc5af4d8b6c,baik,2025-05-22 20:45:27
de541ef7-fc59-42ce-9528-34cac8ad9e86,"Baru juga download udh minta updateee, memperlancar? Memperburukkk!!!! Kembalikan mbanking bni.!!! Lebih praktis dan aman di memory 💔",2024-12-12 16:17:46
a147a664-c157-4f3b-b4dc-eb26e25dfc2b,"Kak ,misal posisi di luar negeri ,mau ganti mobil BNI ke wondr by BNI , susah amat ya .. cara nya gimana ... Apa harus isi data semunya ,?",2025-03-18 14:39:47
b668a4b3-2319-4d2b-a892-4baef691be66,luar biasa tpi tolong kurangin admin nya lh,2025-11-30 21:27:04
0069418f-6c05-4c98-a391-082b834b817d,good sangat gampang dan bisa buat bayar apa aja suka banget seh,2026-07-03 18:41:03
841c2003-2f03-4488-bb19-9c2cf189b1f2,sangat membantu aktivitas sehari hari,2025-07-22 20:08:44
825ac491-5f38-4fb1-afa7-b7a93d139177,"pake QRIS gagal tetapi uang terpotong belum dikembalikanalah tulisan nya uang nya sudah dikembalikan.Komplain responnya lambat.Males jadinya,gak seperti aplikasi lain, lebih mudah.",2025-11-19 12:21:47
9962c7d6-98cf-42c3-899b-c93149728f37,Dapat terkoneksi dgn pembayaran transportasi,2025-08-25 06:36:07
170ab7ab-e4f0-45c9-9e48-3a7011ad19df,masih laload pas login,2025-12-19 08:17:10
ce1b9829-a581-4fc9-a2b0-51ff3be529a2,mudah dan cepat untuk bertransaksi,2025-06-03 14:17:05
8a348b01-e6c1-436a-a247-2d468afc3300,"Aplikasi ga jelas, mau berapa ratus kali verifikasi wajah? Udah berhasil sekali malah suruh nelpon BNI atau bank terdekat, mending pake BNI mobile banking aja",2024-09-24 17:04:06
c8700b19-3229-49ad-bede-bac6865da0c5,Terlalu sering gangguan bikinn ribettt,2025-02-13 03:05:10
05be1764-b890-43cf-a42a-112ea8b99714,Ok banget...Sangat Bermanfaat,2024-09-03 22:06:34
177e35df-132e-487f-97bf-1bc08c00b33b,kapan bisa top up ewalet lagi min?,2025-03-30 17:21:59
c840ac9b-22bb-4505-8275-f7f469d13aa9,Makin mudah transaksi,2025-01-23 17:33:56
82cdb81c-6d9e-4148-8bb1-2aa1b8860f38,kenapa apk nya gabisa di instal,2025-03-02 20:57:26
572a020e-4116-4615-a4f3-439c60950e85,Good,2025-02-17 14:52:56
128ca359-86f5-4206-96f3-70d977bdbf22,baik,2025-04-25 17:15:21
e447fca5-b2bd-4714-8226-e4fe60878afa,"gangguan selalu , meningkatkan pelayanan apa gangguan trus",2025-06-09 08:51:13
54744f37-4de5-463e-9f68-0a079fd6a8c2,keren bgtt aplikasinya,2025-04-10 12:59:32
e1bd81a9-9eae-4064-b622-1b110813b2ad,"Aplikasi ga jelas, mempersulit aja. Mau belanja terkendala gara² ini aplikasi",2024-11-25 13:28:02
83c81b03-fbe2-4049-82a1-5cea2565a34a,mantap,2025-03-01 14:13:16
d008dabe-d0d8-44c8-8136-eecc724d4d5f,Sangat mobile dimanapun berada..,2025-05-28 11:39:40
6056c769-e0cd-43a6-b406-aa1456b8988c,super cepat trims ya pertahankan,2025-08-21 09:26:35
79c6e80e-ca78-4138-8682-da21273de9e7,good luck,2025-11-30 20:34:53
238e5648-9c25-45e9-b255-c2bbfe123ed4,Mantap,2024-07-08 09:59:15
63e6e8f4-48bd-4692-a0be-214e2e1f6fc1,"Ini banyak fitur yg gk ada seperti tarik tunai tanpa kartu, buat bayar kuliah di uin Jakarta juga blom ada. Tolong diperbaiki min",2025-01-19 20:52:49
4a0ac72f-45eb-4ec9-8c1a-7395c79d8c24,Memudahkan transaksi,2024-09-12 08:19:50
c0688bfe-c726-4a2d-8ca2-d21ae60c08d6,Sejauh ini bagus meskipun beberapa fitur blm bs digunakan..,2024-07-08 15:33:31
9938c902-be98-4752-868b-e5b508b985b3,sangat membantu,2025-10-17 11:12:54
4e495a80-d043-4a03-b88c-e8063a30bbcc,Sejauh ini cukup bagus,2025-09-21 16:54:01
052c0994-217c-48d7-995a-3879c3752381,sangat membantu,2025-07-04 04:00:20
dec6b9d1-b556-4c03-bbb3-f0001a3b62f9,Knapa kadang sulit untuk log in katanya waktu sesi habis dan itu berulang ulang Tolong di perbaiki lagi dari pihak bank,2024-12-05 19:26:41
1973b9fc-749f-4105-a275-05acd654e2e2,"good job, thankyou 🙏",2025-04-28 15:18:57
48f820c9-87e9-48f9-a768-0885d170ab8a,"aku kasih bintang lima Karna aplikasi ini emang sebagus itu dan praktis bangat jadi bagi yang baru gunakan juga ngk susah untuk pakainya, dan ada juga beberapa fitur transaksi dini yang bisa kita pakai pokoknya apk ini ngk kalah jauh dari aplikasi2 lainnya. aplikasi ini juga bisa sambukan gopay atau link aja jadi serba mudah deh😍",2025-09-11 10:42:19
58ed64d6-844c-43f9-b2fd-c5ac161ba378,sangat baik,2025-12-12 19:15:11
668cad6c-1d1b-4c8a-89bd-0ac5d7fe02ae,Transfer cepat 👍,2025-08-25 13:36:45
180692e9-939c-4f84-ad2c-e497b13b38d8,Lancar,2025-04-17 09:41:24
b4a75ae0-ac34-4db6-9197-1a1bea83e297,mantap,2025-03-02 11:56:01
7e544a96-c40e-4f2d-81be-46b10e2f6afa,Hari ini tidak bisa transaksi,2024-11-25 21:31:32
82b89c36-fcf7-46dc-819b-d9927cf13024,"Wondr by BNI Kereen, lebih mudah, simpel dan lengkap.",2024-09-03 14:49:07
7a779afe-5433-4ac7-ad60-9bb715b0214d,"Tidak bisa aktivasi di bagian PIN sudah beberapa hari mencoba Edit : Saya didaftarkan BNI oleh perusahaan saya dan baru saja mendapatkan rekening lalu ketika hendak aktivasi, setelah foto dan validasi data di KTP diminta untuk memasukkan PIN. Nah, disanalah permasalahannya, ketika memasukkan PIN, terdapat catatan bahwa sistem sedang error, harap isi ulang pin kembali, tetapi ketika mengisi kembali tidak mendapatkan tanggapan apapun dari aplikasinya / sistemnya Note: no attachment, can't ss",2025-07-04 11:13:42
2effa1e2-e3e3-442c-8579-3f5e9b515269,ini knp ya apk saya GK bisa di buka harus ada verifikasi tambahan,2025-09-07 10:01:22
9a44b3e3-2049-42bc-945f-ad6eef7593e1,mantap,2025-12-11 11:50:41
ea0f43b1-7098-437e-8a94-2458d4c1f4a9,oke,2025-07-31 13:09:35
cce450dc-af1d-48b4-9d0a-33533e17fa8a,oke lancar,2025-09-25 21:49:09
b093e536-d862-46a2-a8ff-33fcfb9365bd,Mendeteksi wajah gagal terus,2025-01-03 06:40:50
692ae08f-e93c-4454-8dcc-374c55badcd6,Lebih cepat transaksi mudah,2024-09-04 16:14:39
1172509b-85d9-467e-87c5-ebeef98eb7f2,sangat membantu,2025-06-22 10:37:46
6f32daf3-fc5f-46dd-8fea-37435d22c54e,bagus,2025-07-27 13:02:40
2cd411ad-5fe6-4e3e-af25-32b041cc7803,mau transfer malah ngeblank😌🤦,2025-12-08 19:03:46
073b5f24-2d2c-49d6-8b97-e95941e832c4,mantap,2025-05-29 14:32:14
6b6c4012-a5dc-448d-80e4-2a316049ed71,kok sya GK bisa masuk ya mau daftar aja susah mah balik lagi dari awal,2025-09-05 13:07:47
a7410bfd-9dd2-4b5f-aa93-1c402d60f9fd,good,2025-12-19 19:27:36
5ecb5f94-947e-4f45-939f-8d9dfdab0009,"Simpel dan mudah digunakan, sangat membantu",2025-02-27 16:03:27
ef4a8bbd-56d8-46af-8164-28180acf18ab,Nice..,2025-07-25 05:49:54
020bfd6f-e3bc-42ca-bae7-fd83f840af28,mantap,2025-07-15 08:13:34
380e3bac-f6f3-4b61-b1dc-ffb7a2a06a76,good,2025-12-18 20:36:36
aead6fdc-6eb2-41b2-9605-a2b27cf21e94,"Wonder keren penuh tampilan yang segar dan milenial melalui kemudahan fitur, cepat, simpel dan tidak pake ribet.",2024-09-03 18:45:55
1454a75c-d4b1-4ce1-a169-77d4a6b7455e,praktis dan lengkap,2025-12-15 23:31:09
87fb35b8-1a2e-4816-a914-a8b0d3a6e4b5,baik,2025-09-30 09:34:29
44552962-91e9-4141-b71e-0e3b8bc845f6,sudah memadai,2025-04-17 19:50:48
dc6ba987-654a-429a-babb-5c474daf039d,Banyak manfaatnya,2024-09-17 10:47:51
3938abcc-4f70-4ab7-b114-f7db61c8c355,👍👍👍,2024-12-26 18:36:00
5e84fff6-232e-440b-b71e-57ddd02bb571,very good,2025-12-03 07:41:14
145148dd-5f09-4ce9-b9a7-addeb10dc87e,bagus,2025-10-06 07:35:58
7a31621a-0604-4a74-b686-9ae94ce17518,Saya tidak bisa qr,2025-02-18 20:38:35
63b5b609-3025-46f5-bc03-8370ebb8034d,mantap,2025-04-08 13:09:23
c95be464-8f53-4323-b022-1298d8a3f499,"Kenapa maintenance nya lama banget, padahal lagi butuh ini Lama bener maintenance nya, udh bisa dbuak aplikasi nya masih belum bisa digunakan",2024-11-16 04:54:37
3338a363-0194-433b-a9c9-3cc49b24e244,hari ini eror kaga bisa masuk no internet masa gini kecewa,2025-12-01 17:16:07
a1ef5658-c6e1-46ff-976e-d7ec0f0e9597,"Lebih praktis dan muda dri aplikasi lama, semoga cepat dilengkapi fitur2 transaksinya seperti mobile tunai dll.Aamiin",2024-09-02 15:13:18
48c04a66-9e66-47fc-a02e-d98078ad141f,Aplikasi nya susah untuk login,2025-11-07 12:41:36
a47ed03c-f1b0-4b7e-9b00-09ed1bcd54df,mantap lancar,2025-09-19 13:46:51
5a19b775-b3d0-4e82-9116-a948147077b4,bagus sangat membantu,2025-11-04 18:10:33
8a23493a-1070-4ff2-a8b4-24258b42c3c1,good,2025-07-03 13:08:40
2e4545bd-412c-4f26-943d-1e4faa6bd731,BNI slalu Ganguan,2025-11-09 01:06:54
c14df1d5-7a46-439f-8cae-f594c8e29114,good,2025-11-17 10:33:30
d18cc480-aee0-4971-a43e-759e4c8ff98e,ga apk nya ga pelayannya minus semua. pernah ngambil 20 katanya sekarang belum ada layananya nyoba ngambil 15 lupa bwa tbungan kata satpam gpp bisa. nunggu 2 jam nyatanya harus ada buku tbungan. hati hati aja org teraniaya miatazab,2025-12-22 16:46:28
a529aaa3-f98f-4308-9c1a-0fdb9454928f,nice,2025-03-26 22:48:08
50efd4fa-ccbf-497a-8d1b-afa442a57f78,mudah .. tidak usah keluar rumah.,2025-08-20 15:25:54
b6d25233-0f54-444f-bae1-24b64a92f3c5,"Sering lemot kalw buka aplikasi nya, dan mau tf",2025-12-01 12:54:41
3ab491a8-5264-4ae9-afbd-9a5cf3684a4b,Tolong itu bagian deteksi wajah diperbaiki lagiiii,2025-03-14 10:26:04
06808528-8e7c-489e-8e97-2c0db2524f80,Aplikasi kok sering Error.,2025-12-01 14:06:46
2324dee1-fd60-445e-b748-cfe42dba9f9d,Aplikasi Ampas apa apan di pixel 7 gabisa verif. padahal wajah udah sesuai kamera mumpuni malah terjadi kesalahan terus,2024-10-09 08:26:46
a3f0db81-8c6e-4740-8852-39d1cbc8dc30,Top,2024-08-19 14:32:22
05708b6c-42de-4a08-afad-23e1b9454d10,mantap,2025-08-14 16:08:00
5a7f3822-e488-4d2d-a735-a4f1c41ace05,good,2025-11-09 13:06:36
d569e737-41e3-4966-ab5e-f5be5d71b123,mudah di gunakan tanpa ribet,2025-06-03 10:10:58
1d1de2c3-f419-4b31-b168-a6e0c101b4bf,"Kacau,. Sering banget ada kendala,. Transaksi jadi susah.. aplikasi sering erorr!!!",2025-01-08 23:19:22
d1e53e83-0e60-461f-a3f4-80488049869f,"hallo saya mau tanya dong kenapa ya saldo saya di wonder BNI nya masih tetap 0 padahal tadi teman saya ada TF , nama dan no rek nya udah bener",2025-07-02 13:20:54
c1aecc40-c420-48a4-8986-0fde08b202bb,ambil uang di ATM uang tidak keluar saldo berkurang..proses penangananya lama,2025-10-31 23:52:08
823ee604-cc75-4c87-9736-59fcdfc5acd5,Mantap,2024-12-18 09:15:08
84aeede6-36ed-4290-a755-40c2238ffcba,mantap,2025-05-29 06:49:13
5cd93fa2-b6c9-4877-9d78-620360318650,Nice,2024-11-10 13:43:09
039be875-bda8-41a0-9de8-b0e4926bfa29,Top,2025-11-09 10:34:57
13141e7f-1b72-43d5-9db6-030b87893cbf,sangat membantu,2025-12-05 04:55:59
90de9b7d-27bf-4a68-a503-2e3d55eb4563,Josss gandosss kotos kotosss,2025-07-02 09:50:58
946b93dd-df95-48cb-afba-e88b4ddfb0e6,Nyaman sekali bertransaksi via wondr,2025-06-27 00:36:41
31fb8182-3eb1-4001-89f0-2ee800a4c289,"Force Close ketika mau bagikan bukti transaksi. Android 14, Asus Zenfone 10",2024-08-26 04:26:30
980e080a-9ccf-4b16-982a-9e71cf005f17,Mantap...,2025-03-03 10:04:03
be3169bf-d61a-42fd-9446-c503b767e5d0,"Belum sampai di halaman log in/ masukkan sidik jari, aplikasi langsung otomatis tertutup. Respon pemilik aplikasi juga kocak, gimana mau login manual kalau belum sampai halaman login udah ketutup otomatis aplikasinya.",2025-08-31 22:36:31
8004947e-3c4c-4666-a186-05dbe93d8f45,mantap..top,2025-04-22 17:35:42
e27c8415-4462-4d44-8b07-d1d8bc39d6b6,"kalau masih tahap pengembangan, baiknya jgn di publish dulu min. udah rumit kali verifikasi data, sistem nya malahan belum siap. kocak",2024-11-13 10:40:09
6e68a7d1-069f-4d5c-bb44-affb7c70dabd,👍,2025-11-08 14:21:07
be3f7ad5-715e-492e-bfa4-8374a7563837,mantapa,2024-09-04 18:44:25
7a7e0d9c-eb4f-438c-b6da-9cd5546ed5d4,sangat memuaskan,2025-09-14 16:28:12
8cfbafb9-7f6d-4b91-92cd-550f2de7e8b2,Tidak bisa verivikasi email gimana ini..,2024-08-21 01:25:20
fbc2e6a5-ff11-4e32-b4d5-a7fce5885133,Bagus,2025-11-13 22:50:18
35f1e788-7ca0-4ba4-923d-74515e2e7d5f,lebih baik dari yang sebelumnya,2026-07-04 16:26:32
0883758e-a9fc-47aa-b901-a9f883345ea6,aplikasi kebanyakan eror,2025-08-22 23:50:48
51ab13e7-0cc0-47e7-99d2-f2e4cf0489fe,baik'cepat'ramah,2025-10-02 07:56:24
7f0e8138-c372-45ae-bede-c9a5bf6724ee,"bagus, sekarang notifikasi uang masuk atau keluar sudah lebih cepat muncul tanpa delay lama seperti dulu",2024-12-29 19:49:51
d738ba1b-3a51-4230-988f-c66763636922,mantap joss,2025-12-03 06:17:02
c5cd7325-abcc-4d50-b9a8-e5d748d607fd,best,2025-07-01 20:12:55
9cf13e06-706d-41fc-b36b-06ddbc6d6bad,sanggat membantu sekali,2025-12-04 14:07:01
02a89359-3120-4c4e-91d5-773ec802611b,"HARI INI SUDAH BAIK, BESOK LAGI JADILAH LEBIH BAIK LAGI. DEMI KENYAMANAN KEMUDAHAN BAGI KAMI RAKYAT INDONESIA. JAYA BNI !",2025-07-02 22:26:56
82280c71-5eb4-438f-9cab-dfd39adc7b52,coba dulu,2025-04-23 18:48:05
3c6cee97-79b7-4c1d-8a45-5567467749f2,bni keren,2025-12-19 09:09:38
c5fed71c-3726-4df6-80bc-56c4e3114243,mantap aplikasinya mudah paham,2025-02-27 21:48:46
6e9fd15f-0ade-484b-839d-85fb66973ebb,Baik,2025-09-06 13:16:23
ddf451b5-e30a-4fe6-b8f1-a5d56795c967,"Tolong di perbaiki dong, knp si setiap mau transfer/top up dana selalu gabisa",2024-12-23 01:44:32
f626090e-7f98-4f69-8e3e-37b47585bc79,sangat baik,2025-09-16 16:25:50
47cbfe39-2af1-4d3b-9fb7-efc567dc2a6d,"aplikasinya bagus,,",2025-03-02 20:16:37
6aa437eb-056d-490e-9128-e1c5271375cd,"sangat membantu bagi kaum mageran seperti saya,apalagi kalo belanja OL,tp sedih kalo saldonya habis..terimakasih banyak wondr terimakasih banyak BNi..selalu d hati",2025-07-05 09:51:57
db757f4e-4a76-47b4-855d-57b0710b200c,semoga lebih mudah lagi dipergunakannyah,2025-08-14 19:02:53
be857ebf-8d96-42ef-b957-2c0f897fa67f,"Ini gmn si wondr di bukak gak bisa fitur perbaikan Mulu, dari tolong dong wondr perbaik i lagi dong, saya gak bisa bukak wondr plis🙏🙏🙏",2024-11-25 22:07:45
6db54b70-46bf-44e9-8d88-358441d2b757,tolong kasih fitur kartu kredit sudah puluhan tahun gada fitur nya,2025-10-15 23:27:12
1aaea1f2-bf4c-4107-9dd2-226ab1f380b2,bagus,2025-03-24 20:56:24
037d6b18-7c17-4638-bc78-2869653007d6,Sangat bagus,2025-03-18 02:54:07
d73338a1-1880-4ac5-b425-5aa94ad6acc7,terbaik,2025-11-27 20:10:58
a83deb47-fe2e-4c15-a720-7ad25406b6b3,Mantap,2024-08-21 10:44:54
7a1142bd-b1a3-4abc-8a60-24eaed1d3f29,lancar,2025-10-19 18:34:20
643c5b23-f3f6-4fa7-86e2-d8a2cb2fdd1e,lemot,2025-08-23 00:42:37
0354faaf-393e-49b2-b860-03503d2e8b69,Kode referall wonder by bni,2024-10-28 20:59:53
85817d53-a1f8-4bdc-9b34-9d2b8835100f,Mohon segera luncurkan mobile tunai sangat dibutuhkan sekali untuk ui nya udah bagus colorfull and fun kecepatan loading nya juga lumayan cepet baca scan qris paling cepet banget suka aplikasi Baru nya cuman tolong tanbahin tari tunainya aja makasih,2024-07-19 09:41:39
4bb5c89f-c98a-442f-99d1-32570e1c26ba,menu kartu kredit nya belum tersedia tlong di update kembali,2024-09-25 12:24:20
1aad66ed-3618-4319-bf8d-988a22fe87a8,Belum bisa tarik tunai,2024-07-05 15:00:53
18f72e53-bde7-4c84-9771-9d8bd5b6799d,appl bagus,2025-09-13 11:43:51
62cde220-041e-46ae-9eac-7a690cd341eb,Luar biasa jaringan nya tanpa lelet dan antrian lama...,2024-07-08 18:15:56
b4b128b3-642e-4f0d-aa0d-e97e3ea62254,kenapa sekarang buka wondr kendala terus ya,2025-11-06 10:37:13
eb5bd56b-fbd9-4660-9845-b9c065ae2701,Wondr ok bangets.,2025-07-25 06:21:28
64540376-bfab-4087-a9db-fc0f35f8e3eb,Kalo bayar2 atau tf tf ga perlu banyak password atau pin kaya mobile banking bni yang old.. Sangat berwarna tampilanya,2024-09-02 12:18:30
5ab8dc29-a912-4c09-96ed-74de31a19a6d,sucses,2025-04-11 18:08:09
33ea9f58-4646-4e36-a095-57fa9b24b419,"Mau ngisi Alamat Malah Eror, gak ada pilihan untuk kecamatan nya di lanjutin juga tidak bisa...",2025-03-28 08:54:00
77bb718f-02c2-4226-877e-20a87aed5a67,kenapa ya aplikasi punya saya sering tidak bisa d buka,2024-09-09 09:36:48
bdfca774-a536-4973-974b-3bce4721ea51,Aplikasi sy gk bisa di buka dari siang lagi perbaikan atau gangguan . Sangat menggangu sekali tidak bisa di gunakan,2024-11-25 20:49:48
6fb70c55-dd8f-48cf-b1db-9fb6a1da9cbd,Sangat memuaskan,2024-09-03 20:39:11
17bfb72a-2cda-444e-ada8-80e4d5ba09ba,Saya tidak bisa topup,2024-09-04 11:50:30
278d7cf0-4f94-4c28-b418-c349c5cd63ec,Nice,2025-10-02 15:10:40
0517b725-aa34-4a6b-a4fc-fc697ec47d31,mantap tapi uang saya habis karna terlalu mudah transaksi,2025-10-04 22:36:26
8e25d6ad-9c9d-40f1-aea3-83d4369f6ab8,Dengan wondr semua jadi mudah,2024-09-06 16:37:45
40410eaa-516d-4326-a85d-20026f2f6d44,Jelek bangt,2024-11-15 18:23:14
7a8b0d6e-4fab-4803-8c46-5e09fbab7a21,bagus,2025-11-29 14:27:11
29a94b2c-b9dd-4a04-b6cf-0c823c3d07df,please sediain dark mode dong biar enak dipandang app nya mata jg nyaman,2025-04-20 19:31:29
06f49edc-acab-4962-85c1-760f12b03cfa,Mantap,2024-07-16 14:24:37
b739b27d-637c-44b8-bb36-dc2e9517aa2b,Mantap,2024-07-08 08:27:23
b07e63fd-d180-41c6-b647-2231cc8be46f,bagus,2025-10-13 12:33:42
26f63ad7-f628-434e-9e90-75da1f871e1f,"versi lama sangat2 lancar buat transaksi,,mudah2an yg versy baru lebih kancar lagi dan banyak fiturnya,,jaya selalu wonderBni",2025-11-07 17:15:09
d54fe862-636f-4b28-b395-ecaa80473ae1,saya puas pake BNI,2025-10-11 10:27:13
45b4ebb7-a7e7-47a8-ab54-d02207100ca4,kalau udah jam 00:00 knpa gak bisa transfer q ris. dan lain. .. kalau gini terusending caring bank lain. capek. setiap hari gini trus .,2025-03-21 01:18:06
51928a37-452f-4801-b88f-25af9c53d06c,"BNI yang bener aja, masa pemeliharaan jam segini yang bener dong,,",2025-12-01 16:01:32
3d087456-995a-43f5-8f3e-207c548da236,Apk apa vertifikasi wajah GK ada jeda waktu .. tolong di perbaiki .suda mengikuti panduan Masi GK kena,2025-03-18 21:46:33
0d631f7a-91d9-418b-a1f5-69a998cd00b7,Ok sangat membantu saya dalam bertransaksi 🙏,2024-11-21 21:00:20
2dca34df-a163-4458-a004-bff35a81cf1d,Mantap lebih simpel tanpa harus ke kantor BNI,2024-09-01 19:27:07
734d9e81-485f-4d48-a90a-40d48068f37a,"sangat bagus sistem nya,cepat.",2025-07-27 23:44:48
aa3079be-9705-4e5e-ae48-02603ba7a1ea,ckup bgus👌👌👌👌👌,2025-09-13 14:01:58
3e577e4c-ee81-47a7-ab63-506e51a2aab7,"membantu, Tp sering LOLA waktu kirim OTP pas pembukaan Rekening baru",2025-05-16 15:38:53
ed76790e-6c3b-493a-a780-f8a819f8d383,good,2025-03-04 22:25:13
6f2f71a9-009e-4852-b731-5ffc99453465,mantap,2025-07-25 14:39:33
d5109052-df96-4b20-a9c6-62e935036d4f,sangat membantu,2025-11-08 08:10:48
6627a31b-b84a-4e03-b4bf-81d24a3f9b66,"TOLONG DIPERBAIKI SEGERA. Saya tarik tunai pakai mobile tunai, sudah menunggu lama tidam mendapatkan kode OTP lewat sms. Tolong diganti!!! jangan menggunkan sms otp nya, di bank lain hanya perlu kode dan memasukkan nomor hp tanpa perlu menunggu kode OTP. Selain itu segera aktifkan fitur setor tunai via mobile tunai. Ini tu mobile banking harus bisa mengcover keperluan guna memperlancar. mohon diperhatikan.",2025-09-26 17:01:04
a32bc2ad-9e9e-4c10-9bee-a6f8b2602454,"asem ni apk udh hampir 3 hari dibilang kena limit untuk verifikasi wajah jadinyabgak bisa login, padahal kalian sendiri yang bikin sistemnya tapi ngerepotin.",2025-10-08 06:05:35
839db87e-706f-4b95-b054-4603878cc708,Terimaksih sangat membantu sekali,2025-03-22 08:22:14
3212cbd8-dbf3-4327-984e-6a0771611ac9,lemot parah TF aja susah,2025-12-01 14:41:35
cb4a3d87-3766-4f70-9073-1bf2bc38fc44,Bagus,2025-12-17 10:56:19
bac9741b-c34e-4c52-b1b8-0f4bd1139be0,respon cepat,2025-11-01 08:00:24
7ea977ca-74dc-4148-85b2-c1bd2ecb62b3,makasih,2025-10-01 23:41:23
eaca7e6c-2f35-4ad0-b061-9cc2dcc1a79e,kerennn bgt cepat dan mudah banget,2025-05-01 14:09:59
5dc9bde2-b905-4261-a615-9e076b05b048,"aplikasi setiap jam 12 mlm selalu perbaikan trus,jelek",2025-11-16 00:50:02
5540738e-620c-4775-a3aa-9a2a90c136ac,mantap,2025-04-06 12:39:03
14c989e1-8b05-4765-9d6f-79c3b7231a4f,oK,2025-03-02 11:42:54
8a39d656-5464-4ebd-b220-1746fb3278cb,"Jelek sering gangguan, bagus yg lama",2024-11-25 19:59:17
1d86cd7f-6f79-4480-af88-7c547b8c2562,keren mantap terus tingkatkan kualitas dan pelayananmu bank bni,2025-11-02 08:59:10
64dab0ec-6b43-4e82-b4dc-1a18dbecaa70,bagus sekaki aplikasi ini sangat membantu kita.,2025-07-24 19:50:39
462633ba-cca2-47cb-8fe2-4f773b37ffeb,super midah,2025-06-27 04:47:06
0b405acb-3413-44d6-bfe4-37c328b1b381,semoga bisa lebih baek,2025-05-03 12:53:52
900e37b3-d300-40af-a7b6-33525718096a,operasional terpercaya mantap👍,2025-08-12 08:21:21
bc364dfd-34a7-4dbf-a7ba-69690caf40a5,mantap,2025-06-12 06:54:08
115482a5-4dec-4122-99fb-cb80e0e7add3,sering kendala,2025-04-09 21:36:32
df825491-4e70-4ec1-a556-0418192c3b9c,sangat cepat dan aman,2025-05-01 18:20:00
efcfe24a-f4bf-4fc9-922c-250466c7fac9,"tidak bisa melihat detil keterangan transaksi, seperti aplikasi BNI M Banking yang lama",2025-08-01 07:02:48
a6dede4a-0e1c-4606-b425-715ad7f18297,Aplikasi nya susah banget oi buat Verifikasi wajah nya gimana ya Ampun ah,2024-09-10 09:13:08
23b5e99e-2105-4f3e-956b-bb23e2e6e903,mantap,2025-04-16 01:13:33
a3532b7f-bed0-47c2-87f5-f5030ae612ce,bagus,2025-11-17 09:04:48
d6b33447-97be-4eed-bbc1-86df81220081,sangat mudah dan memuaskan,2025-03-20 22:29:20
a938894a-7868-4dcf-ae59-2b5d23f22614,mantap,2025-03-19 00:03:19
1938cac1-2136-4935-b91e-c2130fc6f7c0,👍👍👍👍👍,2024-09-04 12:05:53
79a6351b-0ad1-4fcb-b142-c55c8fafcfb0,mantap.,2025-11-23 18:18:58
c93593dd-427f-43a4-82c7-d4f61a0ae619,Mantab,2024-08-08 12:44:01
2fb77c49-303d-42cb-9617-6b03e265cc51,"ko wonder setelah di update ada biaya admin sih 5K? padahal dulu sebelum di update ga ada biasa admin sama sekali kalau dari BNI ke DANA atau DANA ke BNI , ah jadi males",2025-11-06 16:34:22
16bf68c1-51ac-4bb3-9386-5fe54d93b22a,Mantap,2025-02-18 10:14:56
a7b688ba-0f3d-4ee4-8e02-07e39861a02a,semoga lancar terus,2025-06-28 12:26:49
14113857-2e52-4e5f-8067-b3e1331264db,mantap,2025-09-23 10:20:30
abb934c5-c453-438f-b069-a2826f06506b,mantap mudah dipakai kapan saja... 😃,2025-10-05 14:26:40
b54870b8-3d55-4dd8-a881-6876cad6dc24,"Aplikasi saya sering sekali error seperti di suruh buat akun lagi dan ini bukan terjadi satu atau dua kali ini sudah terjadi hampir 4 kali, jadi mohon jadi perhatiannya dari pihak wondr",2025-01-03 07:50:04
d39e0484-ca7f-4e9d-9de6-c1c6625a6847,mantapp,2025-10-01 15:00:17
863023b6-3760-4741-92fb-2bcda7878ec1,nice,2025-10-03 21:14:20
aa26733b-547d-4c49-84fd-d80080bf08a8,ok,2025-02-24 10:14:05
f1237ad3-4427-40f2-a501-1dd607620c28,Parah banget dari instal sampe sekarang hanya 1 kali bisa login pas buat pertama kalai selebihnya Selalu relogin. Mending aplikasi bni yg lama. Not recommended,2025-02-23 23:51:18
caa774cc-b7ac-4776-81bc-959c8f358ee1,ampas maintenance pas urgent,2024-11-25 18:18:41
aeb3c9b6-7543-4602-9f94-b7ff7002915f,tampilan nya sangt bagus dn pelayananya lebih baik sekarang...smg mkin suksez dn berkmbng lgi wonder BNI ...aamiin..,2025-07-02 00:18:53
def9c8bc-1cce-422b-a5d1-472bd7e3e800,"mantapp, lebih di perbarui dan di jaga data keamanan nya",2025-03-01 11:04:23
243ecc17-519f-46ec-b2c7-3afc9f9b79a8,cukup efisien,2025-03-14 16:22:41
6c282735-e270-4c1d-8a4d-1dc752adab10,untuk verifikasi wajah selalu gagal padahal sudah mengikuti instruksi yang di berikan,2025-06-07 16:13:29
42dd0d09-d82d-428d-b9e1-15c7a535adda,sekarang kok sering gangguan,2025-05-13 20:37:26
04b9acbe-da11-46eb-a182-fdc8dd2346a4,Tampilannya menarik full colour,2025-02-25 11:15:31
1c6f2d80-6a33-4a6f-8003-15cfa2b90749,mantap,2025-09-08 15:45:05
9c0f8330-c3e7-4334-a81f-3abe0a17900f,bagus,2025-07-16 11:10:29
6cd7800b-dd71-4840-8e51-3ae8d5e28d7d,"Dari bni mobile suruh beralih ke apk wondr, malah tarik tunai tanpa kartu tidak bisa sama qris tidak bisa di gunakan",2025-02-05 18:05:28
48c2cc55-08db-4859-b130-21b3b5179954,sangat membantu sekali dalam bertransaksi,2025-08-13 10:42:30
ab9ce3f0-c21f-4513-82fe-85da8384a25b,bagus,2025-10-21 17:13:01
074856d8-597e-4a80-bff9-808071f6c330,mantap,2025-11-30 18:31:40
8fb76836-f4dd-4ee8-b6b8-71ccabad5519,good,2025-06-17 18:23:49
bb023052-adc4-4703-8f32-de3747e1b373,aplikasi sangat memudahkan dlm urusan keuangan.,2025-06-23 15:40:17
91ca23c3-72c4-469d-8488-c708cede3d96,ayo dong di upgrade lagi apk nya masa mau kirim/tf harus update dulu sih,2025-11-06 23:20:26
e02cf999-788c-4183-bbcc-2846eecd7cd1,mantul,2025-11-28 08:27:39
acca59ce-8b03-4633-9bae-ca4c107bf5d9,bagus,2025-07-07 08:35:10
72b62a76-1e76-4280-a2ac-c125d2cec778,"mantap Aplikasi Wonder sangat mudah dan Fitur-fitur nya lengkap, semoga BNI semakin Jaya Jaya Jaya",2025-05-12 19:33:15
7765f8c0-ff91-4e5a-8c1d-0464487e541d,knpa 2 hari ini aplikasinya ga bisa di buka,2025-04-15 18:36:24
c187f7c9-eb3e-408f-9d97-46f9ebb8ac49,bagus mudah di operasi kan,2025-06-12 19:08:25
761ee747-b5c7-4069-abc9-a3153385b568,"tdk seperti yg sebelumnya BNI mobile bisa terlihat seperti di buku tabungan, jadi riwayat saldonya bisa terlihat",2025-06-05 21:32:41
446d50e7-14b3-4feb-8b61-e54396c1b0ff,mantap,2024-12-23 08:56:39
c94728c3-4bd8-4140-b3c9-6a84eeb6b0ae,Oke,2025-01-02 00:46:19
6903d051-6fd3-42ea-b9b1-b85ce4717329,Ok,2024-09-03 17:51:31
3f0a320d-e6ed-48ae-8924-46ebce0b0138,"kemudahan dalam bertransaksi,, lebih di tingkatkan lagi",2025-10-01 17:36:17
41044e04-a012-48f1-8b38-1046d802b2eb,Aktivasinya mudah banget,2024-09-03 16:50:09
4effdd71-2e17-497e-8527-2b5506641e28,praktis banget,2025-03-25 20:40:37
993d08c9-6b81-4475-bc54-0b68e549e8fd,"Ribet apk nya, susah deteksi wajah masih bagus apk BNI yg lama nggak banyak ribet nya..",2024-10-06 17:12:54
f31ae85d-ddc3-4e6c-a3f1-b7791aa8a503,👍,2025-07-01 01:06:51
7d75c995-1b74-47d3-b76d-a02171e5f41a,transaksi cepat,2025-09-17 19:24:13
a29582ec-1fcb-4679-a385-cb404b4772b6,layanan sangah mudah & cepat.,2025-03-22 20:29:27
ca5879f4-ab14-4404-a7d5-a67e99a957be,tdk jelas jaringan terganggu tross,2025-12-05 19:29:21
68eaa4f8-4bf0-4072-a746-ac4897cc7ab5,mantap deh..cuman kenapa saya kemarin transfer titipan teman 3 x transfer Gagal tapi akun saya di BLOKIR ya pak,2025-07-29 00:31:52
f4036469-0d91-4d17-8658-c1dc6f978c3a,untuk riwayat transaksi masih suka sama aplikasi yg lama,2025-06-21 11:39:23
83ff45dd-47f4-4182-a46c-2cbe863fff87,Ok,2024-08-28 10:26:11
748676cc-d285-44b8-850d-4da5b700207a,"sudah poto , malah gagal disuruh besok nya lagi",2025-10-29 13:00:31
08a9ba7f-4503-44f8-a5db-ad48232770ec,sangat mudah digunakan 😁😁😁,2025-02-26 20:31:10
e56c76bf-8f02-47cd-a1af-95d7f66e5138,Apa yaaa mendadak eror.... tanpa ada pemberitahuan maintance hadeeeeeeeeehhhhh,2025-12-01 17:00:43
c79339ae-5781-44b3-b3f1-ea88c46752c1,puasss,2025-09-13 23:00:29
fabf17af-8725-447d-885d-553a20a2ffda,fiturnya gak ribet ok,2025-12-12 06:30:34
c95e8090-9fdd-466b-a75b-3b5d661af3f4,👍👍👍,2025-06-20 12:34:51
7fbd6746-3139-4365-aa71-46ab4e24248f,"Aplikasi yg selalu eror terus, apalagi klw udah jam 00 keatas, tarik tunai mobile juga selalu gagal, transaksi mutasi juga gak lengkap",2025-06-25 17:34:57
6e8392bc-d93b-4ed5-9c1a-ef1c28e51003,bagus dan cepat buat tranksaksi,2025-06-11 19:30:08
6672b2e1-14ae-4e09-bd8a-6db4dd5719e5,Terbaik,2024-09-03 13:21:39
28673758-eee3-45c4-be47-81b1ccc6ef21,Bagus...,2025-05-20 16:51:34
041de173-b54e-49ae-aa13-982d63ea2b2e,bagus,2025-02-24 03:53:56
0cf35e08-c443-44df-98a4-9b9baf526fa6,"BNI KONCET... TARIK NUNAI 1,5 DUIT GA KELUAR TAPI SALDO KE DEBET.. KEBIASAAN LUU. GANTI BCA AJA FIX",2025-07-25 14:05:00
89b6fb8a-2e17-498b-bbda-aac105772711,Baik,2024-12-13 14:07:45
9be0a93a-daaa-4f16-9e4e-5690427532b2,puas,2025-12-06 18:01:00
875ed558-dea5-42d7-a950-d82f3ec85b90,cepat dan mudah,2025-11-22 16:19:04
e8fdeb01-b159-48f7-a690-fd1b927d23ac,Mudah dan cepat untuk transaksi,2025-11-16 10:35:30
dbb500aa-c0df-47b2-93c5-94fa2974db03,ini ini baru nyaman dan praktis good job BNI diperbaharui dn makin lengkap ya aplikasinya,2024-07-08 14:30:58
97c6f8c5-de45-4c17-a947-8317f15c5d0e,makin memudahkan dalam segala transaksi,2025-02-26 11:10:08
d11f41cd-fa5a-435b-abc7-866a3ec059b2,"Password salah, terus verifikasi wajah gagal terus, mohon dipermudah, mbanking yg lain gak begitu juga ya",2024-09-08 14:06:37
391c47f3-1bcf-4475-a541-502d824a69fb,"perlu otp untuk cardless sedangkan otp tidak dikirim kirim, GAGAL!!! BCA lebih simpel",2025-11-15 11:29:29
ba830188-7495-4632-a47a-5d54d8ac4856,Wondr by BNI The best,2024-09-03 17:49:25
6243fed2-3b1e-4743-bdf0-c906c4eda5e0,mantap,2025-07-09 20:16:57
dc7235be-939d-4088-84d4-5c82ec657fb8,tiap bulan saldo saya ke potong sampai 30rb di akun ini aneh,2025-09-02 12:00:05
90656f73-e9de-4d6a-908b-cc4c80036d82,Mantap,2024-11-25 11:40:33
247f466b-bc38-437e-b789-de16df53278e,Mantap,2024-12-18 11:09:42
2edf0e82-a362-4da6-b0b9-270cade6d611,keren banget,2025-04-27 13:01:48
fe356eb6-87a6-4539-abb2-a3d688924113,mantap keren banget sangat mudah cepat dan aman dalam bertransaksi👍👍👍,2025-11-06 07:51:26
ed6d739a-8200-4266-bc60-ee96e288fda8,Tinggal mobile tunai nya saja ya min,2024-09-03 20:08:50
83321eab-0e7b-4e90-87b1-7fe461a20b7d,good pisan happy with bni,2025-11-06 11:57:22
8202caba-668c-4c95-bf8e-1fd9dcdeecb5,Keren,2025-03-01 10:06:58
4714add3-5258-41fb-b714-f1da79d90fdb,tolong min kenapa sekarang kalo buka aplikasi agak lemot,2025-07-13 11:59:06
7528b200-fbdd-450b-9f4a-3658eae7a970,"Riwayat menu transaksi seperti debit, kredit dan posisi saldo nya tidak ada. Jadi susah untuk menganalisa uang masuk dan keluar dengan saldo nya.",2024-12-12 15:46:48
98b08463-14a9-46e6-b1b1-f722f04bbd24,Ok,2024-07-09 14:37:56
d67f6e83-c760-4269-bf08-359fdeb8c09e,bagus pakai wondr by BNI semoga sukses selalu 👍,2025-07-12 14:11:59
268febdf-c3e2-4873-aa0f-41cbf5234bd1,Tidak bisa tarik / stor tunai di atm😭 . aku kembali ke bni orange💕,2024-10-12 21:03:12
e5c81478-d33a-49ce-84d5-fceb8580a4b6,tingkatkan kemudahan d keamanan,2025-08-29 06:01:16
61a6ea37-4b64-4164-8a68-45d86bb11941,top daahhh,2025-03-21 16:40:58
442fddac-926c-4085-9891-d151fe22854d,Bagusss,2024-10-21 14:23:25
4a2110ef-aa1c-4a24-9f35-d87a22949319,plis ini knpa fitu ewallet sama qris gabisa di pake sih????,2025-02-04 09:45:23
31e646e5-8fd0-4128-b6c6-6cb538922747,Aplikasi lebih ringan,2024-07-07 23:44:49
5dbc9117-bc35-4474-aafa-cf8d58ce03fd,ok,2025-02-25 22:03:13
fd756096-2e2e-4e0b-8516-87b082c8b798,Mantap promonya....👍,2024-09-03 15:27:09
67d41ffb-85be-40e9-9e50-5c7b0818bb52,aplikasi bank gini kok sering eror gmn sih? jelas jelas jaringan cepat tpi kenapa selalu setiap mau masuk mncul tulisan cek wifi/jaringan seluler.. mohon diperbaiki lahh,2025-12-05 19:39:56
48ff5ee1-8a39-46a9-bf6c-29c39bde485e,praktis dan nyaman di gunakan,2025-01-13 16:31:38
352924a9-fd47-474b-a824-2211a12d2b49,mantap,2026-07-03 20:27:21
cd37144b-990e-47c8-be39-943b5830cbba,Sangat memyaskan.... Tapi minta tolong untuk Wondr ada fitur mobile tunai. Terimakasih...,2024-11-02 10:25:41
823f81f0-7af8-4986-b78e-e2ef585c4106,"ayolah, apk sering bgt gangguan masa? wifi dan data nyala, masih ada notif tidak tersambung. waktu itu ga bisa di akses haduh",2025-12-07 23:16:15
1b0cb164-e0ee-4f7f-bbc0-658feef78d32,Oke,2025-03-05 00:36:28
9a2af8cd-7fa1-4380-8dce-52a2c9a7d201,"Tampilan keren, trx lebih simple",2024-09-05 19:25:44
36cf969b-bc83-4d36-88f7-a157dc186cfa,aplikasi nya bagus meskipun ada kendala sedikit tolong diperbaiki,2025-12-01 20:54:10
bc1bf96b-475e-446d-958c-bd185ba76653,baik,2025-03-06 04:32:18
5cd638f0-21ac-4619-9fae-431cddff6d1d,simpel dan cepat,2025-02-25 08:56:06
49ab7389-edd5-48e1-ba82-78dc82bb0b2c,suka,2025-11-19 09:10:44
d7d2f557-0cd3-408a-a1bc-f93075002824,mantap,2025-09-17 17:46:28
b007fe69-7f06-46f2-beb4-2613a2775ad3,ok,2025-07-26 21:10:01
712e5bc4-30b7-4b24-a3c8-b61d37751091,"Disuruh nonaktifkan pengaturan aksesibilitas. Padahal sudah non aktif, bahkan dari awal sudah nonaktif. Tapi tetap aja tidak bisa dipakai. User redmi note 10 pro.",2024-12-12 22:29:09
6c384905-64f3-4d81-8611-00a4faceb213,Aplikasi lebih cepat dan mudah di bandingkan aplikasi bank lain,2024-09-05 17:32:43
0537a8c9-c3ad-45a6-8a2b-fa845927e910,dengan aplikasi ini urusan jadi lancar,2025-03-31 12:13:20
6b0a6775-c852-4d79-a383-7d6076d607b4,Good,2024-09-03 17:40:28
0e6f0439-90db-4321-8594-cc45dc2757e4,sagar berguna sekal,2025-10-17 06:31:52
311e91cf-421a-44f1-b212-81f70fda3cd3,sangat membantu dan memudahkan proses tf,2025-12-15 12:52:30
657ae451-c4d7-47f1-b134-117e5008cdad,ok,2025-04-27 14:50:33
7854228b-6c13-4a0e-a42b-ef0b56c07051,keren,2025-10-06 23:33:24
dcf78c39-d4ac-4ce8-965e-d40295943f21,"makin ribet, verifikasi nggak jadi jadi padahal udah ngikut panduan. bikin apk nggak jelas, nggak kayak mbanking yang lain. kepaksa aja makek Lo, kalau nggak di paksa perusahaan mah mending yang lain ada lah daripada BNI kagak jelas ini",2025-12-19 01:32:08
90cb5dd0-5e48-4467-bb75-1e26def89dfa,"Agak susah, kebiasaan pola password baru sulit di terapkan, dibandingkan yg lama Trus ketika mau ganti password, dibuat ribet lgi oleh aplikasi, cek KTP, tapi tidak dikenali lagi, stuck smpe situ, ngga bisa di gunakan, tggu besok, klo pun aplikasi msh cek KTP tidak dikenali lagi, hdehh",2024-07-13 15:10:54
9ffe5b72-8aa9-4520-9f85-27a26458a616,"Tanda baca gak bisa dipakai, mau lihat mutasi utk seluruh transaksi juga gak bisa,, gak kayak bni mobile banking yg sdh sempurna🤣😀🙂",2025-02-26 08:03:16
30f7f923-c4d2-4082-a97f-8b47e394c307,Makin keren BNI 🔥🔥,2024-07-16 22:49:52
3a08993d-11c8-4c6d-b31a-9faaf4667964,Mntap,2025-03-02 19:58:31
b0005748-af93-492b-b769-4ed4a7268df1,Keren banget aplikasi nya lebih simpel cerah ceria berwarna .. mantaabh lah..karena lebih simpel dan cepat untuk bertransaksinya,2024-09-03 18:39:31
78bd9f16-264a-4170-9db3-36cdcf89b2c8,"jaringan bagus, wonder lancar",2025-11-12 14:54:27
5ca0b820-79ad-400a-b1e3-d3a1fbd05bb0,kenapa kl mau buka aplikasi hrs login ulang sedangkan login itu TDK mudah masuknya.mohon di perbaiki pelayanny,2025-08-01 14:53:42
397c01e5-5574-4ce6-9b90-5e7c4fd27570,berapa dana endap dan administrasi perbulannya di potong berapa... BNI Taplus wonder,2025-08-22 09:24:37
4e461b03-349d-4d22-92c4-3103c180bac8,"kurang memuaskan, kurang optimal",2024-11-25 18:13:16
15c81824-6ae0-400a-bfcd-97898ff89307,sangat2 membantu,2025-11-26 22:34:56
75e1b037-fb5d-46d9-9d2f-0eb5d8541f13,lebih dan cepat,2025-07-05 19:05:59
4e26502f-0a4d-49a4-8053-0120ccc49273,👍,2025-03-27 20:22:37
bec4c2c1-5c12-40b0-bf00-b766285249e5,Aplikasi Pleng ribet,2024-11-25 17:51:02
3277e310-799b-4978-90f5-e4b5118b8add,sukses selalu buat wonder,2025-04-02 20:50:10
80aa5ba0-d1d9-44cc-adf3-243fe1274c66,Kendala di verifikasi wajah dulu saya gemuk di ktp kenapa ini di tolak,2024-07-08 11:33:59
31d10229-b480-4580-84e1-94686d3c617e,kok eror gk bisa dibuka seharian,2024-11-25 21:11:53
0fad4106-5a33-41f7-a706-8a6cd42820f9,"Msih bnyak bug, lebih d tingkatkan lagi sblm memutuskan beralih dri BNi mobile.",2024-11-27 16:11:25
08474527-62a8-4a71-b665-e1cabc80f9a4,Sangat membantu...,2025-11-17 10:25:15
579e6e8e-ea39-422d-a544-5870535b6e8c,Npa gak bisa buka dan tidak cepet kaya bni dulu.. Ini ada gangguan terus,2024-11-25 15:06:14
141189b5-ea82-412f-b4da-7e5c35c0e70c,mantaaap,2025-03-09 15:25:43
730cda26-c31e-48d1-b8fc-3c2dfd947519,mantap mudah praktis,2025-10-24 16:42:30
f543e1a8-2ed8-4dd3-97f0-6aded97395c9,Mantap,2024-11-26 11:55:40
aa6669c0-fcf1-4070-9c76-84738b5092d3,sangat membantu,2025-05-26 04:38:17
775d511d-abbf-43df-8560-a7102ad427d6,bagus,2025-11-29 23:32:06
3107121e-b1b4-47b9-82e9-435d663075e3,jos,2025-10-30 16:47:16
94e68d6a-7be5-459a-83db-4eb945a86e09,e banking belum dapat di gunakan untuk setor tunai,2025-04-08 20:03:53
b2f99767-4e3e-4db3-85f2-cf031abdd09c,baik,2025-11-12 15:11:32
7b1f64ce-78a6-4679-8b65-a65b9ee3a61a,Tampilan aplikasinya lucu banget dan warna2nya super fun!,2024-09-03 17:45:38
27c7fb72-e2c9-4c06-9f26-7a7b2f914c9e,ok,2025-11-16 20:10:35
36a3bb4d-3fbe-48c2-af50-aca186f2f078,mantap,2025-10-27 06:08:22
a6fa15e5-15b2-49fb-93f3-f30d9d29b70e,mantap wonder,2025-06-16 06:12:14
8ec36c7a-22ad-437c-a65e-c8cb208913ef,ok,2025-06-27 01:57:13
deb67968-5ef4-4a04-98da-0662f0c6e8ba,ok juga,2025-11-27 09:52:41
08068d1c-5008-461a-8224-0a5406f8a113,"Bayar QRIS d wondr cepet beud dah, cm 3 step selesai dahh Pokoke mantappp",2024-09-03 22:25:23
cb86194f-6dde-45fa-a74e-cc36b68c18a3,Aplikasi yg bagus dan sangat mudah di pake,2024-09-03 18:46:44
4c2e951d-4688-414f-8e21-e4afa79918a4,"Lebih berwarna sekarang,,mudah transaksinya dan cepat,,mantappp",2024-09-03 19:26:34
89e9b421-db15-43e9-9b40-8ffd2a26f2f1,bagus dan memudahkan,2025-03-20 06:03:05
eb5f422d-6a0c-45d9-9713-1109a2283e35,kenapa tida bisa masuk di wondr by BNI sedang kan kemarin masuk aja aku pake tf sedang sekarang tida bisa sisa saldo masi ada 1juta lebi ko tida bisa masuk gimana suda ambil uang saya disini ini,2025-08-05 23:57:20
11a38d9b-ce4a-4c7d-9a2c-ce8e1b8cdd45,"Aplikasi pembayaran yang sangat memudahkan penggunanya, semua jenis pembayaran ada, dan sangat mempunyai manfaat.",2024-09-03 14:37:10
1c477191-08d5-4226-afb7-f719cd97598b,sy tidak bisa update aplikasi,2025-07-31 06:40:57
25aa35f3-e419-4db2-aa93-be040f54d667,mudah digunakan,2025-07-01 21:02:00
1d4e1a96-a529-4e6d-85e1-7873a1461b26,Keren👍,2024-09-03 11:40:09
e482c9ca-3321-4013-9780-9f97694047be,sudah verifikasi wajah sudah kedip kedip masih gagal saja tolonglah diperbaiki buat emosi orang saja pinjol saja gampang daftar terimah kasih,2025-12-12 13:25:53
3c2b8116-0f9f-4c6d-8976-ea55f6f58c65,kecewa karena susah varifikasinya,2025-11-03 21:51:49
42e8a873-17bf-471a-ad22-7b871cb011d4,Kenapa g bisa aktif in finger pin ?,2025-01-04 09:22:41
83580840-0ac2-401d-b0e0-9b0b4f37dc77,Apk bagus dan mudah,2024-07-27 21:25:58
3a9416ec-a2c4-420d-a5cf-ecd6308c746f,"min gimana uang saya, penarikan mobile tunai (penarikan tanpa kartu) di atm, uang saya kesedot 200 ribu di mobile banking saya, tapi uang di atm nya gak keluar, tapi uang saya udah hilang gitu aja?!!!!!! kejelasannya dong min!!!! udh di email tpi gaada respon!!!",2025-05-26 21:35:20
18abd96d-a90e-4c40-9331-25e394756157,aplikasinya yang sangat bagus dan memudahkan nasabah,2025-11-17 13:22:56
f2a8a74b-d604-4247-9031-192d6c7c6772,sangat baik 👍👍,2025-04-08 23:15:12
6c6b4ac4-3010-4d7e-b67c-ed2aa006fdb6,Sangat bagus apliikasinya,2024-07-17 11:40:46
0f0653ce-0279-4e1e-ad2c-491796becc21,makin update ko ga bisa di akses susah masuk sinyal bagus padahal kecewa tolong dong aplikasi nya ini perbaiki sampe gua hapus download ulang tetep ga bisa log in stuck wondr gitu doang aneh,2025-03-14 09:28:32
d7d29ef3-34b3-4e09-835e-ae1ed23c6d28,Terbaik,2024-09-05 12:42:31
92156092-fecd-465f-915b-ef08bb07c994,sangat memuaskan,2025-11-19 15:33:53
79563350-86a7-47a9-ad90-3cb0ac9bf9c9,"kalo dibuka lama baru bisa looding beda dgn yg aplikasi yg dulu,, mau bayar air utk kuwu timir blm bisa",2024-12-30 09:14:49
cf2655bf-fcda-4fa2-83bd-167806bc053c,Mantap👍👍👍👍👍,2024-09-08 13:04:41
a9e015ea-adb0-4a1f-90b2-6709c15a79cb,membuat lancar aktifitas terima kasih BNI smg berjaya selalu aamiin,2024-12-13 13:08:31
abe91fb9-e329-4c97-b418-2e756a5bd888,"error terus, lebih suka m.banking sebelunya",2025-11-07 13:13:20
b25dba47-d29a-4084-99a9-795105b861c1,tranfer lebih muda,2025-06-01 07:15:05
f15715db-7fce-4e11-8f11-2a9173b65482,ribet..pake limit,2025-03-30 00:11:39
259e2cad-9944-489a-9bec-dae2e6a90ac5,Lebih cepat untuk transaksi dan lebih mudah penggunaannya .. TOP 👍🏻,2024-09-05 18:53:51
d9466add-91c5-4ecf-a4e1-4b25c8c76bb4,gangguan trsss dri kemaren,2025-10-13 10:02:15
c6a4cac0-fde7-4ad8-883a-785e23af341c,sangat mudah transaksi,2025-11-23 17:10:43
69f8c5ac-73cf-422f-8e31-d3894a47b8ea,jelekkkkkkkk,2025-02-19 10:28:04
453ceab8-3548-4404-9420-8203e2e9ad91,"aplikasi nya ga bisa di buka , tiba2 keluar sendiri",2025-11-01 13:21:04
c17be3f9-2453-4bba-85c7-2970a2308ea3,sangat membantu,2025-03-24 17:24:43
0d85ef19-c3c9-41d0-8875-a66766f98eb9,oke,2025-07-04 05:39:23
c29e9397-cd8a-47ef-a49f-5a9c935c2319,"Aplikasi buruk sekali. Tiap hari close app, dan harus instal ulang. Programmer'nya perlu saya didik. Silahkan hubungi saya, nanti saya ajarin bagaimana develop aplikasi yang baik.",2025-02-14 11:37:07
7e1a2c77-27c3-4f00-adb3-4af46957f3b1,mantap,2025-09-23 13:30:26
4cd0d5a0-ede0-4e7b-b0fc-b948bca84f2e,Mantap,2025-04-09 11:34:28
8939257b-e851-476e-9a65-a23441c7726f,good,2025-03-15 18:30:11
568eff02-552b-43d4-859f-a531c8ba6468,mantap,2025-03-10 15:36:38
97bfad94-2e36-463e-acd9-a66f08f3cb5d,sangat berguna,2025-08-23 20:26:59
cda481a1-055d-435a-9086-4f496557312e,mantapp,2025-10-13 16:00:39
22d801cf-8a94-4286-84d6-6b94474998b9,kenapa ndak bisa di login kmarin khapus trus aku download lg sslu ggal trus pdhal butuh bget,2025-11-13 17:59:31
0350fdb0-211a-428c-b5b6-2ad042893327,aplikasi ini bagus,2025-06-07 08:26:08
1de34c67-810d-4c80-9e3e-43589994fcc1,bagus banget,2025-10-06 22:00:43
661c4112-f770-41ac-8250-91b82f998814,lumayan 👍,2025-09-06 12:37:12
a7b823ee-94af-47fa-bd34-3146dce73fed,mantap,2025-06-11 18:09:26
d86292af-9f35-4e92-9cf9-d8231cae1773,👍,2025-12-18 19:22:27
5122420f-beec-47ab-895e-f2a38ee7e3f7,sangat membantu dan mempermudah nasabah BNI,2025-04-15 17:44:00
7fa39550-2d67-4b05-a878-4f5e3a203ef3,"Pakai BNI wondr dijamin pasti lebih waah semuanya. Tampilan menarik, fitur2nya banyak, mudah, keren abis.",2024-09-03 22:03:43
dc3efa61-f944-4b46-8448-ddd05d72e94e,good,2025-03-02 18:18:01
76f0d97d-0de4-4d41-9d8a-29895cf37c4b,Alhamdulillah lancar selama transaksi appn dengan BNI,2025-07-02 07:10:52
6c7e1750-44d9-4279-9a74-0d10a90b2b39,mntap,2025-11-10 17:27:37
33afe810-a659-4f2b-8061-258d2e6dd5c5,BNI selalu terbaik 🔥,2024-07-08 21:44:22
e2ddad00-f668-495a-b6d7-47a0fbde56e2,"simpel,lancar,praktis",2025-03-05 06:44:13
00952f0d-a627-4575-b87a-b0ab2d9d5d42,keren,2025-03-13 08:50:06
42cad31a-5dcb-4bbf-a4d6-4ea3fd84a497,sangat puas,2025-07-04 22:31:24
c672ef12-8e29-46be-ab03-b70b333c93ea,top,2025-11-28 08:59:01
5176b58f-6aa9-4cbf-b589-c27ca6b50770,terimakasih BNI atas penjelasan terkait dengan apa yang saya keluhkan beberapa hari yang lalu sekarang saya bisa log in lagi ke aplikasi wondr by BNI saya mau bertanya lagi apakah akan ada terjadi masalah jikalau nomer yang kita daftarkan tidak aktif lagi ? dikarenakan dulu waktu dftr di indonesia saya mengunakan nomer WhatsApp saya akan tetapi setelah saya kembali ke Hongkong ternyata nomer sudah tidak aktif tapi masih bisa saya gunakan pada aplksi Whatsapp saya .,2025-05-27 21:29:51
32926af9-e863-4086-8299-ae6e1abf0547,top,2025-03-08 23:10:43
814eb1f5-e89e-402e-a949-99a9c5a6944d,sangat membantu,2025-06-20 12:27:32
0db088e5-32c5-40f9-8694-9a6ee180b94f,bagus,2025-03-18 18:40:57
56ed5337-ad2d-4ddd-b1d3-b4adb41ee1c5,"Top up tapcash pake wondr BNI, saat ini lebih mudah dan cepat...tks BNI",2024-09-03 18:07:48
ef97461d-65a9-48a0-8ff4-c9e55618ec03,Transaksi pakai Wondr lebih cepat,2024-09-03 12:10:23
d3b48812-de6f-4427-9303-88fec559ab9f,Ini aplikasi keren sih emg wondr.. lebih mudah simple oke banget pokoknya,2024-11-30 17:16:11
21d73dd8-3ce5-489b-9844-e1d770640a54,"Aplikasinya sering mainteanance,padahal lagi mau transaksi malah gk bisa,nyebelin banget ini BNI mbankingnya pelayanannya makin buruk",2024-11-25 19:35:14
0a532536-e8bd-49f5-a3f1-4f7ccd97149a,"kenapa pas awal masuk gaada option masuk/registrasi sih, kenapa saya langsung di arahkan buka rekeningbaru, kan saya sudah punya",2025-11-07 17:54:51
6dfcebbf-86b9-4d78-b1af-c5879e196475,bagus,2025-08-15 21:25:27
db9fd88b-52fb-4b8c-be44-a1d688caa498,Ok,2025-01-20 18:57:53
b6ed73e6-ecf7-47ee-9f08-78a5a2b1da15,mantap,2025-07-31 12:23:36
e865ade9-655d-4688-a93a-9c6ecf426273,sangat membantu dalam transaksi,2025-06-11 07:27:49
90fd2a2d-798e-4064-b54c-55851621bd29,"sngat memudahkan untuk bayar bayar, tampilan lebih keren dri yg lama",2024-09-05 18:18:52
abbeb489-fed9-46de-b0cd-0717154e1356,"sangat membantu sekali,",2025-08-29 10:58:30
a47e3e62-2636-4365-bbc2-9f7897f3baeb,"Thn 2024 mau ke 2025, tarik tunai pake kartu? Mana fitur tarik tunai. Kocak amat, bikin ribet, jangan kekayaan aja yg di tambahin tp fitur di kurangin, kocakkkkkkk",2024-09-20 22:02:53
66ab3618-03cd-4228-aa7a-9bd620d7a401,"Wondr dari kemarin terus ada gangguan, yang gak bisa masuk lah lah. Gangguan nya kelamaan",2024-11-25 20:02:30
db8d466e-960a-4305-9dec-ee8b6a77c6df,keren,2025-06-10 09:15:47
5686a68e-6a1b-463a-b105-1a9698bb48e2,"Terlalu ribet pembayaran2 hrs dibagi di BNI Mbanking & Wondr. Kalau bisa dijadikan 1 saja, biar memudahkan costomer. Terima kasih",2025-05-02 21:57:37
9a249fec-453d-42ce-9825-13351cc51663,sangat bagus,2025-09-09 08:55:53
262147ac-35e6-4fbf-8f74-14183be9bcce,"Untuk saat ini sangat bagus,",2025-02-23 19:46:01
0353a320-646f-4f98-a398-84144d88ce93,oke,2025-04-16 06:13:00
9fb91aef-a7b0-48ef-9179-2ad579a3d14a,semoga tetep keamanan terjamin,2025-06-09 18:30:42
87744670-55ca-4309-ad23-a94695b27ef8,"transaksi tanpa kartunya ga jelas, Nungguin otp masuk bisa sampai 15 menit. kebiasaan otp masuk harus 2 sampai 3 kali kirim baru masuk, dikira ga bayar kali ya ngirim otp 😮‍💨",2025-10-27 09:38:18
8c0d5ef6-cfa0-4221-b241-7eda54adc07d,Aplikasinya keren yang memudahkan untuk semua transaksi,2024-09-03 14:22:27
118ed4bc-23a4-4bc2-aa10-197297478d35,Good,2025-07-28 21:10:57
d38b2b30-f5a7-4d5d-9e43-045e85f58bfe,Lumayan bagus tapi untuk beberapa menu tidk bisa di gunakan misalkan bayar air dan top up,2024-12-07 15:48:14
da734b33-fc8e-4604-b1ee-b71fae6060bf,Oke banget,2025-02-27 23:10:51
638278d8-61df-4e8d-94d7-268c4e6af129,fitur setor tunai tanpa kartu belum tersedia ya..tolong perbanyak mesin ATM BNI tarik tunai setor tunai,2025-04-29 22:57:14
7ed1d8a5-f630-42bf-83cb-98e5d9410acb,"setiap mau login ke wondr by BNI selalu ada tulisan yang muncul ""Anda perlu verifikasi tambahan"" itu maksudnya bagaimana???",2025-06-27 20:52:21
fd0183d0-8dde-4707-a73b-17b2db75318f,suka susah di bukak aplikasinya terus cuma kerjasama sama gopay enggak sam dana tolong di tingkatkan aplikasinya yaa,2025-10-08 15:55:11
92f9b918-40b3-4a57-89d2-e5f30ab07879,terimakasih wonder by BNI semua menjadi semakin mudah.,2025-05-10 06:49:33
c1c90429-986d-4db7-832d-2b9e9b1aaa49,"Sangat membantu,, lancar,,, tanpa kendala",2025-10-31 19:32:21
e39a3cc3-d727-417e-949e-23909b2a6629,"Isi pulsa delay lama bgt, diketerangan gagal tp saldo kepotong",2024-12-20 11:17:08
9875e023-1cd1-4067-b8eb-3bb2650b3c0f,canggih,2025-07-25 07:40:04
1e98116e-c599-416e-91fe-a59bfc1fcb1e,baik,2025-02-27 11:05:26
20f8a8c5-4951-415b-8d4f-7016f0e71f3d,notifikasi keluar masuk sering telat,2025-08-03 17:24:53
6c525716-37f5-44f4-bc2a-de1d8e590d3b,tolong di perbagus lagi min,2025-06-12 21:53:34
c0932ae5-de64-480b-8ac6-68b41a47e547,"apakah ada gangguan atau pemeliharaan,,wonder BNI tidak bisa dibuka,keterangannya dibuka halaman muka langsung balik lagi ke icon",2025-07-10 18:35:53
6d7c13ab-da85-407f-a371-535969ff8541,so far so good,2025-03-02 18:31:34
c832498e-af67-44f9-a34e-e6742b1e8620,mantap,2025-06-27 16:04:18
e0e33df0-cd14-4eb2-a393-d240e6962717,mantap,2025-04-22 23:25:01
8fdb14e8-32b0-4b9f-8bdd-10db95ec3189,sangat bagus,2025-05-26 23:20:27
8bc6a647-a76d-435c-b38c-d163ffa6d9eb,baik,2025-04-16 14:38:07
d5d5128e-895c-4857-b232-bbdba90b3f43,Akses cepat dan mudah...,2025-09-16 18:35:42
c3645d64-c8a6-4dec-9dd7-b275fe8978a2,mudah,2025-10-01 18:14:00
fa3c1b7e-8b12-4a90-99b7-18f253433406,semoga terus berkembang dan bisa mendapatkan yang terbaik untuk BNI dan sekian teruma kasih,2024-12-04 21:56:25
ba56c319-1bde-4441-bb89-81a17a2d7d13,mantap,2025-05-16 19:36:48
4ba88fdc-72d6-4355-a8fa-0a0c32e1d476,Senang bisa menjadi nasabah BNI dan pengguna aplikasi Wondr by BNI 🙏🏻,2024-09-04 15:57:28
c0d11d3d-762f-4cd3-9434-c23fd4a474a4,saya sangat puas,2025-09-07 14:20:49
046867a5-2700-45d8-b985-f28bbdd128a7,Keren,2025-11-12 03:49:44
cff01a7c-4fa0-4f8e-bf45-375d4de12dbe,BNI PELAYANAN THE BEST,2025-10-25 07:17:13
5987e2a1-d851-4571-946b-36857f3a8d6e,"kurang memuaskn karna setiap mau buka wondr selalu daftar lagi,",2025-04-13 07:01:20
75e98c9b-44d0-415f-8c2d-e4c25a723475,Mudah dalam transaksi apapun..tapi limit tf ke dana di batasi,2024-12-12 05:51:40
12179f78-44d8-4a5f-972a-e06a59393af4,"Today, 23/10/2025 tiba2 untuk masuk ke Wondr by BNI tidak bisa dan selalu muncul notice ""Tidak terhubung ke jaringan internet...Bla...Bla..."". Padahal jaringan stabil/no issue untuk semua Apk/WA/Dll. Bahkan network saya 4G+/5G (Telkomsel HALO). What is this, Wondr by BNI???",2025-10-23 12:09:44
18ac9348-3832-4868-8732-734b8bd154ea,"Kenapa ini mau masuk kok ga bisa enakan pake BNI mobile dari pada wonder, mau transfer ke e wallet ada batasan sedangkan yang dulu ga ada",2024-11-25 21:04:38
5efc5ed9-ea35-4cde-aea1-32dbfed047d7,lama banget loading untuk masuk ke transaksi nya stuck di halaman awal terus ga kaya apk BNI yang lama,2025-09-03 14:58:31
e153116c-3db5-48ce-a0a7-9c8a29ae9675,Payah,2025-01-23 13:01:08
1facecaf-9cd5-4436-8e57-08a8a2e3706e,mudah dan cepat,2025-03-01 23:28:44
c657a1f9-46b5-415e-9866-18af515f28c2,keren fiturnya,2024-09-23 08:44:49
301677c2-fbec-44cd-b3db-f77011481575,Bagus bngetss,2024-08-05 10:24:15
8df50dcc-7d41-4b70-a583-01bc96e8c3fb,sempurna,2025-07-11 13:46:10
fde467bf-f079-4673-b640-682541b8ef12,cool,2025-09-29 17:20:44
148d2a3b-f39e-4756-9164-7214ea870e35,sangat baik,2025-04-21 10:28:28
4ec59f58-0778-4c23-9bdd-e946e4d8420f,kenapa fitur Fingerprint hilang ya??,2025-11-21 07:15:55
f78a3d94-f239-4464-974f-6271b0cdc823,mantaplah,2025-03-07 09:22:56
d058bf55-d60d-4892-89e2-7e60e3ea9f68,wonder by BNI sangat membantu saya dalam membayar dan menabung dalam satu aplikasi yang keren,2025-09-22 13:50:04
ed58f06c-20ff-4dc3-95ed-dcac53c8ddde,sangat bagus dan membantu,2025-08-04 08:12:43
e90a6bdf-6fa6-4d1c-9444-ce52f835d21e,bagus,2025-05-09 16:35:50
db422123-34db-4a16-b076-5c80efc5e932,sering eror!!,2025-12-05 16:59:58
01283cc9-1790-48ca-ad61-8f4d0374511a,lebih mudah dalam menggunakanya,2025-06-29 12:12:04
95f9d7d9-14e4-49d4-993c-d0a85b894c23,Lebih mudah di pakai dibanding yang lama,2024-09-05 12:51:42
20cf1ab8-73be-4c92-bd4b-d86d10f3f162,sangat membantu,2025-05-17 14:56:07
4ade09b8-6234-472f-b735-16b9fec88fd9,good,2025-07-28 18:56:08
6337246c-0356-404c-abef-1344268b8e75,"Sering error, 😭",2025-02-04 10:56:59
be144168-ee86-4135-855f-a7588d9c7832,mantap,2025-06-05 20:55:51
b51707fe-8206-46ee-882d-8d2f5b91747d,mantap,2025-02-24 20:48:14
b70c081e-8e1b-4882-a59b-99b66743d239,cepat dan Mudah,2025-03-26 14:49:52
fb906668-f1e1-4e66-86d7-ed225e0aac36,mantap,2025-07-25 18:03:45
83103743-ccca-4e88-83c6-dde434a39f0b,Sangat lemot dan sistem sering eror,2024-12-12 21:14:24
f81d9b2b-b990-44c9-b151-cd3078f8352d,Godd,2024-08-14 16:13:42
8f5e02cf-656c-4f70-876b-d91b4cbaf5e4,"makin lama semakin jelek dan busukkkk udah ada saldonya malah error, yg paling gong nya disuruh sambung ke wifi , internet malah aku pake dua² nya Krn mau gampang dan cepat ehhh malahhh kyk gini busukkk banget, pemberitahuan nya diperbaiki apa yg diperbaiki bener"" busukkk lagi keadaan butuh uang pun dipersulit apk ini , mau ke ATM juga malah jauh apalagi dimana manaa jauhhhhh 🙈",2025-12-01 17:28:50
17e8dd0b-300c-4e29-9e65-73f6520f72b4,sangat membantu karna lebih praktis,2025-06-30 10:49:32
22f1a464-6937-4c5b-8eff-4ba3a9112e9a,sangat memuaskan 😊 terbaik aman dan amanah,2025-12-16 21:56:44
21af9ffd-6ab6-46c7-8e95-c01a5bcf8b37,Untuk update selanjutnya Tolong jam transaksinya dimunculkan min.. Selebihnya sudah bagus,2024-11-12 15:40:22
c7f93178-63fd-4a49-b1cf-c8e48ae000dd,sat set,2025-02-24 10:39:00
d296700f-854c-4751-9182-a7ae80885760,bagus,2025-10-22 14:54:12
f538065f-2f67-4356-b41c-094f6289a889,oj,2025-09-22 21:58:59
843962f0-bfd8-4ac5-82b8-328ef5f956f2,saya kesulitan saat verifikasi wajah,2025-08-16 12:56:50
d8b5fef9-b8b3-4679-b764-afec1fb7de7f,perfect,2025-03-28 13:42:18
044c2260-86b7-4b63-a4a9-8150ffc4fb07,Mantap,2025-02-02 01:11:04
70fdaeea-fb1b-4bd9-9d0d-a9ae276ef9e0,"Aplikasinya berat sekali, lebih ringan dan gampang BNI mobile banking.",2024-07-08 21:55:28
e765b8ba-5264-4c9d-8904-1c2e4d94efed,baik,2025-06-25 12:09:16
d29d1a5f-33f2-4859-975b-d8b85bb95926,bagus.membantu,2025-10-02 21:52:24
8fd8a720-6a68-4290-ae86-f5c2d29d7283,"Saya kasih 4 bintang dulu, untuk awal yg baik",2025-07-20 11:25:51
975e1147-232e-47a8-be62-623df2f2842c,nice,2025-06-30 19:54:32
4384056b-99e1-408f-b967-a7faa67e3177,mantabbb surantabbbb👍👍👍👍👍👍,2025-09-14 01:49:14
52e16e53-fd9c-4700-8ff7-3abcac96159c,"Ini kenapa gangguan mulu dah heran gw, mbanking yang dulu nya pun sama tiba"" kluar sendiri makin gak jelas aja",2024-11-25 22:48:42
971140c0-4ab1-49f3-9e40-c440b2d24ef0,"aplikasi bahlul,sering eror dikit dikit perbaikan system,klo belum siap jangan terbitin donk,mending mbanking bni yg lama lebih lengkap fiturnya cuma kekurangannya fitur saldo g bisa lsg berubah otomatis setelah transaksi,fitur transaksi tarik tunai tanpa kartu jg g ada,lemot juga",2024-12-05 21:47:03
aad8506b-354b-4d8c-9a5b-ee8ec27e6393,Aplikasi mbanking tercepat. Kerenn🔥,2024-09-04 07:22:32
0e38fefe-af0e-4c84-9aa1-2149fc2a114f,mantap cepat prosesnya.,2025-11-11 10:21:12
da02fd80-8bb5-478c-a5ae-caccc90aa3df,"Perbarui lagi Fitur nya, d BNI Moblie, klo transfer bisa nambahin ""keterangan"" uang transfer nya itu perihal apa, klo wondr gabisa, trus klo Sreenshot udh bisa, itu bagus, tambahin jg fitur download rekening koran kyk bni mobile, klo emg WONDR mau d pke buat gntiin BNI Mobile, Fitur2 dasar jgn kalah laaah",2024-08-15 20:44:50
a49510de-6026-433a-97b1-5e083769ca6e,sering error,2025-08-01 21:42:33
aaf40de8-921f-4626-a008-33c8ce711348,Keren,2024-09-04 17:39:39
e5e1ba3e-608a-4ba6-9b91-d67051e55d47,wonder BNI mantap,2025-03-13 09:54:47
ac4b2ae7-03e2-47de-87e0-6969669e6931,"Katanya bisa buka kartu terblokir ternyata malah ngaco,",2025-03-25 01:33:36
9dad3bde-e65a-47f2-a240-5577e4eb080d,good,2026-07-03 11:39:57
3e2a374f-a5b6-4b82-8b3c-a338e9046ee3,mantap,2025-11-09 13:20:46
41ce4d6e-3473-44cc-9a26-f65f53316dd2,"Menurut ku Aplikasinya mudah digunakan, fitur nya lengkap, sangat membantu , jadi praktis dalam bertransaksi sehari hari",2024-11-30 11:56:22
59a227d8-ae96-43fa-9b92-00665d0123d1,best banget,2025-12-19 15:09:41
f51761d4-db4e-4b2a-97a8-db72c249df30,sering banget loading,2025-12-01 15:54:15
71d3c20e-fcc3-4da7-99d9-cc521596eb3f,baik,2025-11-11 22:50:52
81ad45c2-ba0c-45dd-a5d3-88bfe93f6786,exelent,2025-07-19 14:45:00
fd34b425-f38c-4932-9fc2-43bb07069a72,The best,2025-02-27 06:25:32
3d18bb99-f73c-4ecc-a5ab-417a417e6811,puas,2025-04-16 19:10:05
061d4e15-bd07-4d42-b48b-7538e60a2235,lebih baik,2025-08-13 04:48:52
5cdf58cc-f9fe-4eba-af44-10fd4f0dbf1b,sangat memudahkan,2025-07-25 08:22:02
65a6da78-a893-4f85-be4c-f3c903774cbf,"Apalah ni setiap hari makin susah di buka, sering gangguan gak jelas, kalau gak bsa bikin aplikasi jangan sok sok buat Mutasi rekening gak ada, login susah pembayaran sering gagal",2024-11-25 16:23:01
29d25929-d35f-417e-b863-a277a02b68a5,"setiap urgen mau dipakai pasti perbaikan atau eror,, kalo belum siap mending pakai apk yg lama,, lebih ringan dan tidak banyak galat,, coba dicek juga keluh kesah kolom komentar, jangan cuman bisa minta maaf dan tidak ada kemajuan.. !!",2025-12-19 21:25:36
06aa345a-ff79-49af-8138-f17d5afcbfe8,Fitur cukup lengkap,2026-07-03 19:05:57
a973cf6e-d5b0-4590-aac1-8b83b5c56dd1,"Mohon maaf min,ini aplikasi lagi perbaikan apa bagaimana kok tidak bisa di buka",2025-12-01 19:33:36
4f6cc090-6448-45f2-b6ae-533d217438e1,kerenn,2025-04-15 12:46:06
9282fbd0-6a71-4fa1-bafa-2fa7edf0cd11,kendala dalam perbaikan mulu gajelas,2025-02-13 01:29:23
8e270b4a-34c9-4d82-9de8-a011d998cb18,"saya sampaikan disini, tolong perbaiki sistem pihak BNI dong terutama fitur top up tapi cash sangat mengesalkan saya sudah top up berkali-kali laporannya masuk. tapi pada saat digunakan saldonya malah bounce masuk kembali ke dalam sistem. padahal jaringan saya bagus. bug seperti ini sangat mengganggu",2025-11-01 22:17:05
66dece15-e1cd-4362-b8e4-5c5b66c27032,terima kasih.,2025-12-04 02:50:17
6b04a428-8a61-499d-ac81-54d6c2da2570,"gagal tranfer tapi saldo kepotongg ,kocak",2025-09-17 03:13:33
a3fcbeea-a469-4513-ae84-5910e876f233,Kenapa sih sering nge bug di saat sat yg penting.. mana BNI mobile banking udh ga bisa di pake lagi...,2024-12-12 12:10:15
abb12722-b6a6-4c33-9894-f8d31ad2109e,ini apk kenapa sudah berapa jam tdk juga bisa di buka.,2025-08-18 20:34:01
a3e0fdbb-e3d1-455f-a81f-c91703c6ccf6,kerennn,2025-09-10 23:20:47
f128b9cb-b2e8-4f1c-bdda-def6b3a3eed8,sekrng login pke biometrik gak bisa,2025-08-19 07:45:37
da71febc-5617-4490-b76d-753f5d7e3714,"aplikasi kurang canggih, tidak bisa verifikasi muka",2025-07-03 10:19:34
ab072c99-5627-409a-87a7-ffe849390fbe,Aplikasi Tolol...bukanya mempermudah nasabah malah nyusahin nasabah!!!! Verifikasi wajah susah banget!!!!,2024-11-11 17:33:31
4063e83a-8913-49f7-b15e-418c51166dd1,keren,2025-05-11 15:38:35
a19339d4-ebe3-4859-9066-88d28fa0ac4c,ok,2025-02-28 18:05:23
f5fd5acc-24da-49c9-93b0-3835fa674f6c,"Makin hari makin bgst aja ini apk! Udah 1,5jam nunggu perbaikan sistem masih di kasih keterangan "" ada kendala di sistem"" ! Gimana mau nyaingin m-banking lain kalo sering terjadi ketololan model gitu mulu",2025-02-13 02:37:26
bed1fd70-e93a-43b4-a20d-5161538a345b,sangat membantuku,2025-11-10 18:41:13
5f3d36ad-2e8c-4952-a231-9be96021076f,"bagus, sangat membantuu🤗",2025-05-31 01:26:47
e317ddeb-9d46-4611-ab1b-e4554d6e06b0,wondr by BNI mudah untuk diakses,2024-07-08 10:53:44
03df1eb1-26fc-4712-a003-07b2c0b05e75,Ok sekali aplikasinya....,2024-09-03 19:53:14
a40ef0ef-26ea-451c-9d03-66406753abc7,aplikasinya sangat membantu banget😍😍,2025-08-31 20:04:02
44144f39-e5d0-4076-889f-097c75bc1eec,baik,2025-09-29 13:37:17
258b80ff-5a49-48ee-96a0-be0d7067db27,mantap banget apk ny,2025-02-28 09:35:35
387c1bca-ce36-43ed-a5f4-c240660ff61a,sangat membantu,2025-05-29 21:43:04
320519cf-9834-489c-b146-38e3fb9d1e4e,tolong di hp saaya tidak bisa di update padahal ruang kosong 22gb,2025-08-02 12:01:14
29fa3619-b8e0-48ae-98e0-f5a98fab0d7d,"Ntah kenapa dan apa yang salah pada saya... Sudah hampir 20 kali saya gagal verifikasi wajah pas mengedipkan mata, sepertinya yg bisa verifikasi wajah dengan lancar hanya muka muka yg normal kali ya,,, maaf sya ga bisa memberikan bintang,, kalo bisa kasih saya alasan knapa saya slalu gagal dalam verifikasi wajah saat mengedipkan mata...????",2025-02-23 22:53:51
bda3b26e-6c44-4fa7-a2e4-2931feac7095,Mayan lah pelayanan costumer service nya,2024-11-21 10:13:06
e77bab38-934e-49e2-8192-87e996471a6a,bagus,2025-09-17 11:45:57
5036e3ba-0fdd-4b46-bf41-8a6c0077bc6d,terbaik,2025-04-29 08:27:08
09ab694d-61c3-4eb9-aa29-e9f8f8f67881,mantp,2025-08-12 08:41:13
bce5f6ba-51d9-4357-9ea8-19b7ad6aeb97,top bgt,2025-08-23 16:50:44
973cb3ff-1890-42c9-a4e2-3bcb97a8acf8,Ok banget,2024-07-31 14:41:10
fdfa8c5e-9423-43fd-b8cd-e9a7db44f9fb,Ok,2025-03-07 05:46:28
ae2fba63-b20c-41e3-b47d-3f2744a9a68a,bagus dan lengkap,2025-02-28 09:24:50
4b8fb76d-7c13-4002-a7a4-86cd1e3ad51f,"kalo pas buru buru dan urgent mau pake aplikasi nya, pas tangannya basah susah buat log in pake biometri. harusnya juga menyediakan fitur sandi apabila biometri tidak bisa digunakan karena tangan basah dan kendala lain. Maaf rating 2 dulu",2025-03-16 06:19:48
88441857-3cf7-42f4-9d61-ea3fe85a7026,Ok banget,2025-08-10 11:36:38
8b3216e8-0bed-4e07-bb3f-59aa28b05466,okk sudah bagus kemarin gangguan satu hari saja,2024-11-26 15:24:24
c5b1acf1-7a30-44b7-b6fc-9eb0cb338552,sangat baik,2025-08-27 09:38:17
b0055aaa-4b1d-433c-b9e3-de4959988f3b,Mau bayar uang semester kuliah tp yg ada di aplikasi cuma UI doank,2024-12-12 15:39:14
458a0032-826c-4d44-9507-1b3f3a5526ed,"Terima inovasi nya buat BNI tp tolong ditingkatkan lagi n khusus untuk transfer E-wallet, tolong jangan dibatasin tonk",2025-03-02 08:14:13
414785f1-9328-4791-ab65-d0f54f05a7fa,Mantap,2025-06-25 08:06:18
15350865-c28f-495f-b00a-311f1393a560,Bagus,2024-09-13 11:59:21
9f9cc26a-1854-4c65-b5f7-4880a526c0c0,Aman.,2024-12-12 09:09:39
4e4338e8-c16a-4c1b-8b34-c4ecfdcdce39,good service,2025-07-05 17:11:42
caf90feb-fd33-44a3-bed7-99aad87fcd02,cool,2025-03-21 07:53:18
8e6125ad-867b-4444-98c5-aff410462d0c,sangat membantu dan sangat memudahkan,2025-11-04 21:21:03
5a644698-15a5-4279-b578-6f3e965df5cd,"Kenapa sih wondr by BNI tuh lemot banget kalo mau masuk, jadi susah klo lagi buru-buru",2025-03-08 16:02:41
2b1f90d6-af48-4faa-ae2d-1d8b233571d5,"sumpah lemot bgt ni apk, gw pake bni karna terpaksa aja buat nerima gaji, opening apk nya lemot",2025-07-01 20:45:05
f83bd4dd-b6e7-408d-b3aa-b5526c7eca9f,lancar,2025-10-14 19:27:13
0d8a947b-9717-436e-aa1e-504ffabf2c42,Aplikasinya bagus banget 🤩,2025-05-17 19:29:32
eab5a2ee-4680-4b4e-945e-417d9db38569,Bagus mudah banget dan satset tidak pake lama.....MELESAT.....,2024-09-03 17:55:31
7f705489-c735-4410-99f6-8f1e1ed28587,Kerenn,2024-09-02 12:47:23
efc331a9-c49b-4ff7-8fe9-868be5ed44b7,min tolong wondr punya ku ga bisa di buka,2025-12-01 16:56:41
33842f1b-004c-4d46-9411-8d01ef729a6b,"Sejauh ini aplikasi lancar dan simple,trx qris scan barcode cepet bgt ...waktu trx juga lebih gampang tinggal input pin aja",2024-09-03 14:16:43
d44d89e3-c7ff-451e-82fb-88a3f3947118,"sejak pakai wonder, urusan tf utk anak yg sekolah di Jawa jadi lancar,, makasih wonder👍👍👍",2025-11-11 09:10:52
a392131d-dd42-468f-9ece-98f7bbc2efc9,baik,2025-04-06 05:01:38
cadc5b35-8438-4e98-981b-2d2c64ea22ee,ok,2025-04-03 09:31:36
317bd788-3a9a-4ff5-9ddc-f911c6a4d4b3,Aplikasi MBanking Terbaik...,2025-12-02 06:49:15
192a4fcd-68b0-416f-9280-37018e076b6f,baik,2025-06-30 18:27:34
d15d6b7b-a3da-4392-8434-c2b5d76e8e2a,bgu,2025-08-31 18:46:39
580fd7ac-2f06-4480-a407-4fd743822aaf,Semoga lebih di tingkat lan lagi,2024-11-25 14:22:55
23c05aa9-2af1-4253-beeb-5f38d076bdfb,sangat membantu sekali,2025-06-11 15:27:40
e04894ea-abac-4ecc-a930-9c7e0aa7043b,Pelayanan nya memuaskan dan menyenangkan 👍,2025-03-02 12:17:37
4e7801bc-77b0-469f-9c5c-6d64729e820c,sangat cepat,2025-03-21 17:17:33
c21296bb-8379-4092-a4e8-e2d7786800ed,gokd,2025-07-01 11:44:44
fb4356d6-5d45-4e87-b77f-87522dc050b6,BNI emang ok,2025-09-03 18:47:48
419af24f-dce2-4a49-97e8-76399d618187,sangat baik dan membatu,2025-03-01 09:43:57
e1f9c2f9-df23-4312-8db1-a04be2979b46,mantab,2025-03-04 10:38:57
eeb2fbaf-96f0-4bfc-abcc-44e89cb165dc,"terimakasih wonder, ..kamu selalu dihati",2025-10-06 18:55:19
cdad1e19-5a75-425f-a3ec-35ea5f01b431,force close poco f2 pro please fix it,2025-08-23 22:02:23
65840e5c-88f8-463c-9588-1dcf4f9bed4c,membantu sekali terimakasih,2025-10-07 14:12:08
d6c9de59-045f-4e29-a44c-c5f279cce978,"Colourfull, lebih mudah bertransaksi, kereennn...",2024-09-03 11:58:48
f3306867-dd37-4954-b6d5-6412d20691c4,Alhamdulillah,2025-11-29 07:03:25
6782ed44-6921-408a-b5cf-616e931fe885,"lancar jaya,banyak fitur",2025-05-30 00:44:05
e5ae80bb-b695-472e-b576-b2a37409cfd0,"Wondr BNI mudah,cepat tanpa ribet",2024-09-03 18:15:46
3453e73f-1c0b-4aaa-9ce7-a0222cdf22f0,Wodr is the best 👍,2024-09-03 19:19:35
cc4581dc-f65b-432d-87f7-0510b0674a80,aga lambat prosesnya lemot,2025-10-02 03:01:29
7f9d0354-5c5c-4e4b-a323-fdae7a1af05c,memudahkan pembayaran,2025-03-18 13:07:30
070f9c48-6386-439d-b02c-b6abfe1cb1aa,bagus,2025-09-25 09:33:59
25ba88f7-807f-490f-b821-51115119bfc8,Sering fitur lagi tidak tersedia terussssssss,2024-12-09 22:13:31
912ef42f-e075-4e5b-8688-948ce2b5929a,mantap,2025-10-13 12:47:45
d4a7995d-a4a3-4cbb-b8e9-1b95b816af3d,terima kasih,2025-09-23 11:16:32
a7c8b3fe-20d9-4fff-8ef4-0bf023f6a8f2,"Tolonglah diperjelas masalah minimum saldo saya pengen beli flash sale jadinya gagal kena mininum saldo sehingga tidak bisa transfer ayolah bni diperjelas dan dipermudah utk minimum saldonya. Serta untuk biaya adminnya udahlah mahal banget 11k/ bulan,dibanding yang lain bahkan free adm. kecewa berat kali ini mgkn bakal pindah bank utk daily dari skrg jika tidak ada improvement dari pihak bank",2024-12-26 02:03:53
cee703aa-96b5-472c-92fa-995544240168,sering nggak bisa terbuka apk nya,2025-09-17 14:05:32
95b89bd3-bbc6-4189-9f0d-0447118c0373,lumayan bagus,2025-09-17 14:11:33
8a506f1c-6825-4a86-83dd-0bc77c3b39cc,"sudah banyak kekurangan dibandingkan dengan BNI mobile, lalot lagi loginnya kadang susah dan tidak mau terbuka",2025-02-06 12:19:39
b3d23457-c9d6-43fe-92fe-40f2ecad7d4d,baik dan mudah di jalani,2025-08-12 07:23:27
3fd7b27d-4465-461f-b563-6aa5cb51ee75,susah banget makin susah login lemot gabisa transaksi parah poll makin kesini,2025-12-01 14:55:52
833740d8-b0c8-49f1-ba1e-b12cbc8d37d5,kenapa jaringan bagus kenapa tidak bisa di buka wondr by BNI nya tolong perbaikin lagi lah,2025-12-01 13:03:09
44f4d4cc-8e5e-4e03-a08c-2f0658600227,Gampang trobel mending bni yg mobile,2024-12-05 20:01:11
13fc4b08-0010-46db-ac39-84216110698b,memudahkan bertransaksib,2025-04-16 20:48:44
fb32f8af-9bd2-4ccd-9cfa-88ef7de244de,"sebagai penerima bsu, fitur notifikasi wondr sangat dinanti",2025-07-08 11:04:41
c79ce9e0-4a96-4cff-8483-c8111d4ca6e7,keren,2025-09-25 12:55:40
d6471df7-6b54-40c3-90b8-58c005185531,mudah,2025-05-27 14:36:29
2c7d7b7a-1953-44da-9838-f7265f4b4d24,mantap,2025-04-09 21:45:06
959c5f39-3b6d-449b-a2ed-ee8d2f2d86b9,sangat puas,2025-09-26 08:02:07
10e895ca-c263-4e25-bdda-f9812a04b6d6,susah bgt buat daftar wonder,2025-10-16 19:40:12
b190b11d-eca2-46fe-9ca9-565153472b2b,bagus,2025-04-26 08:48:27
2b352be5-9e8c-42da-b414-f28ab5a19a9d,terbaik,2025-04-30 21:21:37
3f1c274e-0329-432b-aa6d-817bbdf07348,good,2025-05-15 14:06:11
96ec055d-eba8-4975-9c59-9df7b14d0c32,bagus,2025-06-30 17:13:32
f4d742ff-2514-4533-bbbb-2236688b0128,baik,2025-07-21 19:45:03
9ada80f8-b415-40d6-92e2-82b0e46f8e9a,"Woe.knpa sih ini wonder pasti gangguan. Kita itu butuh juga uang. Pasti eror. Di perbaiki knpa. Buat BNI wndr supaya gak ribet buat bayar, ini malah di buat ribet. Gangguan terus. Tolong di perbaiki secepat nya",2024-11-25 20:39:40
42832bc2-d7df-4268-8054-059487c762e3,Aplikasi yang sangat mudah dimengerti,2025-02-07 16:00:50
18d4676c-7d41-4394-8a89-f46d5c25f9c0,ok,2025-08-22 14:44:55
e80934e4-0c04-47b2-8b64-c2474a604f17,Barokallah Sangat Membantu.,2025-04-22 17:50:29
de4ebad1-2514-4a1b-b8ed-0d6df07ad619,"Sangat memudahkan untuk transaksi, aplikasi yg bagus",2025-08-01 17:48:41
85f599d3-d9f4-4e4a-9f56-7b07b5f61122,Kamera jernih Tempt terang kepala kanan kiri bawa gagal trus...kacau,2024-10-04 15:14:16
6297b00f-4872-43b3-8906-218c34c60bce,"Gimana sih aplikasihnya Pemakaian belum sampe sebulan. Kemarin tgl 14 november saya Melakukan transaksi beli paket data, akan tetapi transaksinya gagal, Paket datanya Tidak masuk dan Saldo di rekening saya terpotong. Mhon Bantuannya",2024-11-15 09:02:00
ca571ca6-b9cd-4aee-9778-cd160e2f3d40,banyak banget bug nya ini aplikasi,2025-06-20 09:41:49
50ea0f93-6338-42fa-bf4a-8985be03278d,ok,2025-11-23 16:09:43
6b47615e-4e1a-4aca-aff5-a7613632157c,okelah,2025-09-11 18:06:57
6eebb758-5a40-4359-ad49-b238bc47c44f,transaksi lebih cepat,2025-07-14 06:00:41
1d1478da-b20c-4f1c-9c0c-fd0e511ad087,Wonder dengan tampilan baru,2024-07-05 11:44:31
49bb07b1-7d73-48dd-8c80-588750f51539,Mana setor tunainya,2024-09-03 23:40:25
29c44684-53cb-4e81-8b35-b769b967ff38,sangat baik,2025-06-30 17:39:28
e52b1173-c032-49b3-a678-c025990a999a,bagus simpel ga ribet,2025-03-17 20:01:06
7eec0744-e46d-4bd5-b427-4a92af856b71,"Suka ngebug pas mau login tiba"" ngerestat ulang suruh masukin ktp mana udah mau bayarlah gk pake cash",2025-11-22 21:22:18
f2429111-3c1d-4f2e-bc48-811e714e2433,aku suka banget dgn wondr by BNI,2025-02-22 22:28:30
78fd6006-bd25-44b1-a276-4cd389cc94db,transaksi nya bagus,2025-11-11 17:43:39
668338cd-3ffc-461c-b211-7c71ee5d7d0f,aplikasinya sangat mendukung semua transaksi,2025-07-31 21:33:22
91c410e8-0c79-4513-835b-aa22e1f3cfa0,sangat membatalkan usaha saya,2025-04-13 19:00:22
bef0a89a-4cf3-4ad2-8584-ea51f7ad0377,sangat membantu,2025-07-10 09:07:12
104c720a-3f32-49bb-aa46-88ad1870d5af,MASYAALLAH...,2025-07-13 02:38:42
429550e8-0050-464c-8dad-ce1bde513655,Saya mau tanyak kenapa wondr by BNI saya sudah ad kenapa harus bikin lagi,2024-09-09 17:59:06
38ac8ee6-5091-4272-94a8-10d8d6e28088,mksh apk WONDR emang mantap tnp gagguan booos,2025-07-10 20:35:01
0594a8c4-a1cb-4883-a415-86c0369b106d,"menu pembayarannya agak berkurang, contoh menu pembayaran kepelabuhanan tidak di sertakan. tolong di perbaiki lagi",2024-09-28 09:29:03
6fcf5013-2ab3-48bb-9289-dbce8ea6f9d8,Aplikasi Tidak dapat di gunakan selalu keluar sendiri,2025-03-01 05:36:53
cf28c0f0-8280-4c21-8df7-534db754112b,terimakasih wonder lebih mempermudah semua transaksi,2025-02-25 19:37:11
e5fdfd07-83dd-486b-8f4a-2a8f254cfaf4,baik,2025-07-10 20:15:44
5eaa3937-44d5-4252-b5f6-905c3915b7bd,Sangat membantu dalam bertransaksi.,2025-03-15 10:53:12
5548103c-db37-433b-b645-26723260062f,Parah.. bank plat merah terburuk,2024-12-01 22:45:45
29bbcb62-895b-4530-bc6e-68e24a6306fe,mantap,2025-02-23 11:58:49
1d3ea2ac-5972-47fe-aaf2-41d96d238850,sempurna,2025-03-29 16:33:16
04a4c3e0-5d9d-4080-b1c0-2a15fa314725,sangat memuaskan,2025-08-15 17:11:44
89592d45-3bd4-4178-b082-32fb545d2b88,terbaik sangat membantu sekali,2025-12-02 16:32:10
1e5a6f91-5cc7-4622-bbf8-14e6474758fd,mantab,2025-02-22 14:23:16
355d6baa-0acf-4811-9583-b7911b30f7f0,sangat membantu,2025-11-12 09:02:26
f7ef319c-be1c-4aae-beed-6b18f1243ca9,Good,2024-09-02 11:40:36
0170bb8d-74bf-4d06-a8f9-4244693a52f6,apa apaan ini gangguan melulu jd ga nyaman make bni malesin,2024-11-25 21:34:40
d876f98a-8163-4b44-a6ae-c27d3db2364d,"semoga uang saya bisa kembali, menggunakan mobile tunai (tarik tunai) wondr bu BNI sangat kecewa, uang sudah kepotong di rekening tabungan tapi uang tidak keluar di ATMnya, laporan katanya di suruh nnggu sampai 14 hari",2025-11-06 23:26:58
8782c455-5e3c-4de0-8c2a-263baac21212,Lebih di tingkatkan pelayanan nya,2025-04-24 07:40:25
abf90627-bece-4fdf-a748-5fe90429aa86,mantap jaya,2025-09-11 07:24:31
76e5db6d-ddd6-410b-ae5d-3dceff61925f,lemot ya... Data baru beli dan juga pakai Wifi tapi masih aja suruh cek jaringannya padahal sy banyak pakai aplikasi lain lancar² aja,2025-12-01 17:44:54
858c9cc0-5729-4f25-93a2-3c198abec319,Akun sering keluar sendiri,2025-04-24 10:33:39
54ce9fe2-2070-4b77-ae9a-f20b1d2c31bf,ok banget,2025-08-30 17:07:49
8406d870-1109-406f-a685-ed309a82a4c6,apk busuk sering eror klo mw d bka,2025-05-27 19:14:58
7bb8afa9-0da4-4bda-8587-0680a3d75490,makin mudah sih.. tapi untuk mutasi rekening kok 2 bulan sebelum nya yg di tampilin.. untuk bulan sekarang dan sebelum nya ga bisa di mutasi saat ini harus nunggu dua bulan lagi,2025-08-05 22:06:29
97aa9270-cd9d-4350-a6a0-b7ba8dc2c150,baik,2025-03-27 17:37:09
b1302f89-ebb5-486c-ae5b-89310f48fbd0,Jadi tidak bersahabat,2025-12-01 20:07:12
66d6d648-7ebf-443d-af32-7c3ab85b455d,mantap,2025-09-08 18:54:47
fb8854ab-4ed0-4967-b19c-509d1359414f,gud,2025-05-25 07:10:04
ec707eae-809f-4fce-b42d-e90cdcb6aeb1,bagus,2025-07-19 03:50:16
6c7c35db-c072-451f-af14-33393d8889da,Sangat menarik,2024-09-03 19:41:58
776a2eae-e377-49e9-b006-a448d8f5a8cd,bagus dan tdk lemot,2025-12-17 20:55:55
0f6e52b2-adbd-428a-b174-c4c24c779961,membantu sekali🩷🩷👍👍👍,2025-02-27 16:13:35
56a200b1-501d-44bb-8292-658762890633,👍👍👍,2025-05-22 20:12:49
d37534d4-ca65-4ad9-9e2d-7bf459a535f3,kenapa ga bisa stor dan tarik tunai seperti mbanking lainya.?,2024-12-03 01:23:58
1581ddb4-c768-4555-8360-1d8265a9478a,Aplikasi busuk!!!! Loading lama banget pas dibuka Gua mau bayar pakai Qris ditungguin kasir blog!!!,2024-11-25 17:58:59
5b571539-f37f-4763-bd3e-26b6fbb5b431,Sangat baik ..,2025-01-28 18:34:17
f1302ab6-f800-4791-91c5-55d45093fec5,tampilan lucu dan seger.. seru dehh,2024-09-04 20:00:14
389d81f5-d8ea-4eef-8c61-4187d45ddf12,"pengalaman saya sebagai pemula, menurut saya fitur fitur yang ada pada aplikasi ini mudah dimengerti. ini membuat saya lebih nyaman dan mudah saat menggunakannya. fitur nya juga tidak lemot dan sangan membantu saya.",2024-12-02 09:51:32
5003019d-92dc-4a5a-8df1-78440ec161c6,mantap,2025-04-26 19:58:14
05ffed45-98dc-4d3b-86a4-3f06a463a765,bagus,2025-08-23 09:22:40
7c9a216b-f998-4786-bc90-fd58e3e61253,Asik banget.. pake Wondr by BNI 👍 mudah untuk bertransaksi loh🤟,2024-07-19 10:42:20
f7b3697b-f840-4f46-84cb-07a72faef566,Satu hari masih eror,2024-11-25 14:14:50
a004c173-ca66-44d5-9a36-eaa70c1409d4,mantap,2025-04-20 01:31:51
223a0b22-1ca8-4250-b769-3bd1e13f36c0,eror gangguan dari tadi siang belum beres²,2025-12-01 20:18:10
f7a6edde-e4ea-438f-8dae-667e8ecf0d9d,"sudah 3 kali aplikasi tidak bisa dibuka, ujung2 nya minta ulang data foto KTP sama verifikasi wajah... padahal udah di buat dua kali sebelumnya, masih enak pake yang BNI Mobile nggak ribet... aplikasi 🤡",2025-10-06 08:16:44
4f1f4ced-4cf9-497f-af8d-370bf64111cd,wonder istimewa,2025-02-26 07:07:16
7735343e-5119-4e46-aec1-5b64d4d69b56,Mantap,2024-12-12 11:53:42
8354ed18-bc21-4410-93bc-4893131d0847,sangat membantu,2025-09-23 10:55:40
86e7b257-2ab9-4e60-8703-d7caea15a7ef,mantap,2025-07-16 19:05:17
7eecb30b-464f-48b5-a8e1-69529b72c063,"Semenjak Pakai wonder by BNI ,, fitur fitur didalamnya enak di akses dan lebih mudah,, akan tetapi kalau saya pengen buka aplikasi / mau login itu lama sekali, harus berkali - kali membukanya ,, malah terkadang tidak brfungsi sama sekali ,,mohon di perbaiki 🙏🙏🙏",2024-12-12 19:27:31
b8d95402-6132-4bf9-acb6-a4ec2ced1f72,sangat bagus,2025-03-03 18:21:14
cf112a21-1ef2-4299-9d0e-e9ba37b29be4,klo ada kesalahan login contohnya verifikasi wajah tuh kasih kesempatan 3x jangan hanya sekali doang terus hrus nunggu besok lagi buat login! sehebat apaan si BNI ahh! aplikasi bobrok!,2025-05-05 19:58:40
0af99644-5298-47c7-bb90-17ea2fa77d98,oke,2025-04-28 22:08:39
3f7b742e-e79d-46bb-81f3-12d04077ba89,Memudahkan transaksi,2024-07-16 10:59:33
0f10d6ae-a043-47cb-b063-37ee3ec84805,Mantab,2025-06-11 22:09:30
27b446b0-0f96-49f6-9444-ebe8b9796255,Keseringan error jadi susah utk transaksi,2024-12-10 00:57:19
afac1138-7934-44ef-960b-01d7e7568147,sangat membantu amanah joss,2025-05-26 15:24:44
f5cc9767-bfa5-4780-940d-6d7e6424d407,Ok,2024-12-13 19:22:38
756acc5a-49fb-4a57-b77f-7ac640f941c8,topp,2025-12-09 11:15:54
d94787d4-2480-4596-af54-6a2c1254f427,baik,2025-07-29 00:15:12
5ea8ac17-0afa-4ca4-8841-8e2500a334e7,"Ga bisa login saya, kemaren bisa. Aplikasi aneh",2024-12-04 11:41:03
e8943776-63ff-4291-8eea-74e81918f957,"Buruk masa setiap mlm gk bisa transaksi, gara2 di apdet kata org kantor BNI sekarang jdi susah transaksi nya,tolong dong di perbaiki lg",2025-01-06 00:53:55
966342a5-e94e-4779-9c8e-044e0f99730e,Fitur-fiturnya mudah diakses sehingga memberikan kemudahan bagi pengguna . Untuk kaum milenial yang hampir semua menggunakan qris apk ini sangat menunjang pembayaran sehingga lebih sat-set,2024-12-03 15:13:36
09acd983-385f-4591-8615-77307004817f,semakin baik,2025-07-30 10:59:57
64597bb7-69b0-49a0-a1e2-00003663f31e,aplikasi ribet,2025-04-01 11:06:32
ba9f0356-b8dc-4cb8-b8e4-5b2b03251d6a,baik kx,2025-08-02 09:09:11
d9f31a7c-8398-4e61-88cc-bb7860a62eca,"tampilan keren, mempermudah transaksi",2024-09-03 17:12:01
4f88ea05-c8fe-47e8-956b-27c04694eb28,pelayanan terbaik wondr oke banget dech ...,2025-12-13 18:58:26
c4262f2a-62ea-4608-8ecf-abd61b3f2c6c,terbaik dari yg baik,2025-10-15 20:32:55
ce03e0ba-8efe-460d-983b-2aa0675082d7,"Biometrik nya ngga bisa, udah di coba aktivasi ulang tapi langsung keluar apk otomatis, di ulang2 juga sama, ada aja masalahnya ini aplikasi, kadang yg bermasalah aplikasinya malah di suruh ngecek jaringan kita lancar apa ngga, dikira kita ngga ada paketan kali",2025-08-29 00:21:20
10194221-a176-4498-bc51-134e998d5199,sip bgt,2025-06-29 22:07:43
4dc61824-bb9b-4634-9a7c-3e8835cab73c,"aplikasi nya lemot bgt, padahal jaringan lancar",2025-11-22 12:15:01
132b6740-7101-4d82-a81d-5e02861c3b53,ok,2025-08-11 14:51:20
533274a8-a66c-4630-bf6d-77688b312af9,"Aplikasinya keren, mudah digunakan, dan cepat",2024-08-01 17:37:56
633feefe-5535-44af-b087-4b22bcae883f,baik,2025-11-18 20:16:35
959fd2b9-db12-40cb-850a-07cde3a20e76,Terbaik,2024-07-02 09:25:58
ff705a20-cfb2-4438-b9f9-96c48364f9af,sangat baik dan tidak ada gendala👍,2025-03-17 19:53:30
aa75a28b-638e-4786-a3d1-4bee3dd2f072,Simple app,2024-10-09 20:43:55
aa154bea-4913-4110-9f22-da3888a16fbc,"Tarik tunai mobile harus pakai kode OTP via sms, kode sering gak muncul, ribet",2025-09-07 20:54:37
74b53890-1ae2-4fed-9d21-bc3de93ae854,mudah,2025-02-28 13:41:51
65bb3838-567c-424e-8fb1-432a9ece4e15,Baik,2024-09-20 12:10:06
82df6726-21e7-4dad-948b-32fcbe9d4446,BNI the best,2025-11-10 21:41:00
0e6d8a24-80a9-4ea5-9eb1-4a21bc49992c,aplikasi cacat mau dipakek eror mulu,2025-01-22 00:58:04
341ea737-d7a9-4062-b5e1-dac12d2d55de,mudah dan mudah tanks,2025-06-22 09:38:55
2808f2ff-ebc2-43c2-8627-7ab53d0a69e7,ok,2025-04-15 20:05:11
f7d5d148-bc71-45ee-af09-0cf39ee5c337,selalu di hati,2025-08-03 19:51:13
877881c4-1d2e-433d-83c8-f343ba73e6f4,"Pelayanan tidak ramah, pegawai Judes, jutek, Satpam tdk ramah, BNI pangkep",2025-08-06 08:48:52
4582595b-2402-475c-8f31-eee04e7bd33b,Bagus Membantu Sangat,2025-02-23 12:50:27
58f6026e-6a7c-419a-a10f-b17fdd3746bd,bagus,2025-08-26 00:14:02
c3c83e47-291b-4d37-abe7-b53278e564b3,"Alhamdulillah,, SangaT Baik dan LancaR",2025-10-10 18:56:49
22215bb1-84bd-4911-a348-fed417bb5f3d,"Aplikasi mudah digunakan, desain menarik. Membantu transaksi jadi mudah.",2024-12-02 20:37:10
5fa19a79-e01b-4de0-8907-fef780d0a444,membantu untuk semua transaksi,2025-06-25 10:55:45
f78c1750-15cc-482e-baf8-4cfc930341b0,"Aplikasi hama ,gagal login terus",2025-12-01 15:53:13
98fe45c5-72c1-4c85-b33c-14f1c7b34982,Ok lebih mudah dan sip lh untk transaksi,2024-07-15 10:04:25
928071ed-318e-47ed-8087-69654422a0ad,terbal,2025-09-12 20:22:31
1236a43d-9b1b-44d5-9c19-6d6529059a09,Eror terusvuntuk hp saya .2 hari tdk bisa login..tertulis ada kèndala..tim kami lagi service.dan di coba lagi..,2024-12-28 13:26:09
5b56c061-17b7-4006-b2d6-f75d2c108ba0,Kandang bisa di Buka kandang gabisa update wonder malah gajelas enakan aplikasi yang lama,2024-11-25 20:36:02
afe3ce6f-54ea-4101-b106-cda1d93bb163,menggunKN wonde by BNI transaksi menjadi lebih mudah,2025-04-01 05:41:35
55fe0d18-01aa-419e-89bc-0bb0e0aed2d1,"Mudah, cepat dan praktis",2024-09-02 13:37:22
041ffd83-f65f-4783-b656-476d591bf390,"aplikasi busuk, tau"" diminta ke BNI cabang, kalo ga siap launching apk ga usah suruh pengguna migrasi. padahal migrasi karena pas dateng ke kantor cabang disuruh migrasi ke aplikasi wonder, make sehari tau"" ada notif suruh ke kantor cabang buat lengkapin data. GOBLOKNYA BNI WONDER",2025-06-21 14:38:40
b5485392-b229-46ce-bd57-1579ed5ffc0c,cepat dan efisien,2025-10-24 12:56:12
de399f58-4521-474d-9d46-89a68d8078b9,mudah,2025-03-25 16:52:10
b78e0d62-90c7-4f08-aa1d-2f5f5062a70e,praktis,2025-05-31 19:23:27
c1c820ba-9c76-4023-a590-a60fcc6d32ab,mantap,2025-07-05 11:47:57
503090b8-588b-419b-9e78-c99d06c10eff,Good,2024-07-31 10:27:03
f8664201-0e44-4ec8-96f3-2767a842e75d,oke,2025-06-09 19:53:57
792a65e2-5f1f-47f2-9ff3-66a37279c25f,aku suka blanja dan sering topup jadi mudah terimaksih wondr emang thebes,2025-03-10 05:41:06
0b2ba1cc-aab0-4e19-8fc4-fb46d172d9e9,mantap,2025-10-19 19:20:38
532421af-6b67-441d-a0b5-3f2824632dfe,"Aplikasi superapp dari BNI yang lebih baru, aman, cepat dan keren tentunya. Kami bangga 👍",2024-09-04 10:59:27
a718220c-9063-40e7-b66f-985edd78ea03,Mobil bninya kok g ada ya..susah klo mau narik gda atm..di aplikasi baru ini g ada,2024-07-21 19:51:17
8bc830ff-1813-44f9-8289-886fbefeec11,mudah dan tdk ribet,2025-02-22 19:45:05
9e9689ec-5d44-4c8d-9b42-566664f731a6,tidak bisa diakses alasan jaringan 😩,2025-12-01 16:28:31
f1dd9638-1d4d-4967-866e-cbbf93ede80c,"Parah kali, transaksi aja sulit, kebanyakan loadingnya..padahal signal bagus",2024-11-25 17:44:39
8d6eeca9-4b36-4b7c-846d-273a813d4381,JOSSS,2025-03-14 22:20:23
6e742a61-480d-4218-a76c-30427f53175d,Mantap,2025-02-19 10:20:04
7e5f5559-733a-4e53-ad84-27b48d2624ab,"Sangat merepotkan, sudah berulang-ulang kali berhari-hari verifikasi wajah gagal terus padahal sudah pake wajah asli tanpa fake tanpa editan. Bikin aplikasi sungguh sangat merepotkan. Sudah di coba lagi sudah sesuai tapi tetap gagal",2024-12-16 14:45:04
1a94d78f-4195-4a64-966e-1b2d850818de,"aplikasinya bagus sih, cuma sering perbaikan, pas urgent mau bayar2 jd repot.",2025-07-02 09:48:06
31107bae-1a95-418e-aa1e-4fa597aa8a85,mempermudah nasabah tingkatkan terus kualitas layananya,2025-07-15 22:44:16
0573752b-f59c-4895-801b-e7ac41eb8093,mantap,2025-05-23 08:43:58
5db5d429-9292-42b6-aaf3-7f723203e920,Terbaik wondr,2024-07-08 16:14:32
9c206369-c215-40ef-bf72-0d9e4caf20ac,gud,2025-02-25 09:40:27
1f5e0e77-d1ce-4b59-8987-3088f7b113eb,Mudah dan cepat,2025-04-20 09:52:33
6749ad08-3532-4171-a704-dcaed521c7d3,"Aplikasinya sangat membantu dalam urusan bertransaksi pada ecommerce, fiturnya gampang diakses. ngga ribet.",2024-12-03 13:11:40
e3ca5afa-716d-449b-bc2d-ea666cfec147,jelek x jaringannya,2024-11-25 18:18:20
952177f2-fbbb-4363-bb4b-9a45a9863de0,mudah dan simpel,2025-08-11 11:11:06
b558bcc4-ff8c-41a2-88cb-c6da4d8cb2f1,mantap,2025-05-15 09:56:56
d32a36f2-fea1-4b4b-87d8-0bae78aa8728,aplikasi wondr by bni lebih simpel. sangat gampang transaksi dr aplikasi tersebut . pokok nya keren wondr by bni. sukse selalu bni. top markotop deh,2024-09-03 20:31:09
d1020f76-e5e5-4ee9-8eb5-29c60f0e561f,good,2025-03-08 14:18:14
ede946f4-2f42-4ae4-b92a-ad8cb0277796,"Ini tolong aplikasinya diperbaiki dulu, sudah buka rekening lewat wondr tp pas hp jatoh tiba² akunnya ke log out, nah pas mau log ini kok nggk ada menu log in nya,malah diarahin buat buka rekening baru, gimana sih, aplikasinya gak lebih bagus daripada BNI MOBILE",2025-07-16 13:06:01
d9d33149-1758-420c-b8f2-8bd233093924,the best,2025-11-07 16:03:13
79482500-807e-4de6-9b05-cde537523216,nice,2025-09-21 16:27:19
97192620-284a-4714-8243-82cb54a93555,ok,2025-09-15 09:16:54
234c9abd-8f67-4c50-a876-e34d2a89eeda,Sudah lumayan bagus aplikasinya.. tpi ada kurangnya Wonder by BNI knpa klo ada uang masuk maupun keluar tidak ada notifnya? di email jg tidak ada? mohon infonya..,2025-12-13 11:28:54
067410cf-42d0-4d0c-a5f4-597a3dadb884,kenapa ya setiap transfer ke bank apa pun slalu transfer belum berhasil...... info dong...,2025-07-24 14:42:47
e66a0c66-70b0-4db4-844e-7050a8901ca8,"bagus, aku suka banget pake wondr BNI ini. bintang 100000⭐⭐⭐⭐⭐⭐",2025-08-06 14:07:47
3cdd9be2-daaa-465e-ac75-c5d1963c9c7a,mantap,2025-07-25 05:01:10
4696e953-a740-45a1-bfaa-673f26209324,"Masih belum lengkap fiturnya, semoga ketika di kembangkan lagi fitur yang ada di BNI mobile lama seperti tarik tunai juga ada di wondr. Nanti ketika sudah ada saya ganti bintangnya",2024-11-11 23:23:53
1875e659-a311-4c8b-946c-045b5a16124d,"saya sangat puas,,,cepat praktis,mksh",2025-08-26 10:28:16
873dd5d9-4856-4e09-b390-55f78801a59f,"oke,tapi masih belum lengkap",2025-03-01 12:54:59
fd985d6c-c3d4-475a-a120-c1990e2f73cc,paling baguss ..nyaman pake wondr,2025-05-16 16:43:12
2972171c-820e-4e6b-b648-881699c81d71,mantap,2025-03-11 12:18:16
d7aa788b-bcac-4709-9ed8-6c85c64834a3,loadingnya lama,2025-07-24 20:53:04
10260a68-5bdb-4b69-9c9e-3e68bc0b6691,baik,2025-05-16 04:44:21
e4e73f53-b576-4570-81d4-3481a70554a2,aplikasi nya sering trouble disaat sedang di butuhkan,2025-02-05 22:48:24
b1a53454-e957-4d59-adfb-83764cf120aa,"Ini Kenapa Coba Apl Ya Udah Di Apdet Tetep Gak Bisa Di Buka Padal Lagi Ada Kebutuhan Mendadak Transaksi Apl Ya Gak Bisa , Kata Ya Sedang Perbaikannya, Malas Bangett, Apl Ya Tidak Membantu Malah Menambah Masalah. 😒",2024-11-25 15:42:43
1a540de5-eb26-4725-a57a-e2912dbb90f3,verifikasi muka susah nya minta ampun hampir 1 jam kedap kedip mata susah banget,2025-11-28 01:25:52
c6ac17b5-e1c1-40b7-a0d3-f5d4770e2c8f,"saya sudah 4 hari mencoba untuk login ga bisa"" karna masalah ambil foto KTP.",2025-03-13 11:43:11
5d1a0bb2-773b-47ea-8673-d4adfad672d3,womder is ok,2025-12-12 20:17:09
cb4e966d-c1d0-417e-8de3-07792925d12b,mantap,2025-04-14 16:06:55
4cb00aa1-7e69-4357-992c-5a3cfe107cef,josss,2025-08-15 16:55:15
c663679f-924b-434c-bc86-c998fee5a539,Aplikasinya suka eror saat dibutuhkan...mending mbanking deh,2024-11-25 15:22:06
33a23a3b-ac8e-4018-9781-c1df4ce61a5b,"Sangat membantu dalam bertransaksi harian, lihat saldo e-wallet tidak perlu login bisa langsung di intip mantaaps",2024-09-03 09:50:47
158a9cca-8f97-487c-9f17-3e2b1f18294e,"sangat baik sekali daripada versi bni mobile,.lebih praktis dan tidak ribet.",2025-03-12 14:06:44
1ea8408e-2b29-4ff9-9348-60b128430c8e,oke,2025-09-26 19:40:13
e60aac77-12ae-4233-a52c-cbb24315790d,"Saya baru beberapa hari menggunakan Wondr, setiap kali buka ada notifikasi tidak tersambung ke internet padahal sambungan internet normal shg beberapa kali tidak berhasil transaksi. Saya sangat sangat kecewa. Pengalaman ini jarang terjadi pada saat menggunakan mobile banking BNI sebelumnya.",2025-12-14 15:44:17
e93060a7-8264-461c-a2a1-04bca2b788c2,"selamat pagi, ijin bertanya mengapa saya sangat susah untuk memverifikasi wajah dan juga sudah saya ikutin selama 4 hari juga tidak bisa selalu bermasalah, gimana solusinya nya??mohon bantuannya apakah ada solusi terbaik dari wonder by BNI terimakasih🙏",2025-03-11 09:14:49
a3de70ae-79a8-4dc2-8545-a620744bbc8c,keren,2025-07-08 14:59:37
1ba129d5-c00f-40f3-979f-9312609517a0,keren,2025-05-20 11:28:50
bc1a55b2-01fa-4f81-a2e7-57d276da60c8,"Good. But the downside is that every month on the first of the month the bank automatically deducts money, which is annoying.",2025-08-07 10:42:46
5cb01d3f-92e4-4eef-a4c7-2667d3e38e03,"Aplikasi apaan ini, menyulitkan nasabah saja. Sudah ada tranksaksi Q RIS yang gagal terus saldo berkurang. Sampai hari ini belum kembali Dan Aplikasinya juga banyak fitur fitur standard yang belum bisa dipakai, kayak bayar Q RIS sendiri untuk virtual Account. Hahahahah Aplikasi Kacau !",2025-02-04 10:07:30
7a0de32f-7cec-4200-bfa5-4a24d442ee3c,aplikasi force close pdahal sinyal kuat,2025-07-07 10:21:07
197f784b-ddd9-470d-bb20-fc38417ead3c,fast network,2025-02-28 13:14:37
8595e0bb-650e-47fe-8787-0da6817c0968,baik,2025-03-20 07:04:15
cbb41a32-ff65-4284-8e86-6e0f049dc0fd,Apk eror gk jelas masa udah terdaftar keluar sndiri terus gk bisa masuk,2024-11-30 18:59:45
235db1bf-b7b7-4957-8317-3fd6156c639e,verifikasi wajah yang bikin jengkel dan pegal,2025-09-20 08:27:20
03f70c11-875d-4e8a-9e24-ddb24385bddd,"aplikasinya bagus dan sangat mudah pengoperasiannya, tapi sayangnya lemot waktu saat membuka aplikasi pertama kali, mau butuh cepat malah lambat, harus sabar sabar pakinya, beda dengan aplikasi sebelumnya yg normal terus, jaringan saya lancar, untuk streaming juga lancar",2025-06-29 22:03:21
7f6685fb-8512-4d4b-8e5c-9cf96c86444a,"Disuruh pakai wondr terus²an malah ini jadi ribet begini, lebih enak pakai bni yang dulu",2024-11-25 13:37:42
f061e84e-82c3-4fca-9681-cc7a7375bfa7,ini kenapa keluar masuk apa nya,2025-07-30 18:40:03
8d7eebd5-07dd-47bd-bff9-5caf39a23a30,kenapa aplikasi ku GK bisa transfer mohon bantuan ny😭🙏🏻 kirain saldo yg gk cukup tp d coba ulang juga dgn TF nominal kecil juga gk bisa😭😭,2025-07-22 20:26:33
191b450e-0cca-468f-a5b6-be135199462e,Tampilan lebih bagus,2024-09-03 17:46:08
6a5183cf-26ad-4b84-a40b-59d11337acf5,"di balik fiturnya yang canggih dan pop up yang menarik serta mudahnya berinvestasi melalui bank ini baik itu deposito bank, dll. saya kecewa berat, mengapa? karna app ini ketika transaksi tidak menggunakan PIN dan sangat membahayakan nasabah jika device nya hilang di curi atau di salahgunakan orang lain. apalagi saya baru dapat notif bahwa berlangganan google saya tiba-tiba ada transaksi yang bahkan tidak menggunakan autentikasi dari saya. saya kecewa berat.",2025-08-14 05:50:15
d6465952-84ae-43c6-a5f6-a248d14f383b,tidak bisa scan qr code dari aplikasi bni lama sama aplikasi dana,2025-05-07 12:06:06
5dc49ada-c5f4-4764-a688-6fb7acc6062c,sangat membantu,2025-06-19 11:27:43
8e0557c4-3ed9-420b-a40c-c10543314054,"sangat berguna bagi nusa dan bangsa dari dulu pakai bni tidak pernah mengecewakan, rekomend banget deh pokonya the best",2025-10-15 22:14:14
fa0ef6f9-3128-4330-ac78-5dfa75670dbd,good sih,2025-02-25 19:39:36
05f5a028-af24-48d5-962f-c4ae0b10d567,"kacau, suruh aktifasi terus",2025-12-17 19:46:46
674ae759-e8dd-4d8e-b42c-987520ff58ff,bagus dan mudah caranya.,2025-10-27 08:42:56
002a4f38-17fb-4a0f-9ec2-205ccf4b873f,ok banget wonder BNI ITS the best,2025-02-23 23:24:18
45be268c-e1c4-450b-b749-9588ffb0bbd2,sangat mudah simpel dan mudah penggunaannya,2025-03-31 15:18:27
5e26870d-bc65-4352-bdc8-b5faaff77176,Lebih canggih,2024-07-05 11:36:44
b24ceaac-5911-4971-b34e-3eeb55f7c9a2,"masa mau daftar suruh masukin no kartu debit, daftar aja belom malah suruh masukin no kartu",2025-07-20 10:24:19
c149a918-753b-4a1b-8d74-e6f27fa3e771,jos pelayanannya,2025-07-20 09:09:44
deff9990-a20a-4973-93b1-fbe93fb78db0,Sangat baik,2024-09-03 19:37:57
fce839db-65fa-455a-991d-c815d954f7b2,okok,2024-08-12 21:58:01
432ec661-65ad-49ec-bccc-99974e661052,"Tampilan aplikasinya menarik dan step transaksi jadi lebih cepat, mantap...",2024-09-05 11:38:33
0ebfa5e9-eaea-4fc6-b2e5-6427bd4b3499,sangat membantu,2025-10-29 01:51:43
d9e7292c-3afd-48c8-a682-aaae3eecf7e3,Good look BNI,2024-07-11 14:59:11
5f4d3efd-e42e-4f76-ab85-35c8b58a7d6f,"Kalo pakai internet hp sendiri Stuck dimenu logo, lama menunggu menu login, sebaliknya kalo pake wifi lancar, aplikasi tidak sebagus aplikasi BNI satunya, itu saja kurangnya.",2025-02-28 09:33:36
3e4e328b-962e-4742-851b-9a6033ec2953,Tidak ada fitur tarik tunai tanpa atm,2025-02-24 09:06:44
b2e6bf05-9a1b-470d-91cb-eacbe5a1abbb,sangat bagus,2025-08-10 13:47:15
6d8cdb16-40aa-447a-a431-e1e76cab778d,Terbaik,2024-10-14 09:28:22
233d3a0b-8050-4f25-919a-ea291121f519,bagus,2025-06-26 00:58:01
f7d3b263-590b-4270-b67c-1761c6131792,bagus,2025-11-04 09:43:02
5bbcbe3e-9bac-4885-83e4-8d4e19178370,gangguan apa sih,2024-11-25 19:24:26
77401fc8-7269-45e2-b9f5-6faee5bdab84,puas buanget lor,2025-09-25 12:15:00
5f446a60-ea34-46aa-a4fd-4cc3f0c59abb,simpel cepat bnyk fiturnya,2025-09-25 00:13:47
c7094b0e-0723-473f-8e8d-1170ad755925,"buka rekening online bni di aplikasi wondr bisa gak ya? saya tanya livechat gak ada respon responnya, ke agen bni46 nanya buka rekening laku pandi gk bisa",2025-12-15 11:09:40
3da596b0-a6d1-4567-8625-735241775055,sangat membantu,2025-12-13 17:44:21
be5dee80-f6ff-4293-a858-7df078343f5e,luar biasa,2025-05-15 10:38:40
8bb6b7ad-1cee-455f-903f-14a77465d9b1,sangat membantu,2025-03-03 03:45:40
243481e9-21b7-417b-98ce-df09d4b9ca05,kenapa hari ini wondr BNI tidak bisa login muncul cek jaringan padahal sinyal kuat sudah coba pakai koneksi internet wifi tapi masih belum bisa login juga,2025-10-23 12:24:34
80b6abd8-75d5-4571-aeca-3192ff2f2092,Dengan Wonder jadi lebih mudah,2024-09-05 07:33:21
cefe59d0-df80-473d-a4ab-5f104ddf545d,puas,2025-07-31 20:25:24
137ab7ac-1e1c-4924-9f64-67b28b4345d4,mempermudah trnsaksi,2025-03-20 19:00:41
31e68211-d74c-4011-bd9f-8bd07dbf290c,mantap,2025-08-15 19:16:05
3f31c5ac-a185-43e0-a26d-3d9dd47d4dad,"lemot, mentok logo doang, udah clear chace, udah copot instal ulang, jaringan internet jgn ditanya pake halo tetap stabil, tetap aja mentok logo, padahal pake bni mobile lancar lancar aja",2025-11-06 14:25:38
3f1feb86-c2c8-431d-b0a1-27253852af11,ok,2025-07-21 15:02:00
010f9b49-8aa3-4949-8133-4481a861c847,bintang satu. sensor muka tidak sensitif.,2025-08-30 10:48:25
0e14a857-48aa-4cb8-a5d3-59286d1afe3a,"Saya pengguna wondr dan beberapa apk perbankan lainnya, tapi sayang wondr masih kalah dalam hal fitur",2024-11-25 19:36:31
a98ac92c-3e5c-41f5-b657-9c2d4c2db426,Lebih mudah aksesnya. Cuma sayang QRIS untuk penerimaan dana ga ada.,2024-07-22 10:07:02
3de80f3c-8e10-4c40-962a-07f653b86ff4,aplikasi ini cocok digunakan bagi kita,2025-03-16 21:51:24
ad9b192d-4711-4f5e-8b81-cc2095ec243d,Aplikasi Wondr by BNI sangat bagus dan sangat membantu Transaksi apapun tidak perlu lagi ke ATM cukup Wondr by BNI semua beres bagi Nasabah bank BNI Jangan Lupa bergabung ya Oke banget Memang Mantap Istar Lubis Medan Sumatera Utara,2024-12-13 10:31:57
4d84cd7d-b6b0-40f4-8c94-6ed30f439231,Aplikasi lebih mudah digunakan,2024-09-04 12:51:08
d44f2f32-b73a-4ad1-a29b-b7d94cce63b1,mantap,2025-06-27 20:07:28
840e6ddc-7d53-41b2-a502-6b058545a820,𝒃𝒂𝒈𝒖𝒔,2025-07-10 17:19:32
b96431a8-7b55-46b9-91ab-2d9020938d1a,mudah,2025-04-06 08:24:49
aa756eb5-19dc-41ad-a203-cc071077ccbe,sangat baik,2025-03-04 22:32:09
fd6e78e5-b9e4-4c65-9fbe-3b9f37cbab63,mhaaantaapks..,2025-07-26 07:44:13
40528516-1730-4714-90cf-a9366915b6e2,"Kenapa ga sekalian aja limit transaksi quick accessnya dijadiin seribu aja? Mo tf ke dana aja susah kena limit, enak aplikasi lama.",2025-01-13 11:22:37
3872d7e5-bd34-4b3f-9305-13632f761775,ini kenapa aplikasi wonder gabisa dibuka. eror Mulu. apus aja ini wonder dari indo.,2025-12-01 15:58:36
eb2f6791-1b97-4ad4-b525-7366bea834f1,baguss dan simple,2025-05-03 00:52:40
6c67a377-659f-4e3f-89fe-cf173eeb1e5c,sangat bagus,2025-04-28 11:40:38
aec1352a-8c25-4b18-a65d-2df211346df8,"tdk bs vert wajah, data tidak ditemukan. alamak najisnye",2025-10-08 07:09:39
4a469155-3407-45a6-8b58-ef7246ac2ad5,puas bngett,2025-10-24 09:58:51
c158f3d1-17bd-44f0-ad24-ce0f885224b3,"Aplikasinya bagus,mudah dan ga ribet.",2025-04-12 19:24:35
8aec35ca-b9d9-47e6-8f8a-655d306d3b75,aplikasi ini segalanya jadi lebih praktis dan efisien. Benar-benar memberikan pengalaman pengguna yang luar biasa💯,2024-12-02 10:05:29
6a4e5332-913e-4b81-be3a-e08c0e1fa0e0,nice app,2025-07-19 03:00:07
ab4530f5-ca3f-4d31-a9b9-9451e7eec863,alhamdulillah terimakasih.,2025-03-21 13:56:02
0a0a6569-4586-4801-87cd-9a02485c8944,baik terhebat,2025-08-21 09:01:56
2a9d415b-2179-4bf0-98f9-91bff3a691ca,"Tolong di kembangkan lagi, masa uang transferan yang masuk tidak ada bukti ulasannya,tapi kalo uang Kluar ko ada bukti nya....gmn ini kakak",2024-10-16 11:04:11
755944f1-32cd-4b6c-82c0-3720dea3e267,"KENDALA MULU INI APK, PAS MAU BAYAR QR ASIK KENDALA MULU KADANG SIH TAPI SANGAT MENGANGGU AKTIFITAS PEMBAYARAN KALAU APA APA GANGGUANNYA",2024-10-04 10:04:49
ea06b6a9-4b07-4cc7-bf74-33743eef4d24,sangat puas,2025-03-02 21:29:14
2e0c6338-7fb3-4098-a345-fbb73441cec9,bagusss,2025-02-28 09:27:52
c6cbf1f1-65e1-4980-b41e-37e5cfb33fe8,baik,2026-07-04 19:07:58
daa58203-0af1-4771-859d-c76dbe6487bb,"Di arahkan pakai aplikasi baru wondr tapi all hasil saya tidak nyaman sama fitur""ny agak lelet lemot sering"" gagal untung masih ada BNI mbeking belum saya hapus",2024-09-13 18:44:21
f278d9d9-f505-4e01-91ec-5497a0b7039f,simple,2025-05-30 21:42:33
34858a0f-3839-462e-a992-7fefedcf232b,bagus cepat transaksi nya,2025-07-18 05:17:21
39e3943e-3c5e-4c34-9d96-6d32b9a864eb,"cepat, tepat, mudah, bagus.",2026-07-05 13:44:14
5bbc74d7-45e1-472e-8a11-f4d62bab95c0,menarik,2024-12-13 23:59:09
5777bfc5-788e-4647-a8d6-7b7f7e6fcc20,bni by wondr mantap,2025-08-29 13:25:29
a80e9105-00db-40f6-8fed-8c194acac09a,bagus,2025-11-11 07:12:55
4a57f36e-545d-4712-9fc6-bb2236877c41,"padahal jaringan bagus stabil, tapi gabisa login. kenapa yah??",2025-12-01 17:12:29
1228a389-923c-4a09-8925-6733869cefd3,terbaik,2025-03-27 11:50:26
22b1cbc5-df9d-4d5b-a8dc-0a4250822275,"masih sering gangguan, ngebug.. mending mobile banking yg lama",2025-03-18 05:24:57
ae2e60a4-b146-4275-88ea-0a5bacc6677b,mantap,2025-12-09 20:32:06
70eb1245-cfae-416e-ab60-b744416e8dd0,verifikasi sulit bukan main mending gk usah bikin aplikasi ini membuang waktu,2025-06-27 14:49:47
01ed8334-0256-4a6e-ae6d-794196a53ea3,nicenice,2025-03-02 23:15:58
b316b77d-2116-44ed-9b0e-f56c99038ace,makin ke sini makin jelek. Aplikasi lama balikin lagi biar bagus !!!!!,2025-12-01 15:53:01
4cfc22ff-cc7a-44df-b3f8-94ce51429917,"gampang eror, mls.",2025-11-20 22:27:50
6217ae7d-387c-488e-9201-9b7c0aae163e,"min saat mau verifikasi wajah susah gabisa pas ada keterangan ""KEDIPKAN MATA KAMU"" itu gak kedeteksi",2025-11-02 18:45:39
474cfae2-1791-4336-835e-6429396a735b,oke,2025-04-01 11:59:30
3a48eb12-9675-4182-9086-b8fcb37f4090,"Saya pengguna baru wondr by BNI ternyata segampang itu daftar dan gunainnya , banyak fitur- fiturnya yang sesuai kebutuhan sehari hari , memudahkan segala bentuk transaksi , keren 👍",2024-12-02 17:14:26
33751a25-aa6c-4a24-bf2b-1cb0b972bbb6,aplikasi terbaik,2025-09-06 13:59:37
82297fb5-47c3-49b7-b7fb-0f2ac962ac5a,Mantap banget,2025-11-06 10:01:41
56bf284c-4b0a-46a4-b063-39b1c1c278d3,Mantap dan super cepat,2024-09-03 12:07:33
d6e30a96-304b-484f-8194-19cb420e13c5,"masih masa uji coba aplikasi ini,,setelah bni mobile banking bermasalah,,saya beralih ke aplikasi ini,,ya mdh2n g seperti aplikasi bni mobile banking kemaren,,awalnya lancar setelah lama2,minta d update terus g bisa d login,,,",2025-08-02 11:18:17
7044428b-8adf-4e33-8265-0047b0ff6622,sangat puas,2025-10-17 22:41:45
8b399c09-81aa-4c95-9f0f-b2fd1869d0d0,Sangat Bagus,2024-12-01 01:29:13
17ae9953-ec0b-40b3-b79e-045f75a517b5,kenapa apk tidak bisa transaksi di atas jam 11,2025-12-15 00:28:01
10fc7e06-b8db-4a79-95d4-55eaa7d66929,"Aneh, habis gangguan terus saya masuk padahal password yang saya ketik sudah benar sesuai apa yang saya catat di catatan hp, terus kartu terblokir. Gimana ceritanya bisa ?",2025-02-03 19:04:08
c7f92a0b-ee1e-4567-9b56-2b560b157ca3,mantap wonder nya,2025-03-03 17:49:27
867b3da9-fa03-4558-8123-a5cff1a222f9,kenapa yah saya tidak bisa menggunakan keamanan sidik jari atau biometrik,2025-08-31 21:02:36
6c73d98e-dcc4-4bc2-93cc-760782752351,Ko gk bisa tf ke e wallet ya cman bisa 1x itupun gk bisa nominal besar diatas 1t,2024-12-01 14:19:04
5e93d148-87dd-4497-b976-91e376014646,Tidak bisa liat mutasi,2024-10-12 15:51:14
e44663e1-a397-49d6-ad04-5596c97b9afa,"Tidak bisa login, uninstall langsung",2024-12-02 23:11:27
991e9b2b-f10f-4a26-a243-dfa797c8fad4,aplikasinya kenapa jadi force closed,2025-07-29 00:31:47
43c54193-358a-4227-8410-2767e31d045d,praktis pemakaian,2025-10-13 13:15:20
3ef31111-f819-40f1-83c7-385933ab4578,ok,2025-05-05 12:09:41
9fb7f286-6aee-4397-8e2d-4bf4c4c43756,smile😊,2025-05-18 22:49:25
23ab09b2-2485-4b92-a880-51666ba3e5f1,sangat membantu,2025-08-26 06:52:36
863143bc-23e6-432a-9d4e-eff30e71ee40,bagus,2025-10-01 12:15:36
3c8ebefc-be62-4067-91b3-3dda2dcce79b,puas,2025-03-02 10:18:55
bdb6e992-d4d5-4cd1-91b2-28d2cfe489c6,transfer simpel bgt ekspres,2025-09-12 02:43:14
cb9c4398-6f6b-4ebc-b339-0d8aa467422c,Mantap,2025-07-30 08:39:44
01b0419e-2968-4858-9c1b-9d78eb0b8307,"Wondr punya tampilan aplikasi yang super fun dan penuh warna, bikin betah pakai. Kemarin beli makan di foodcourt pakai Wondr, bayarnya cepet banget dan bener-bener easy to use. Nggak ribet sama sekali, langsung jatuh cinta sama aplikasi ini!",2024-09-03 09:57:30
38def30e-c978-4354-b38c-8b15ab77f86b,bagus,2025-07-05 08:06:30
b9f4b38c-fa2b-4b09-a432-049952dc0a0b,sangat menarik,2025-10-11 00:19:39
437b1012-6afe-4666-b678-7a0c9700c366,pelayanannya gak ramah ni bank,2025-05-20 23:57:04
f3fff770-3096-4a7e-945c-aa6cc8c47541,"Aplikasi MBanking paling ribet, telat pake , harus verifikasi KTP, wajah, mending kalo di rumah , sekali di tempat umum masa harus buka mulut , kedip kedip kek mau nyolong pinjol..",2025-01-03 12:16:44
71771baa-bee8-463b-a603-d8221ca2f34e,Pencairan DPLK lambat..cabang bengkulu pengajuan hmpir 1 bulan belum juga cair..pelayanan tidak memuaskan,2025-01-22 15:36:29
abd065ae-d30c-47f9-9ddb-d59f2e24b003,Bagus bgt aplikasi nya bikin kita nyaman dan aman,2024-07-16 21:48:39
c1da0157-d3dd-4a53-ae09-552cbd511433,dari kemarin mencoba untuk login kok gabisa ya tulisannya ada kendala trus smpe skrng saya coba tetap gabisa?,2025-09-29 06:31:07
10a62e84-fbc8-465d-afae-20792136950b,menuaskan,2025-05-22 21:12:34
d19f359a-2ad3-474d-a458-05f7a16d4681,sangar baik dalam layanannya,2025-09-04 22:21:48
f2798824-f973-4dfa-896b-248185028d38,Repot BNI mobile sekarang mau beli Token listrik aja haru pisah aplikasi 😤.,2024-12-18 11:30:26
e588742f-bd86-42bd-b575-d3be62c4670d,Kok tidak biasa buat transaksi transfer ya?,2024-09-21 11:14:56
5a1d8cfa-498c-44d0-b9bd-6b5eabd8fb0c,Jadiin mau mu,2024-09-04 11:19:19
500e6417-2540-44a9-8104-b2e1126c8307,good,2025-08-06 19:37:19
50eae91d-8b3a-49c8-ba44-ea8475a582e4,tapi wajib berhati hati kalo ada yang telfon mengatasnamakan wonder... saya sering kali di hubungi ingin minta sandi log in alasanya untuk mendapatkan hadian uang tunai..,2025-05-07 07:51:59
53fbb1c6-c135-4f7d-9bed-27bacfbdf4a9,Baguz,2025-03-03 07:32:53
2a6eaefa-dba0-4760-b27b-d54602647293,transaksi cepat ngak ribet,2025-02-25 19:58:25
de759955-c32e-485c-9ee4-21c0dbdb09dd,bagus,2025-02-25 21:19:29
595b58a6-1c32-48c5-b98a-731aace64083,"Sering terjadi gangguan, perbaikan.",2024-11-25 21:56:02
5392d09e-2b7f-448d-827b-3f814cb4121e,"transaksi mudah dan leb ih cepat. banyak fitur yg bisa kita gunakan mulai daris qris , pengisian walet, pembayaran listrik, BPJS, dan pembayaran virtual lainnya",2025-02-25 17:44:40
8c3ee147-d78f-4a9c-9ec2-52110e88408d,baik,2025-03-02 12:06:15
3f1c3066-4f93-4376-8050-11b7437328b3,cukup baik,2025-07-16 07:51:36
e329f3a9-7ed8-47d7-82d9-2c06b60d8608,membantu lah..,2025-02-27 17:10:29
06ea4f6a-51e8-4fa5-baad-129204e4c0e5,sangat membantu sekali..,2025-03-03 12:34:03
162a98b0-ded0-4cd6-8bf9-0d2f096b26b8,sangat membantu,2025-06-23 21:16:21
edff16fc-8a4c-4457-b12a-8c760dedc1c6,oke mantap,2025-08-16 20:49:04
c1fb97c2-c6a5-4601-b47c-69566f50a7eb,"Lebih lengkap,mudah dan sangat membantu 🥰",2025-06-12 01:34:24
9e4670f0-84aa-4830-864f-562824fd61bc,Masih belum layak selama seminggu saya mengapami masalah tida bisa transaksi karna pin dan pasword sudah sesuai tapi tidak bisa di gunakan. Email juga tidak bisa di tautkan,2024-12-08 07:56:47
6ab1a228-2058-424b-a5ee-1750febf560a,simpel dan mudah di gunakan,2024-09-02 14:32:19
3f2341e6-b7f6-4adf-8e88-96f6ea7d6795,ok,2025-07-24 10:24:22
3730baaf-bdd0-4129-a94c-45ff19153f95,Lebih gampang,2025-02-19 14:51:15
ef6ed7f8-5e1c-4f5e-b7e5-c44526afba07,"Top puas banget, dalam transaksi mudah, simple poko e mantep",2024-10-02 15:06:13
72c9cfe5-92e7-4cce-a56d-94bc0fa93072,"fixed ini aplikasi paling ribet gak kyak aplikasi bank yg lain , mau instal ulang tp ribet sama verifikasi wajah, berhari2 di coba gak bs, waktu terbatas gak bs coba berkali2... hapus ajalah.",2025-06-20 12:52:04
8b080a87-d085-4acc-af58-d95b6e706cdc,ok baik,2025-07-12 12:04:15
4e607be4-9969-4cd4-a9ad-d3392c6991d7,mantap,2025-04-25 09:15:26
4ab8e4ec-92fd-4c3e-9499-a9e51dccb916,best,2025-07-11 23:00:31
db5ae909-01e6-4865-98c9-cebd20277d6e,bagus,2025-07-07 22:02:18
5e91f710-d9f6-4631-ae2b-259e2f317562,mantap,2025-10-21 17:09:34
1d4364b8-437e-4a6c-82f6-1f167b86d12b,👍👍,2025-09-18 18:58:25
a028a94d-b845-454f-9400-3c0c01f9f093,Terbaik,2025-04-15 07:58:14
4247d52b-6cce-4f03-ad67-b9a080aed0a2,"seharusnya kalo orang udah banyak yg pakai ini apk harus jadi lebih baik, ko malah jadi rusak bgni ni apk, ini mau transaksi gimana kalo apk nya eror bgni, ayo lah segera perbaiki jgn nunggu di uninstal baru tau rasa deh kalian!! #BNI SANGAT MENGECEWAKAN!",2025-12-01 18:04:45
2256add5-1ba3-4173-a06b-e61d6e1506a3,Masih bagus BNI Mobile Banking. Kok skrg Wondr apa BNI gulung tikar ya. Sebagai Konsumen Kecewa👎👎👎👎,2025-07-27 14:10:51
00790457-a2b9-42f9-9d75-be27db8b9673,"Tolol, udah enak pake yang lama malah ngisi listrik harus download aplikasi sampah ini. Kl buat sesuatu yang baru harusnya menambah opsi, bukan maksa ganti.",2024-11-24 10:26:34
f3b6ac6f-b30b-405a-a015-de0c845b49cb,mantap tdk ribet dan aman,2025-04-26 10:52:41
22103957-4986-4804-9b58-ced27f84f5c5,cepat mantap,2025-08-23 21:31:07
45166475-09bb-4191-ab3f-1eec8e80ec20,Verifikasi wajahnya sangat sulit tolong diperbaiki lagi terimakasih,2024-09-12 15:10:13
61bf1f1a-00a3-46de-b24b-ed3a9436a98c,bgaus sih besic udah lama pakek ini di tingkt kan aj,2025-02-24 11:00:59
ee658bd2-4d0e-4fbb-9485-630c98361e48,mantap,2025-04-21 11:08:44
e282a334-eaaf-48c3-9701-addc3270d1e6,mudah dimengerti dan dipahami,2025-07-31 14:19:24
1c564ad1-2665-4f9b-9744-2fe95c6bd746,Kenapa tidak ada menu mobile tunai ya. Sangat disayangkan. Untuk yg lain nya cukup baik,2024-09-20 23:28:47
9c7a1d5d-f9f0-47fa-8c18-4ad5fbfe874b,mantap,2025-07-16 14:35:37
0d2ad93c-cbe6-4963-84a4-904e9fb035eb,ok,2025-05-01 23:19:04
01bad74d-b689-4516-b3a3-d0940a560d75,Ke depan agar bisa lihat bni poin dan bni reward poin pada menu kartu kredit. Serta tambahkan notifikasi ketika ada dana masuk.,2024-08-25 11:25:22
43535c84-0cac-41e9-90b2-8f9187e6b83d,"mantap, dulu sink ronnya lama",2025-11-07 11:29:59
d042ae31-8419-4a22-a9e3-8d2aa4fb83bf,mantab 👍🏻,2025-03-13 10:29:09
88126177-b799-4db7-8400-8a18a2c763f9,sangat berguna,2025-05-15 15:37:45
85eac4be-c35a-489a-bc70-f865c5545bae,Semoga bermanfaat,2025-07-27 03:06:32
9923141b-7d6f-4058-8a76-846617530ef8,bagus,2025-05-01 20:34:23
1d01a029-bb59-4eb3-b533-390c461ed27d,Oke,2025-07-11 21:05:36
2778b8ec-fcb0-4942-afc3-1817ac036b0e,ok,2025-05-13 11:09:22
0d6ebdad-22c8-450e-840b-df6e630e5ca2,Memudahkan transaksi,2024-10-01 10:03:20
a55fff6b-d19e-44a2-a513-2e185e844efe,Josss dan keren,2024-09-03 14:18:23
7f6e02b7-f27e-40d5-8527-d96897672f62,"saya kemarin kirim uang 10.000 dari dana ke BNI saya ,tapi tidak bertambah jumlah saldonya, tapi distatus terkirim hmmm why?",2025-08-20 22:08:20
92f91c28-fde8-4d89-91dd-7cf1d5259472,gangguan kah udah 2 hari ga bisa di buka keluar lag terus,2025-08-25 19:22:29
bfb0c29e-409f-42af-b01e-47f724886917,baik,2025-11-04 22:06:13
432c2f29-936a-45cd-af3f-d908e63d629e,"Kemarin topup voucher game make qris aplikasi ini cepet banget dan Tampilannya fresh banget, warnanya juga baguss",2024-09-02 13:26:42
beccd78b-5534-4b9e-8497-73449a1ce9e8,good,2025-10-15 15:42:59
12d4f4e8-57b6-41ff-8d27-8266cd744425,Bagus,2024-08-02 12:07:41
e11d548a-7e09-4b8d-bc3a-54cf0b8ce5a6,Simple,2024-10-01 09:19:16
ac63fb3c-7870-4d6a-b4e0-cc7ca8af0061,sangat membantu,2025-03-17 19:21:02
e824d61b-d721-4eff-b114-e7b953f8a80f,luarbiasa,2025-02-25 10:50:43
b00dea11-8dcb-4a1f-9603-776b6adde61c,Aplikasinya sudah normal dan mudah digunakan.,2024-11-30 11:40:49
36c1bb5e-715b-47dd-a02f-1b9e8d01aa44,Lebih simpel dari aplikasi BNI sebelumnya,2024-12-31 06:45:21
975e3b91-84cb-4983-929a-c93e9444c5b0,sekarang buka aplikasi lama bgt..lemot,2025-11-23 19:58:12
951ff99b-0215-45c5-9410-2f38c174e625,Aktivasi wondr by BNI lebih cepat dan mudah..menu transaksi lebih simpel dan cepat,2024-09-05 18:56:15
a5e1d66e-beee-4f03-bce9-cade68c0cce9,bagus,2025-10-23 23:40:41
93fca56f-1f58-4f12-9cb7-2b61bd45f04e,"Bagus, semoga ditingkatkan lagi",2025-05-01 12:34:40
53b41475-37c1-4c78-b94f-b90b549a6683,"jelek gak bs masuk,gagal trs...jembooott",2025-12-01 16:55:17
cd338fb9-bb4d-4f83-a7e3-ba1f7a1d0c8e,good,2025-08-11 20:28:19
384a4240-eaf2-4e6b-b1cf-bd491128c457,Wondrbybni mantap..,2024-07-31 22:02:06
c0c90d17-7b1d-4dc6-b9c0-7cff9029f92a,Selalu gangguan di jam 1 malam,2025-02-15 01:25:21
5516e52f-187e-4807-86b3-f61d426e2ac7,Lebih simple dari pendahulunya. Mantap wondr,2024-08-02 11:04:50
0a1852c5-79fc-4e90-a8bb-ff65a0054f44,Overall sudah good. Tolong tambahkan fitur untuk cek saldo tanpa harus login ke aplikasi,2024-12-29 20:56:42
d4821152-ba3f-4e86-b715-32f004a7827f,Simplee,2024-10-23 12:14:17
cd4dc183-c417-44ea-908b-133c6d6a1557,mantap,2025-04-21 02:03:46
135f3ba7-14ed-4975-9f98-767292757a35,Aplikasi blm siap dipakai..sdh berhasil registrasi dan dipkai bbrp waktu tiba2 buka apk minta regis lg seperti br pertama x. Capek deh.. 🙈👞 Ganti apk bukn tmbh bgs kog tmbh buruk,2025-01-06 15:21:17
f58c01cf-b739-454e-aa52-5075d04dee03,"memudahkan hidupku, Love wondr",2025-12-03 20:11:21
ef613e39-c2e3-42d8-9090-dd9f96000434,sampai 3 kali telp tidak dikirim2 CC baru. sejak 14 april 2025 blm diterima,2025-05-18 15:54:49
617b27a2-49cc-4488-bcb4-88bd57c1ce3e,makin lama makin trobel trus.... data full tetep gk bisa masuk,2025-12-01 15:48:10
d6853242-c9fd-4e92-a1d7-5f8870ac1541,ok,2025-09-01 21:16:28
abb580db-8882-4674-a68f-09c6a8be52e2,trimakasih ya sudah memberikan informasi,2024-12-02 22:20:28
9b988d4b-31cf-4999-9f0c-16048598f3f1,"terima kasih wondr by BNI, Memuaskan🙏",2025-12-11 05:30:46
ac848a15-6b80-486f-93b5-504fed165004,Alhamdulillah makasih wonder,2024-09-12 08:33:01
76b2e9c8-078e-4d2c-8c5e-be4208b64d7b,Udh beberapa bulan ini klo mau login lamaaaaaaaaaaa banget loading nya. Lebih bagus apk BNI MOBILE BANKING,2025-03-17 00:12:19
d5f57338-bfcf-4916-8898-51ce357068bc,ok,2025-07-10 14:11:16
ce63c37d-25ed-4896-aa97-0af5217d7ac8,Top,2025-02-12 17:54:58
99e10e5c-262d-4ac7-9e3a-706508576a1a,"Ga bisa buka kalo blm update, banyak kendala",2024-12-13 07:47:41
dd201fe5-e468-4bc6-95fb-1f10b82569bb,"tolong perbaiki mobile tarik nya, masa harus nunggu kode otp nya lama, kalau keadaan darurat susah kita",2025-11-26 06:40:46
0d62fb32-0687-4cfd-9f5b-aaf284367a15,"maaf saya kasih bintang 1 soalnya, saya penguna baru dari wonder, kemudian tiba tiba saldo saya ke potong sebesar 39.500 tanpa ada mutasi, nyebelin bgt pas mau cek bilangnya harus tunggu sampe tnggl 10, walau gitu agak kecewa sih, kalau memang biaya admin dan lain lain setidaknya saya tau berapa nominalnya, ini hilang aja begitu, mungkin saya yang salah atau bagaimana tapi maaf saya agak kecewa dengan sistem begini",2025-07-01 09:43:58
83cc0a83-7794-4991-be46-cc5fc4526a67,ok banget wondr,2025-05-30 17:37:29
edcb4268-cdd2-45a2-8aec-e992fe459d64,terbaik,2025-12-03 08:59:15
db5f5679-a82c-49cc-b81f-c0bf13d89add,Layanan nya kurang bagus sering gangguan,2024-11-25 20:07:15
c8bc6ae8-38a4-4ab1-bffa-aad537b1809a,"mantapp lahh, apk ringan di hp minim",2025-07-21 08:33:52
ba40ed01-eb33-47c6-842f-77103130e635,Bagus,2025-11-10 23:37:12
95585a16-e5b8-40f8-bff5-170ba5fb0bd3,"aplkiasi aneh dikit"" keluar minta ktp dikit"" log out liat ini lagi gabawa ktp jauh dari rumah malah logout jadikan gabisa transfer uang oleh logout sendiri sialan",2025-02-04 15:42:33
46f77885-6ace-4067-a2da-b0026cc009fd,mantaf,2025-08-06 12:03:51
9180f3b8-7021-463a-8c0c-f778748598c8,Baik,2025-07-22 12:18:46
ae63f6ea-d2a0-41ed-aadb-cb5fc02d9cdc,apk eror,2025-09-20 21:56:33
9980b809-c6b6-4f9b-8636-fb2e8d59ce4b,canggih,2025-11-05 20:28:17
02a3aace-5857-4360-98cd-cc7d63391f45,prosesnya cepat,2025-08-16 15:26:43
225c399d-93cb-406b-9a41-9e58922c4263,mnatap,2025-06-04 11:07:14
e4540472-f9e6-49d9-8dfb-e8021e64de11,Aplikasi wonder saya gak bisa di buka,2025-11-08 15:51:36
19aec18b-9604-46b7-b35a-8682ab8f98cb,kenapa bukti potong KPR tidak terlihat disini? apakah ada yang disembunyikan?,2025-07-02 18:58:55
fbf32e45-7fd9-4ddf-910c-f214fc93da59,buka wondr by ini lelet. kurang bagus. mending BNI mobile,2025-04-10 19:53:33
052225bd-77a9-4840-b61e-d9c7dd620395,like,2025-11-22 09:04:13
aed2c6b8-045c-42cd-8f4b-11390f8ff280,makin kencang...mantaab,2025-07-10 11:03:16
4c62e574-8ade-44ba-8bf7-1ed231aa0562,"Mantap, mudah di akses.. 👍",2025-11-07 12:27:45
5493d7fe-0c4f-4ea0-8408-8b885c928d0e,sangat luar biasa,2025-08-21 17:23:12
62cfd6d3-2b61-475e-abee-730a9543e78d,"Terlalu ribet untuk verifikasi wajahnya, tengok kanan tengok atas tapi gagal terus.",2024-10-09 00:03:04
fdbcc2f5-451d-44fb-a246-60dc28ea1072,oke.mantap,2025-09-12 14:46:47
56f1026b-57eb-4ce3-af78-18b4fe873fd8,good,2025-04-21 07:40:25
a69d1d54-4f7f-48d1-8efa-6c84b59715b9,Harus sampai kapan seperti ini.... Ketika di butuhkan gak bisa tampil.... Transfer/transaksi kebanyakan gak bisa di tunda ketika di butuhkan.... Telanjur uang d rekening ini pulak... Buka aplikasi cuma bisa cek saldo aja🤦,2024-11-17 18:43:13
ebd1f31d-b7a8-468c-b985-d69c1a70d97f,simpan saldo lebih aman👍,2025-06-01 23:01:06
7ed4e05d-78e2-4d26-8d9c-ae7789a920ca,top,2025-07-22 22:55:59
baae8952-6fa9-4012-9f1f-57aca572dd62,"Kalah jauh sama bank2 kompetitor yg lain. mobilebanking bni kok gada notifikasi uang masuknya. lucunya lagi kalau mau notifikasi uang masuk harus pake sms banking. makan pulsa Rp.500/notifikasi wkwkwk. jadul banget. apa lg transferan masuk lewat dari jam 12 malam, saldo nambah tp di riwayat ga muncul.",2025-03-23 02:23:39
f40059b6-389e-4bbf-9105-32232de02ff6,"Duh susah2 verifikasi wajah, pas bisa masuk lola apk nya padahal jaringan stabil, enakan apk yg lama dari pada ini",2024-11-08 15:13:17
2901ae1d-8fdb-41ff-b886-9cca10613d03,mantab,2025-08-01 18:46:09
f1bd4409-a70a-419b-8afa-c4c6f0a8c37f,jos,2025-11-19 19:35:45
c4f57bdd-a728-4849-9376-79e8939d2346,"Wondr by BNI sangat sesuai dengan kebutuhan e banking saat ini, fiturnya sangat lengkap, mudah, praktis, sat set pokoknya dan sesuai dengan tag line nya Jadiin Maumu .... Wondr by BNI ....Kerennnnnnn pol ......",2024-07-18 12:30:56
ced0bdf4-dc35-41c2-bb76-47cb60310923,gak ada pilihan login buat yg udah terdaftar,2025-03-28 23:56:07
56cf1fbd-5dfa-46ef-8ef2-eefb255d0682,siipp,2025-10-24 16:38:47
f589b9f6-de14-4c67-a050-7193c06bcff8,keren,2025-03-01 22:04:42
bd311055-0ef6-4b73-98f9-866a6b18247a,baik dan tidak mengalami kendala,2025-07-27 07:06:21
a36187aa-fc1e-4c06-a833-f4ee03ccc6de,Aplikasi sering error,2025-10-18 07:01:14
bc61fc91-6016-45eb-b3aa-84a6f9da4b2d,ok,2025-03-08 05:58:27
db76029f-6233-42d0-939e-5ae08c24ddcf,Sangat membantu segali Trimakasih wondr by BNI,2024-09-03 16:17:30
4b794495-e2bb-4f64-98cd-ffd7f3b6fb1f,susah log in nya gangguan terus jelek,2025-02-12 21:44:01
f468b9cf-86b8-4d52-8ceb-4273d684ce87,mantap,2025-11-26 08:43:55
eb830ff1-1357-479c-bf71-9db5ffe4045d,baguss,2025-08-16 01:30:59
41cc0107-c8b3-41bd-a0df-8f7e7b6f4111,masih belajar,2025-07-02 13:02:02
e4371513-5ea4-4157-9bc5-914563461357,"akhir² ini kalo masuk aplikasi selalu verifikasi lewat ktp dan wajah, bikin ribet. tolong di perbaiki",2025-11-04 19:28:20
3a369f83-960a-4074-b04d-1e7bae7694b7,Lebih simple dan memudahkan user,2024-07-08 11:31:02
4335f7d8-3e3e-4ed5-966e-e57815881f23,keren mempermudah sekali,2025-10-21 14:03:14
86f1edae-4d2e-4dbe-9482-213872d2669f,sangat bagus,2025-09-23 08:18:13
41a93873-a747-4777-8748-a2dde73e1393,Sangat buruk pelayanannya,2024-11-11 15:12:41
0f78998f-b868-4963-a106-21b74df0070d,baik,2025-04-16 14:32:07
01f0dce0-3b72-4fed-945c-b4a1151ee451,"Aplikasinya sih sudah bagus bgt. Tapi untuk mobile tunai, kenapa harus pakai kode OTP via SMS ya? Setuju kalau alasannya demi keamanan, tapi biaya SMSnya terbebani Rp. 2.200,-. Karena sekarang komunikasi sdh pakai WA, jadi jarang isi pulsa hp. Beda dgn B*A, tidak ada biaya apapun dan lebih simple, karena kode via aplikasi. Mungkin bisa dipertimbangkan. Terima kasih.",2025-06-19 22:03:10
49723185-c06c-46e6-98bb-0adf3758e3f4,"Tampilan aplikasinya fun banget, Transaksi super mudah dan cepat🔥",2024-08-01 14:53:16
4df64227-b93d-49fe-b8fc-960cd5c35c72,Lengkap dan mudah,2024-09-03 11:52:15
afeca210-66a6-4aac-b566-b1543e35d1fd,"kenapa ya kak wondr sekarang kalau buat transfer/menerima transferan gak bisa langsung masuk,harus nunggu lama,kadang juga ndak bisa masuk,mohon maaf minta pendapatnya kak🙏🏻",2025-11-23 07:20:44
25944ae2-b693-4b11-8708-17654c178a43,"jujur lebih ribet dari mbanking sebelumnya, apa lagi kalo mau buka rekening",2025-11-09 11:46:39
b08d9a04-7ec4-4818-9f58-d9946e5e8dbb,sangat puas,2025-10-31 14:37:14
0b63f58e-e46c-4b0e-bdf6-e5260281790d,"parah aplikasinya sering crash, masih bagus aplikasi yg lama",2025-09-14 11:09:31
6560f510-afc6-4088-8348-2fb68fb05403,semakin memudahkan,2025-06-04 14:34:10
3637ebac-79e7-41ef-94a2-509c1e3e9f44,pas transaksi dengan qris kadang gak ada bukti transaksi nya 😭😭,2025-12-18 18:20:29
7d9312e3-d995-4fee-a3d9-4ce71b7304b0,tolong untuk struk penerima dimunculkan dan cash less card nya difungsikan,2025-02-23 11:28:02
cfece758-7fe9-4be7-99f1-d5193b6a62b6,top,2025-10-06 10:07:06
da2f3bc3-42b5-429f-88f8-14f6d39d4d59,Aplikasi baguss,2024-12-12 01:06:43
4577ef47-435f-47e4-bdf3-faf0b3191d77,"susah banget buat verifikasi wajah pas bagian kedip kan mata susah banget padahal udh kedip ,mau pake hp yg mana pun tetep gk bisa ngescan,kecewa sama wonder by BNI",2025-06-20 21:33:49
babffc73-e303-402e-bb0c-e478a52d1705,ok with,2025-11-04 08:54:58
81ebff92-18c2-4733-b612-25e1be44be78,Tampilannya lebih oke,2024-07-22 10:59:19
a1b8ae38-684c-4533-a8c4-e6d6bebb19fb,"aplikasi aneh kwkwkwkwk, muka udah sesuai masih aja ga bjsa",2024-08-09 10:12:26
8c35983f-fe77-4a54-bbbb-59b9df07a60e,Aplikasinya cepat dan lengkap,2024-07-05 15:02:29
b731d03f-6dd6-41ec-a714-c48a086fbe87,"Mending BNI mobile yg dulu,aplikasi ini dikit² dlm perbaikan,sering gagal transaksi gara² perbaikan mulu",2024-11-29 22:55:46
d6efe153-e96b-4ece-84ee-d585bed48aa6,"ini gangguan aplikasi paling parah dari pagi sampai malam tidak ada kejelasan aplikasi wondr,padahal sudah terlanjur hapus BNI mobile dan konfirmasi ke kantor cabang katanya per Desember akan dihapus diganti wondr tapi aplikasi baru bukan makin baik malah down",2024-11-26 00:21:22
a5002a1a-6e4f-4953-af77-3e6dd05642cb,Kereen,2024-07-12 11:22:56
ff4f45e1-095c-4ede-a8f0-83c3a47b4f38,Daftarnya sulit,2024-07-05 15:12:35
bad852eb-13e9-4d14-b2f5-aabe20b67431,sejauh ini fiturnya mendukung utk pembyran,2025-05-02 09:44:04
33b068c0-ee02-4892-98f0-f88e0591b000,aplikasi terbaik,2025-02-26 14:25:13
75267c6b-6121-4618-a86c-a380146bf4db,Bagus Apk wondr,2024-12-13 13:13:23
6543c8f9-8496-4386-b06d-072f8528bf25,ok,2025-08-01 20:55:41
39eb5e53-0477-4eb5-8897-4f3d20ae2ccf,mantap vitur lebih lengkap,2025-06-16 21:41:21
8a7b6ef4-0182-48f3-a3d8-72eb980f10a7,awalnya saya merasa ribet download aplikasi wonder by BNI ini.. harus melewati segala proses verifikasi wajah dan KTP yang gagal sampai 7 kali.. setelah dibantu oleh tim yang datang akhirnya berhasil akun BNI download wonder by BNI ini. dan saya merasa sangat bagus.. untuk pihak BNI saya mohon banget. apabila ada hal yang tidak penting yang bikin ribet silakan dihilangkan.. dan akhir kata mengucapkan terima kasih dan dan super 100 untuk BNI,2025-06-13 08:29:22
e76805cb-39a6-4b0f-84bc-0de717b2b091,makin mempermudah transaksi apapun..ngga ribet dan ngga banyak masukin pin dll..,2025-03-25 08:10:28
a2ed07c8-df59-4d8f-a302-6f48434f787f,"emng bagus apk lama, ini nyiksa banget sering gangguan, dan juga sering ke logut otmatis!",2024-11-25 19:48:13
ce48a928-238e-443d-870e-d47d96f5298f,sangat memuaskan,2025-08-31 18:45:45
dc2dc3a0-915e-4bf1-8a67-ae4b03bb92c8,sangat baik,2025-11-11 18:44:01
0ca60aac-b235-4b7e-a6a4-f7946aedf06a,"tidak bisa daftar. setelah tahapan mengisi kartu debit/kredit, tidak bisa lanjut, distop karena terlalu banyak memverifikasi kartu. disuruh besok lagi. saya yakin besok pasti akan sama hasilnya seperti hari ini",2025-08-22 10:12:22
e324161f-50ae-47d9-a3a3-47169bbbfa5e,memudahkan transaksi dan hemat waktu..,2025-07-10 21:24:50
735f5c1a-6aba-43e8-b611-561f30268deb,ok pokoyh,2025-08-08 11:38:15
7932400e-3ce9-47f4-bae1-09e8651cb07f,"Bagus,tapi tolong jangan sering bgt gangguan ,sanggat menggangu saat untuk transaksi,jadi kendala.",2024-12-09 22:45:05
fbccca75-9d22-4bba-9554-bf03b19a56c9,bagus,2025-03-03 13:50:56
c4124149-60dc-4a21-825e-fce523ee2e69,baik,2025-12-11 09:03:44
8fb3f9ca-1c44-42bc-98da-9556d769fcc2,"mutasi rekening gak update real time,, masih mening apk yg lama",2025-12-19 16:40:31
1efec241-86a6-41ef-a6dc-a04ec3c19a89,mantap,2025-02-22 01:24:33
9ed3829a-30c2-4ddc-a80c-dd7acbe29cc0,"mau log in nya susah bgt ni aplikasi,,",2025-12-01 17:23:55
9330e345-aa1d-4893-93ef-a912810116fe,"Ditunggu aplikasi wondr nya bebas bug, lag dan masalah yang menggangu serta penambahan fitur. Sementara tetap pakai BNI mobile banking dulu.",2024-09-02 22:10:25
d25295e1-78d3-4e26-a48f-79e1e5a31170,baik,2025-03-05 18:54:07
5d825c7f-f75e-48c0-8a9e-1bbdbaf10313,"Tolong Update lagi di beri fitur untuk beli saldo Ojol langsung dari aplikasi Wondr,dan g perlu harus lewat ini dulu lah,itu dulu lah,ribet..intinya beli saldo langsung di potong dari saldo efektifNya di aplikasi Wondr. Kalo sudah ada fitur itu saya tambahi bintangNya deehhh...",2025-02-24 00:35:48
174f5418-7d4e-465b-9a4a-c313db7df10e,Mantap,2025-02-25 07:54:07
5a6e9849-049b-411a-b0f9-737e811ed5eb,mantapp,2025-08-30 12:09:26
f3fd841b-dc58-4419-9037-c57fb8655744,sangat membatu saat ber transaksi,2025-08-31 07:27:54
1e3ce038-de8f-49ed-bd54-979f30e55689,Lebih memudahkan dalam melakukan transaksi ke semua Bank,2025-08-03 07:35:33
edbc19f6-2cdf-4dae-81e7-a895c954e0bd,very good,2025-10-05 22:10:31
71700b73-3546-4586-8d8e-42e0eeb1ea2a,Skli update lama betul berjam2 gbisa dibuka. Mau transaksi jadi terhambat,2024-11-25 19:47:37
8d02129a-52b7-4e24-98d6-8d29ea2afcc0,Sangat membantu.,2025-03-04 13:59:34
62f99980-744c-4ac7-9155-8ba5e1d9b79b,Kenapa saya tidak bisa login.melihat gajih saya tolong di klarifikasi,2024-11-25 12:21:56
1e8181d8-2973-45c8-9570-56df8b95e41d,bisa di andalkan utk segala transaksi,2025-06-26 01:10:38
8d8e7961-6dfe-46c7-a0c4-7c996aac0977,ok,2025-05-04 13:41:55
aef7603c-982b-4283-8671-459634fd8d50,mantap,2025-03-11 12:03:14
a8e9b6aa-c387-4946-a5be-5c5ee5dcc43f,ok mantap,2025-02-23 14:28:04
48aa8340-fab3-4475-a2ff-ad13aa9c9bb8,senang sekali pakai ini,2025-11-30 23:19:26
595855b8-5b4b-4d5d-934f-d86c7cf81f1e,sangat mudah,2025-03-07 22:34:05
1d5a5040-4828-4385-9deb-cf4080829d07,GA BISA TERBUKA SAMA SEKALI,2025-02-14 02:25:47
f29d2b2e-8341-4c96-aacd-3c3a3146a462,great,2025-03-27 23:39:44
bfeb5752-629e-4b14-ad90-de823e8e0ab0,"mohon infonya min , isi ulang tapcash yg gagal melalui aplikasi wondr ini , berapa lama pengembalian dananya ? yg saya tanyakan berapa lama pengembalian otomatisnya , apabila sdh 4 x diupdate balance tidak masuk jg saldonnya",2024-07-12 18:47:55
da2693cb-b7d0-4d62-a31c-4fa3b494aa38,sangat cocok digunakan,2025-06-27 05:15:41
5125481c-2132-4111-946b-7c1a9aed4b68,"lancar,sangat membantu",2025-03-03 03:41:08
56f1be2f-cbb3-41ce-a875-a9f4ffbb98bf,banyak fiturnya...mantap,2025-10-17 13:29:16
b29f5db6-186e-4819-94ce-5e9a9ac8cd47,aplikasinya payah banget verifikasi wajah aja udah kedip in mata tapi gk kena² ribet banget padal udah kedip berkali-kali tapi tidak kena tolong perbaiki lah verifikasi wajah nya,2025-06-27 22:24:48
6c846171-9cfe-4944-a203-664f11bb3476,wonndr by BNI semakin mudah transaksinya pokoknya top markotop🙏,2025-11-02 18:20:36
0c36e53a-969f-4629-a620-b554c30e7786,mantap,2025-07-11 21:02:18
3da97ab2-230b-48f5-a794-f5ded8a18b62,sangat membantu bertransaksi,2025-04-11 23:55:05
45e8d25b-01ff-461f-a372-ec64591f2e54,baguus mntaap..,2025-05-10 18:54:36
c6437f2a-b440-4793-954c-b9855d7bd59e,mau login kembali tpi ga bisa tulisanya dalam pengembangan mulu udah beberapa hari ini pdahal lgi penting parah sih ini apknya jelek banget,2025-09-01 12:52:00
2861d342-54ca-4b63-b415-47f3002e8664,"untuk saat ini ada kendala, koneksi normal tetapi tetap for close saat masuk (tidak bisa masuk) mohon petunjuknya",2025-08-28 12:52:32
2f2cd71d-aaf1-4bbf-9f03-4629f2b1432a,"masa pas isi kecamatan nggak muncul, gimna si",2025-04-25 19:19:01
18dab712-5477-4db3-b1b1-e25f3b023ec3,mantul,2025-03-11 10:20:25
fe226c67-585a-4057-ad3d-4d704a076bbb,sering lama masuk ke aplikasi nya selalu stuck di screen awal jadi gk enak sama pedagang ketika mau qris karena terkendala stuck di screen awal,2025-11-25 21:01:07
0df883dc-4418-44ce-9a59-735283950e6e,Mantap,2024-12-18 09:10:32
2b1aafa5-9d46-47a3-ad5e-e06c72ebadc3,mantap,2025-07-23 11:18:43
7fa561d1-346b-4dfc-b903-a8008270a748,mudah bertransaksi,2025-04-08 06:49:21
09e0c08e-e46d-443e-99e5-b2aee6169ae5,mantap,2025-10-01 15:41:32
3052aa29-e67c-407c-b81e-f0d94944dd7f,"aplikasi ribet mau daftar saja susah,, jauh lebih nyaman brimo & livin",2024-12-04 15:15:25
6bc763ee-5e35-4fbb-9b4b-b34c4497bc40,sangat bermanfaat,2025-07-29 19:57:09
9cbaa694-1b37-40ca-82c3-0120282ea195,mantap,2024-08-14 09:29:47
66d0a69b-be63-4e02-939f-957bd7655a28,keren,2025-06-24 13:13:33
c8967fdd-4761-4d7e-95fc-b4b96d3ac532,josss,2025-03-16 18:12:02
a70145b7-1d21-4818-a2a2-b33fec60ebfe,"aplikasi yg sngt memudahkan pengguna, mantaap good jobb",2025-12-03 16:23:35
e4e212d2-08e5-49dd-a1e2-f7d29a753127,bagus,2025-10-11 07:11:32
48428e3c-2210-4aec-a257-df2db9633d68,verifikasi slalu tidak konek!,2025-10-03 16:49:54
20d55855-8e45-4b40-858f-fcbe9f025f27,mantap,2025-07-28 15:26:02
f6572e9b-8e4e-47cf-adf2-5e413241b6a8,"mudah, praktis,, dan tidak memakan waktu yg lama,, good aplikasi",2025-03-26 11:42:54
82bbd3fa-ed73-473e-8118-6a701f54849d,lebih cepat cek saldo,2025-06-02 16:27:56
0fccbb3e-eb04-48b6-b461-be90dc795c3a,"mbanking saya tidak bisa di buka tiba2 sepertinya ada yang bobol, tolong solusinya",2025-11-25 22:36:21
22879596-8bad-45f4-b318-1bc0a409b311,Ini aplikasinya kerennnn banget....tampilannya seru...operasionalnya juga user friendly. bener -bener wonderfull app deh. kedepannya semoga makin ok.,2024-09-05 18:44:16
4fabf597-95ca-4f42-97e7-008eefae55e1,cukup membantu,2025-06-24 15:43:15
7756d16e-d092-48ef-aac0-3767cea65fbc,bagus,2025-03-21 21:51:26
2fb727c3-ee92-45e9-b345-ae9daa6db0b8,👍👍👍👍👍,2025-08-20 06:29:43
a917c86c-a4c1-44ea-a928-bd53e1aaf91f,hebat,2025-10-27 14:14:24
4eabde69-af99-41b5-9dce-b44a6c956f2e,"Aplikasinya lebih sat set, tampilan simple, menarik, fitur nya lengkap",2024-07-25 12:35:32
46315861-254c-4bfa-9969-122854d6eac6,bagus,2025-06-26 21:36:28
ce1f4c11-37a2-4b15-a059-cfca16c90ef6,Ok,2024-09-20 11:08:05
76d8d0b5-cf6b-4b33-8b61-d7604da526b4,praktis dan sangat membantu bangett trimksih😍,2025-10-20 18:01:36
1bcd304f-137f-4d28-a1e9-4224b55a1c8c,"sangat mudah diakses, tampilan web nya mudah dipahami",2025-12-21 16:49:52
57522aaf-e053-4440-b9e9-9b8590d285ce,simple,2025-03-18 13:44:36
2e19304d-af0e-4b7d-8cde-c7c709b59cf7,good,2025-03-10 12:09:12
9a98b66e-b8e9-4780-9079-35e02867eb75,sangat membantu,2025-04-13 19:44:02
e3bb2fce-48ed-4a8d-a76f-68eefa357fcd,mantap,2025-10-22 11:43:44
79624b82-481b-43e2-a9e6-e853b415a201,registrasi mudah dan cepat tanpa perlu ke unit atau cabang bank terdekat,2025-07-20 10:36:06
7b007275-a698-421d-ab12-19ead9471570,MANTAP,2025-11-26 16:28:21
2534891f-61f8-49ea-a69f-0eb8658ffbaf,aplikasi ini sangat usefull banget,2025-07-02 07:31:20
a50154db-2d17-4dea-b927-90f4b5e4c154,aplikasi lelet mau login susah kali,2025-05-30 21:06:43
6e92d478-88e5-424a-9782-735f649eb92f,mudah di guna,2025-11-14 22:27:48
83376244-3d91-4ac8-83a7-c01681099b32,sangat bagus,2025-09-25 11:38:48
67d7c6a9-e1c9-4116-9192-9939420cfe22,"udah Di-update malah g bisa download bukti transaksi. gimna Berikan notifikasi kalo lagi update biar lekas update,ini mau setor eror Mulu sampai data setor gak ke download Notifikasi diemailpun transaksi tidak langsung update..apakah berhasil atau tidaknya 😭😭",2025-06-02 11:07:18
7b278e86-5884-4941-a2de-55d3a4325b4e,kereeeen,2025-03-12 20:07:01
cd15e971-6e06-4369-a814-98342199f571,Good,2025-08-05 19:17:00
10bf162c-67d4-4537-8fe6-79c4b87eb2fc,keren,2025-05-12 20:27:35
de87b75a-7bdb-44c9-b4d6-1c8c1cdb1b1a,Transaksi lebih mudah tanpa keluar rumah .. wondr is yours...,2024-09-03 15:59:15
13debb2d-170b-4373-9b1e-fcb66ab1da53,baik sekali,2025-03-05 08:56:31
92d22429-9f3d-4804-932a-a5d7c9c9850c,"memuaskan,tolong di permudah proses penggantian kartu atm baru",2025-05-23 09:28:39
69f9b0ff-cd55-489b-a8b6-7cafee4480c2,aplikasi tidak bisa digunakan sama sekali selama 7hari terakhir,2025-07-30 19:41:43
ee67871b-07b4-4ff3-b3ed-03cab2de3835,tolong dong saya mau verifikasi wajah gagal terus ih,2025-09-06 21:50:23
7b4f80e7-5f1f-452d-89f4-a60c47a0bc03,Sering banget ngestuck di logo aja Kenapa kaya gitu sih Padahal sinyal full,2025-02-15 16:14:29
c0e44ee9-a7a4-492f-bf31-3b09c02c9e0d,mantap,2025-02-23 02:51:36
f18d11e5-37d2-41ed-b232-e965420a57c4,mantap,2025-08-23 12:23:42
58b88996-3b88-4839-b13c-bdba0e3cf195,bagus banget,2025-08-25 12:23:05
5d285a2d-c28c-4921-88ff-c1e0e5e4c201,MAU BUKA APLIKASI AJA LAMAAAAA! PADAHAL LAGI BURU BURU,2025-11-04 13:37:48
e691d64f-9123-4bfa-9218-d7ab06ea7112,wow application,2025-09-29 08:44:28
ad452714-a15d-4712-a078-555e9665a06e,Ok,2024-09-02 12:39:17
8ea71690-a475-4ce3-afec-f95acca5b796,buruk sekali gara gara wonder saya keblokir atm saya pun ke blokir. datang ke cs jam 12 tutup jam makan siang apa gak ada back up cs nya,2025-11-14 13:51:59
6b4f2475-0d55-42df-a0cd-d9f6350e0282,mantap lanjutkan,2025-09-26 19:54:45
59fb0fa8-273c-4c59-8cbd-44c55e327a9b,Semenjak diupgrade pakai wonder sering banget gangguan tolong servis diperbaiki lagi giliran mau bayar pakai qris GK bisa aplikasi GK bisa dibuka 😭,2025-02-19 18:42:42
63ebcc35-2e3b-4184-9098-583c23ea28c9,👍👍,2025-05-14 20:24:06
a5cf19d9-ae2c-4245-b0bc-9c7a2ab86754,Kok Eror,2024-11-25 20:46:08
fa7d53d7-e5cb-4bd0-b7a1-7a0d3e1e25ba,"ribet, banyak maintanance nya",2025-12-01 14:51:32
b9752a76-b8a3-4c38-a4b9-531abff19e68,puas deh pokoknya mengunakan wondr BNI inih,2025-03-10 06:04:00
00f007ed-cf7d-423b-8120-7dbb7b0b4d89,oke mantap,2025-08-19 18:59:08
1694a589-52fb-4963-b7cb-ee5e07ee1374,Terbaik,2025-09-07 09:56:53
21d2d10e-1808-4df6-a590-b9a0a6fdebad,mantap poko nya,2025-04-06 19:26:52
c35e3758-cd92-4693-9da5-860b49ff574a,"Bagus si,. karna Pemula, masih butuh penyesuaian",2025-03-26 20:08:30
7a5084e8-23f3-48f1-bcdc-4e5bc2985d5f,good,2025-11-02 16:24:46
3b3f90ac-5093-483a-8b27-c225fbf3749d,Mantap,2024-09-28 20:47:15
03f41628-322a-46bd-9751-c0860ded2351,ini mau login pake waifi pake data tetep gak bisa tidak ada koneksi internet aja hu makin aneh aja,2025-12-01 17:47:23
323e505e-92ac-4a97-bc44-358e6c2aa604,aplikasi bgus,2025-10-17 12:51:04
bb38f88d-07bf-4d4b-a1dd-4fb12a667c1a,"Saya ingin bayar UKT, kenapa sistemnya gak bisa Mulu ya?",2025-01-27 10:53:17
b65f4292-3dbc-4a0f-bc61-de6246cdc74e,sering eror,2025-11-17 04:09:52
4ca693a4-0dce-4cb7-92ff-ee90d58d082c,orang ngirim ke aku tpi ga masuk di aku tapi saldo pengirim nya berkurang gmna dong,2024-10-04 03:01:49
bf5e83d0-bfc7-4a1a-b4b8-fc56d94863d1,"loading lama, kayak di jaman purba.",2025-10-23 12:14:48
5cd794dc-98e7-4ba9-bdc4-6555d0102a73,sejauh ini sih ok menurutku,2025-04-01 10:38:34
bf65c91a-a6a7-41b2-a357-459879827f2e,jelek.,2025-03-24 04:40:58
a697cea7-f096-4a2b-a737-9b31e0e22edd,"cpt, kadang2 lupa bayar pln, apa ada pengingat",2025-05-29 10:10:46
b3437210-ea93-45dd-b247-8b27ef072f49,bagus,2025-12-04 12:54:54
fa259af8-4e01-4cda-b40e-e3bd29995d50,mantap,2025-12-04 15:23:55
a9525f42-e8f9-429e-b715-eb61ee388f55,"nyesel gw bake bni,mau masuk wonder verivikasi wajah kagak bisa2 ampe mau buta mata gw",2025-12-19 01:24:03
07f50b8d-9651-4b5a-9112-6bc0095d266b,ok baget,2025-09-16 09:13:27
98e1d044-a4d0-40c2-b423-b8d4d372c4d2,bagus mepermudah,2025-08-01 06:33:57
69d3afa9-0873-4971-abe7-830ba5894390,mudah di gunakan.,2025-03-07 20:47:43
040ab05c-1929-473c-aae1-bb8a5ee29a7d,BNI MEMANG GAK ADA LAWAN..,2025-02-26 16:44:11
df9d6efb-4444-408a-a640-874b1a666b03,skrg bnyak gguan,2024-11-25 19:41:37
a674bf2c-22fc-4efe-a54d-415bafd03cfc,bagus,2025-01-28 10:14:52
dbe605bf-b73c-42f4-b621-4194b22efb3f,mantap,2025-10-30 04:22:03
b6ff7139-be1b-4960-ab25-c5316588e948,"aplikasi gajelas, limit dikitt mau tf pas orang lgi butuh jugaa terpaksa harus ditarik tunai ke atm, gajelas bngt hapus aja aplikasinya gamutu",2025-09-10 22:44:07
7cfb7c7f-ecea-4ab1-98ef-63480eddd5de,sangat bagus,2025-05-02 18:42:18
4e2dee3e-ccaa-44c6-9df1-de96021a6a67,kurang siip,2025-03-06 00:58:50
20c7769d-0be7-437a-8e19-38c9abcf0c8e,lebih ringkas gak pakai ribet,2025-07-06 20:05:24
3ae3cb30-2af4-40a3-9c32-0ce85e1f57e9,good mempermudah sgalanya tp kok sering eror pusat ya,2025-10-28 13:08:53
cc3d8309-69ff-43c0-89cb-1749e615449a,terbaik,2024-10-07 12:20:03
0f0e12b2-400c-48b0-ab87-df4e53021b32,sangat bagus,2025-11-20 23:00:03
2cd5049e-a743-4e6b-8020-de61eeff4ac0,untuk saat ini sangat membantu saya terimakasih,2025-02-25 21:24:35
5d41f77c-7b99-4cb0-8dc5-de33fcbd17d9,mantull..kuerennn,2024-09-06 09:51:23
7f5dd871-cdc4-4677-87c5-5ae61aa137a9,"best,simple dan mudah di gunakan aplikasinya❤️🫰",2025-12-16 21:08:54
7d8502ea-ff64-45d8-b077-50f96b7c59a7,"Aplikasi apa ni, Verifikasi wajah susah betul, capek kedap kedip mata,buka mulut, lihat kanan, habis waktu, ngulang lagi ngulang terus..Mohon di perbaiki.. sangat mengecewakan",2025-07-25 20:55:32
2cc7f469-27da-485c-ada7-16a945a5ad63,Aplikasi Cacat sampah verifikasi wajah aja sudah setengah mati,2025-09-02 22:05:44
260d3765-a96c-4457-88ef-6edbcd323526,Giliran mau di pake gak bisa di buka. Kalau maintenance kasih kabar dulu dong sebelumnya. Kan repot jadinya!,2024-11-25 21:50:05
966d2bab-e5ca-4ca0-8760-c914d3954546,Good,2024-09-04 13:48:29
c6040578-f8e2-4953-8596-0c6017189560,mantaaaapppp🔥,2025-09-04 10:14:22
2a9fc5b4-82a9-4b3e-9603-d17b19d88ccc,top,2025-04-27 15:50:40
d3688709-6420-4ecb-8716-17740012c5be,Aplikasi simpel dan mantap,2024-09-04 16:04:18
100480d7-307d-4533-9990-4c25e4dc6245,mantap,2025-04-17 17:41:49
e968c4c2-5e76-464b-a2c1-182935364082,mantappppp,2025-11-07 23:23:30
4c7f8e68-6e31-4b56-9839-18dd77ae9c05,aplikasi ini sangat membantu,2024-11-01 03:34:18
bbd1c9f6-62e0-4008-bc97-b59dbb2dfca3,ok baik,2025-06-04 12:03:07
46cfc856-3f1d-4db6-97e9-be092f5aa2d0,"Tolong agar menjadi perhatian untuk segera diperbaiki lagi aplikasi ini. Sejak berubah menjadi Wondr sy rasakan semakin jelek saja. Disaat penting ingin transaksi seringkali aplikasi SUSAH DIBUKA. Dan walau sdh sy coba berbagai cara tetap TIDAK BISA DIBUKA. Tolong ya BNI, segera perbaiki. Terimakasih",2025-11-10 20:28:12
2321085f-ef03-4ac9-bff5-ea85f455f80d,sngat memuaskan,2025-07-26 19:47:36
10c348b5-b66b-4431-9f52-f03b9130078e,Ganti hp login lagi mau masuk susah amet perasaan verfikasi wajah ya,2024-12-28 11:24:45
311bb36a-86b5-41a7-aae9-99171e36ad01,mudah dan praktis,2025-05-22 12:34:41
05737ae8-a077-4c19-a4f3-17d2c976778e,"terima kasih wonder BNI ,, Sangat Lancar dan sat set 🙏🥰",2025-06-30 15:46:28
8ec5e92f-00a0-4362-8c7f-5ba80cfddc9d,mantap,2025-11-27 08:10:04
3fdae52a-6953-44dc-9bb3-b388ff21adb2,mantap wonder tolong di sediakan ewalet dana ovo dll,2025-06-29 20:53:48
c82521e0-3c80-49ff-b965-75491c3b9ee5,sangat baik,2025-04-05 10:45:49
8d02a79e-bf74-40bb-a770-66b5fa11db62,kecewa! ga ada wondr pro mod unlimited money 🗿😄 wondr bni bagus kok 👍,2025-09-10 20:50:54
01f5bbdd-f752-4c62-8842-977946eb945e,Godd loking,2025-10-15 14:35:50
f6a2d044-8efa-4b7e-bf25-9c989742ddb6,"Hanya bagus ditampilan, mbangking lama lebih baik lebih aman, aplikasi wondr masih dlm pengembangan sudah di launching alhasil merugikan nasabah saya sudah 4 kali pembayaran dgn Qris wondr pembayarannya tdk berhasil tpi saldo di rekening sudh berkurang beda dgn mbangking lama klau traksi gagal dananya refund sendiri , klo ada masalah disuruh lapor via Wa CSnya slow respon masa harus nuggu berhari² baru di balas ...",2025-08-02 06:41:20
304a7159-621e-4cb9-a5e1-a7b5d5f08b39,baik,2025-03-21 19:58:36
28a4faae-58bf-4f61-a678-e041847f93b0,new experience and completed,2025-02-25 06:50:36
05adbbeb-161b-48b5-b789-efdcc7e75594,aplikasi aneh. sudah daftar login malah log out sendiri. suruh daftar lagi. tolong di perbaiki. anda aneh,2025-02-14 18:54:13
4adcf8a1-7a96-4cf9-a6d5-8cbb727046a8,Wondr..wondr..kerenn..install dan nikmati aplikasinyaa..,2024-09-03 12:38:52
8f5a7605-9132-406f-a271-a4b0d77188d1,"Kenapa sih bni harus bermasalah terus? Ntah atm nya lah ntah mbanking nya lah ntah kartunya lah aneh,padahal mbanking dan kartu aman aman aja tpi kenapa harus gangguan terus please lah lebih di perbaiki lagi mohon banget",2025-02-05 01:30:28
e276fc34-fc8a-42f5-ac11-eb3e95a448e9,ok,2025-11-30 22:42:51
02abea5a-ece6-432d-b8a4-f82675616283,aneh diikutin panduan nya malah oleng,2024-11-01 18:45:25
6ca53092-56f0-4488-901f-0b2c1f7d77a0,sangat jelek. maintenanc dalam sebulan bisa puluhan kali. Dan kualitas semakin buruk. durasi maintenance juga sangat lama. belajwt dulu sana sama BRI mandiri atau BCa Kalau maintenance cuma bentar dn dalam sebulan maintenance cuma sesekali.,2025-12-01 15:24:49
44b33916-01c8-4a35-9be0-061e91f6951f,"akses cepat, trx cepat.... mantapppp",2025-02-28 13:50:20
03f5f6b7-93af-44a9-939e-491db82e0c6c,Apk makin lama makin lemot,2024-09-06 15:49:36
b44e7ff8-6f1b-4c4f-b64e-3b1b8adc26fe,bagusan mbanking dulu wonder apa2 limit,2025-12-04 06:28:10
36854fe4-1cb8-431b-8128-d00878d47cba,Sangat membantu,2025-02-05 20:15:31
ac55c88d-7035-4e5c-8d34-8c2546fd67c6,mantap,2025-12-01 19:13:17
c6e378b2-2935-408d-8a8e-364d58ea65e2,baik,2025-11-25 08:06:24
f5f890b9-77b9-4fba-8b4a-ceee7dbbdd7b,baguss,2025-03-20 11:38:40
ef324b0e-8714-4acc-ad72-b48266a118de,opsional aplikasinya sangat membantu cuman ada beberapa part membuat sulit ya maksudnya tuh ribet gitu loh. harus masuk masuk berbagai halaman,2025-04-03 22:53:08
65ec0274-78bf-4431-b8b3-4e8e127eb31b,sangat bermanfaat,2025-06-02 15:53:59
d3c2edd9-2663-456c-91f7-635bdac4ee10,"Kemarin melakukan pembayaran tiket KAI, transaksi menjadi semakin mudah",2024-09-03 20:11:22
3cef003e-305e-48ab-8fcd-6b959668cedb,good,2025-03-30 23:52:10
5a093f58-42c1-415a-9b80-9ff7a8d07c4e,"sangat membatu sekali,jadi lebih praktis...👍👍",2025-12-20 14:44:35
fe3c9c3a-53d9-40f2-a6a4-56532ad40f65,keren,2025-11-11 11:54:08
11454528-0dbc-4b68-bd9f-29f06c8ef83a,Trims,2025-01-16 00:03:23
8de9e0c7-0c6f-4731-8f79-f4f330ea2091,Ini wondr kenapa ga bisa di buka dari pgi,2024-11-25 16:45:29
64b8037f-19d2-4d45-940b-7626e83fbe61,Virtual Account nya muter gak selesai²..Ampunm,2025-01-18 06:56:29
9110cdfd-7e8b-406b-800a-c22f09f75f3b,..lanjutkan,2025-09-17 08:03:11
1ee87943-1f17-43e2-8165-bb329d6ba124,ok,2025-10-31 22:49:55
d0eff8c6-3095-4def-a280-2e3f1f6e6a35,"BNI selalu memberikan kemudahan dalam bertransaksi untuk nasabah,dan pastinya aman..bravo BNI...",2024-07-09 13:21:17
7e39a17c-b998-4a10-840a-3bda972f8ce4,Oke sip,2024-08-28 14:09:55
116c96d3-85ee-4099-ae3c-413a386f1693,It's simple,2025-02-22 09:36:22
7c76bf51-49eb-49f7-ae8f-e1606b73d324,mantap & cepat,2024-12-18 19:33:30
08fd7174-8da3-4af1-9ab9-8c8d8208543b,Wonder Mantap,2025-03-08 22:51:29
caf14cd4-3562-4656-aa38-3dc37158c61d,"Pelayanan wondr by BNI knp jd lbh buruk dr BNI Mobile? Spt yg tidak Profesional dlm melakukan perubahan. Semua pengguna hampir sama keluhannya. Kesulitan verifikasi dan login. Klo tdk segera dilakukan perubahan, yakinlah pengguna akan beralih ke bank yg sdh lbh siap memberikan pelayanan prima. Online dan offline. Tks",2024-11-11 12:56:07
3b31f198-4678-4241-b2e3-96c05fc7fd9c,mantab cepat,2025-11-27 17:01:58
7787feb2-da5c-49be-95b0-262985cbf71a,Mantap terbaik,2024-09-03 17:58:19
2a506146-0f82-4c7f-b9d0-d53040dccb7c,sangat baguss aplikasinya,2025-07-30 20:41:49
8f876128-a86f-4eba-9f67-d9b1e1cc3dd3,mantap..,2025-11-21 21:13:25
0d81904a-fecf-4f83-a2d9-9c877a6fb2a4,"tolong admin bni, hari ini tgl 23 okt 2025 aplikasi wondr saya gak bisa d buka. ada peringatan periksa koneksi, pdhl koneksi semua normal",2025-10-23 11:56:37
08b2a9e4-8c12-4430-8730-2998725a85ae,TOP,2025-10-03 14:31:15
4b31976e-9b79-4859-898e-d954cf300d33,mantap,2025-03-10 21:26:14
539dad4b-b870-4f54-ba23-ffee2a9978bf,transaksi mantap pakai wonder BNI,2025-12-18 17:47:30
746a6571-fb87-4351-bda2-d3ddccbc2f3b,simple...ga ribet top markotopppppppo👍👍👍👍👍👍👍👍👍👍👍👍👍👍👍👍,2025-04-18 10:57:30
a4a0abc1-4ba4-4320-91b6-b40dc520616f,bagus,2025-12-04 06:11:11
0f435e02-4f7b-4bb7-8959-23c4181479df,"sangat membantu, apa lagi yg jauh dari Atm",2025-07-21 08:35:00
8df290ad-9cf1-417b-8ad5-e6ab49bb8a3a,memudahkan transaksi,2025-08-06 22:38:04
e9438e3a-c423-42fd-8f84-364087f7aa6c,The Best 46 ♥️,2025-04-14 16:34:48
fbdfc4b9-edf5-46ad-bbe8-358b5282df25,mantap,2025-07-04 12:06:13
a126a83e-319c-4a6a-b094-19655a6e16e0,bagus bangett,2025-12-16 09:16:05
6ea7eb4f-b9cd-44c2-9d5b-ebce9394a3b1,sangat membantu,2025-03-17 21:28:20
01085d8e-f633-49c2-a7a1-6fba1a571b0d,Sangat puas,2024-09-12 00:24:42
9dd955bf-25cb-447f-aff7-d4902890e9b4,baik,2025-05-29 06:39:30
8a10bc29-a15a-43d5-ba7d-4a3ba84cfb05,Wondr udah sering error baru2 nya doank bagusss,2024-11-25 20:02:42
fda96649-dc37-4648-9a7b-1bde64196bd9,Apk sering bngt gangguan anj,2025-01-26 01:20:58
5bc0ad60-e476-43d7-830e-351a9a358b5c,"sejak diganti wondr, transfer sesama bank Himbara saya sering trouble, akhirnya terpaksa trf ke apk uang digital lain. ini pun sangat mengganggu, karena trf ke apk uang digital apapun dibatasi nominalnya max 2 juta saja, hellowww??? bank anda sangat meremehkan kemampuan finansial orang indonesia?? gedean UMR jakarta lohh",2025-12-10 22:09:24
b8f3dfe6-c555-4d53-8e59-296d937631cf,Terpercaya,2025-12-14 18:27:52
86bda605-57e6-4e38-8c2d-8ca1da429d24,sangat ribet,2025-06-20 10:45:20
c01cefb5-a93f-45a5-bd53-b92009da64ba,Sangat bagus,2024-07-08 11:01:37
7920c2f4-5731-4944-90d7-7eaa14cea659,goood banget,2025-11-28 11:54:48
1338ae55-7e1f-451e-a3af-f35db07bd81d,sangat bermanfaat,2025-07-14 17:24:43
479510da-c7a0-449a-95d5-b5abfab39785,Akhir akhir ini sering gangguan. Beberapa kali transaksi sering gagal. Tolong di tingkatkan lagi dong,2024-12-14 01:50:39
8342ac95-4b56-47d4-8660-33a4315307ae,"sangat membantu, Thankyou ✨",2025-01-07 12:49:20
5b3b1849-914d-4222-aedf-a9b2aedea5e4,sering ngeleg,2025-06-29 14:49:25
01743c4b-ad4c-48c1-b6d7-4d3ccc7ef6da,okeh,2025-07-23 14:46:04
c509db39-542a-4713-baf8-c2b4f7b8a930,Bagus,2024-09-03 18:48:27
807c9814-2736-4185-90e8-92adb2afb0dc,Aplikasi ampas loading melulu,2025-03-08 11:15:18
09a88141-6ca3-414b-abe2-47349035a25e,kcp pamulang CS nya lelet pelayanan nya,2025-07-16 11:45:13
e83ce01d-8406-401d-b92d-2e2e29eee5c6,"ok,bagus",2024-09-12 08:22:40
6a967c85-3442-41f4-b806-6de93371d3c6,Mantapp,2024-09-03 14:31:43
11051bc5-4bfc-46b4-a5de-a22e5a191dfd,"Supaya menjadi super apk, perlu ditambahkan lagi fitur penarikan uang tunai tanpa kartu ATM. Untuk fitur lainnya sudah bagus",2024-12-24 10:29:34
b17bf59d-90f9-4f5a-b03f-ed47f263dd04,"Dengan Wondr Mempermudah Saya Setiap Transaksi Lebih Cepat ,Mudah dan Aman .",2024-09-04 09:13:15
44cbcfb4-5987-4746-888a-8698139d6bf0,aplikasinya aneh masa untuk login malah susah dan harus verifikasi ulang yg ribet... tolong dong diperbaiki,2025-08-28 12:42:01
9fec0a3e-b3c0-429f-8fd1-f52e29769fab,bagus cepat,2025-02-27 06:29:05
81214ddb-9229-4562-b8cf-d70fafe4a045,Fitur transaksi cardless belum ada yaitu setor tarik tunai tanpa kartu seperti di aplikasi CIMB niaga untuk mempermudah kita yang sering lupa bawa kartu. Nanti klo dh ada fiturnya barulah update bintang dan penilaian. Nah skrg fitur tarik tunai nya dah ada kalo setor tunai tanpa kartu kapan🕒❓?,2025-05-03 14:14:45
30ec9083-94ef-4886-84db-937803b7b7e5,aplikasi tolol......,2025-03-14 00:27:50
178ae9bc-539a-40c9-beee-0b5dc41af9f5,sukses slalu,2025-12-07 23:25:54
ac3edba1-059a-4645-8906-467e3626dcc6,baik dan sangat membantu,2025-02-24 19:58:32
cbb87dd2-8f07-485b-b542-682ddf8c55aa,jadi susah di buka apk nya lemot ketika mau masuk,2025-04-24 12:33:08
0c1057d6-33f7-468c-b887-344f8954f583,mantap,2025-10-24 16:56:55
c853aa6b-38f2-4197-ad59-f53e0453b3f4,"oke"" saja!",2025-06-22 09:48:19
966bab31-3052-488f-83df-cad19fdf23c3,ini bagaimana kenapa eror begini app nya ..??,2024-11-25 19:33:35
a191e740-7ca7-4bbc-8739-1e8017564846,lebih mudah digunakan dan lebih rinci transaksinya,2024-09-02 13:27:47
71074315-87ec-48e7-991e-16f81b94fb51,Aplikasi keluar sendiri sesi login berakhir. Gitu aja terus. Masih lebih bagus BNI mobile yg lama,2024-12-27 10:15:05
4658a77a-17ff-4472-9042-2c8b5f392499,sangat cepat buat transaksi,2025-07-10 23:18:51
b3819253-d16e-4a40-b45b-0019c0f16d7b,susah banget verifikasi ke aplikasinya. gak bisa terus pas di kedipan mata. ntah sensornya ntah apa. susah juga jdi nya masak klo mau login gini terus. emang wajah siapa lgi kalo bukan wajah ku yg ku bawa. gagal terus. trus pake wajah siapa lagi. yg punya rekening asli aja gak bisa login,2025-10-11 12:04:32
7ef8aadb-7993-4da8-8b27-a33a4de49552,"kereen, simple, dan lemgkap",2025-02-25 06:10:22
797e5b5e-c184-4eee-80b1-f22d9723d677,membingungkan,2025-01-17 21:49:33
2f5acb11-774d-4d8a-a529-e0f63446e546,susah buat login,2024-11-25 20:33:53
c7d02381-d7ec-407e-b9b1-809c63f0474b,Mantap,2025-07-08 17:00:13
8f45c7ee-1e42-4f5f-b6be-1abc9f853529,baik tnp kendala mudah...smoga sukses sll,2025-05-21 11:48:41
3a3728d9-e040-4e5d-bd5b-22633cd1b411,Cara ganti nomor hp gmna ?,2024-09-14 20:54:24
2a8615d4-eb63-4af2-a80c-da0a23ff0a69,"Tolong donk min, untuk menu bayar dan beli, saya mau isi token listrik aja susah, layanan blum tersedia aja",2024-11-14 15:30:53
6d9ed4e1-f450-46c6-84a8-806a9c0a003a,terbaik,2025-05-01 16:01:41
039d6d2f-0c08-4205-9c00-6c2f8376dd49,nanti dirubah kalau dah lancar. masa TF saldo masih mencukupi tapi malah keluar notif ak mencukupi,2025-04-26 01:43:18
8b2218bf-35ed-467b-bb2e-48b20ec60885,sangat bagus dan mudah di gunakan,2025-02-28 14:27:43
2e592ecb-6e1f-457f-aefa-0d727fdbbfc5,Memudahkan dalam bertransaksi,2024-07-08 08:17:00
f8686f37-8ca4-47ef-8d74-f5a31cadf72f,"tolong diperbaiki pada saat awal masuk/login selalu lama sekali respon dari aplikasinya, padahal dulu baru awal² daftar respon dari aplikasi cepat tetapi sekarang jadi lama dan hampir 1 jam juga aplikasi tidak merespon",2025-03-20 09:32:56
c8a16891-b8f3-48e1-a7d8-cc83d6d57783,okkk,2025-02-26 12:47:38
00dd12b1-b76b-49f9-a3e0-230495b592a7,Error system update kak,2025-02-06 21:05:41
7b19d088-0ac2-415c-b208-1bc3637688fe,"Aplikasi bagus lengkap,",2024-09-03 17:51:51
007bf452-f463-4eab-a743-f6536d2164db,Kenapa sering gangguan sih,2024-10-13 08:03:47
d7ffa8b2-e5ec-419f-bb2b-2864a5a44d4c,Sangat bagus transaksi lebih cepat,2024-07-17 11:46:33
53bb524d-72f1-4c01-b0bd-328d73d954db,SANGATTTT BAGUSDS,2025-12-02 22:54:45
2da28bcf-16df-42b7-bce8-bb14f7667187,Semenjak ganti wondr BNI jadi lemot.tudak seperti m banking yg dulu,2024-12-12 15:21:06
305f0a84-8aec-4edd-817b-7624d9deef59,"Aplikasinya jlek, transaksi gagal trus. Heran deh. Malah pnting LG",2024-12-17 01:04:37
1ff2e7dd-b389-41e6-a80e-f38ea8a96ddf,keren,2025-02-27 17:33:29
ee49818f-ff00-41c9-a3a3-d5186003e1c0,"iklanya gembor2, aplikasinya sering gangguan",2025-05-03 14:14:40
78ac785e-a622-4862-bf75-f3216fceaa77,mantap.... love it🥰🥰🥰,2025-03-23 16:11:02
7d3ef027-2b1f-4bf2-af9a-1ed11bf85b35,"Aplikasinya udah bagus, tapi tolong untuk transaksi masuk berapa pun harus ada notifikasinya dan nama pengirimnya muncul biar gak perlu cek aplikasi",2025-09-27 05:14:54
fa6f6670-508c-433b-9855-7f41bb1f9603,"Setor tanpa kartu sama Penarikan gak memakai Pulsa ,tolong dibantu kedua masalah ini ditingkatkan. Biar bisa memanjakan nasabah anda yah. Update ditunggu aplikasinya. Mau majukan Aplikasi anda,,",2025-11-19 23:16:44
aad587c6-9229-40e9-afe5-3b197af2f61f,ok bgt,2025-04-22 11:58:15
5431e42d-5a22-4e8d-b19b-0a4629449a31,knp saya trsfer gagal tp saldo kepotong turunin lagi bintangnya saldo blm balik padahal gagal .knapa saldo blm kembali dan buruk sekali pelayanannya WONDR BNI.,2025-12-20 11:26:28
7956c69e-0c55-4759-b551-f7e0707be565,Terbaik,2024-12-07 11:28:22
33efa56b-c35d-4ed2-91ca-2073d162cd9f,"Mantap aplikasinya, cepat dan mudah bertransaksinya.",2024-09-03 12:16:14
9e7c936d-2203-4430-9db5-f64c67a5f8de,bagus,2025-12-02 13:32:08
47c17a70-afc3-4e2c-9cad-03d4bf59bd3f,good,2025-06-27 06:13:17
7dc24123-09b4-43eb-ad1c-545c2cef57e1,gak jelas sering banyak ofline nya,2025-06-26 00:43:12
c19b67b7-be2c-405b-b0e8-2c74c17e9d69,baik,2025-07-29 21:26:08
6be0e166-6e7e-4911-a993-713adab4d851,"Tampilan kekinian, mudah, informatif dan cepat 😍",2024-09-05 19:06:28
c84394fe-c5b5-43c0-9591-24cc4faff3ec,mantap aplikasinya,2025-09-15 14:33:36
1b57d6de-1836-419f-b740-5ac84eb758b9,mempermudah nasabahnya mantap,2025-11-10 13:27:38
f1feb011-55cf-4958-bb55-1744bc370340,ok,2025-03-25 08:39:20
cc279861-d719-4014-8a3e-3b09312bfd03,respon terbaik,2025-03-30 10:03:09
51cb121a-a14b-4e8b-83d2-8996882f8ac5,"transaksi wondr BI FAST, ketarangan transfer belum berhasil tapi saldo rekening berkurang dan tidak dikembalikan tolong bantuannya dan segera diperbaiki",2025-03-28 10:38:07
f609c300-8383-4997-8701-d1a5987dbdda,memudahkan transaksi,2025-12-01 21:56:10
88c30437-27b8-4fcf-806c-66c9b947f9a7,ok,2025-11-05 06:49:23
6329266f-dbe8-4078-8fa5-ac36ed71ef4e,mantap dari yg sebelumnya,2025-06-12 18:25:06
f4994d77-b626-4475-b561-a6412aaa76a5,sangat membantu,2025-11-05 22:53:00
ba6d0683-a9c4-48dc-b1b2-86e98a2fd39a,Bagus yg lama.. aplikasi banyak bermasalah,2024-11-25 19:47:44
81b202c9-86fc-44c5-9dd1-113385117a64,"Data transaksi melalui debit card tidak tercatat ke dalam aplikasi wondr ini, tapi untungnya masih masuk ke dalam SMS banking, tolong dibenerin.",2025-08-03 19:53:17
ddcda708-0f37-4034-9f76-d436fac29e38,"wah kacau banget tiba"" harus login lagi dan harus masukin nomor kartu sedangkan kartu saja sudah 3 bulan tidak dikirim. padahal lagi urgent mau bayar gimana coba uang saya hampir semua saya simpan di wondr.",2025-05-20 16:24:13
26c71dfd-8ecb-4a5d-9bee-1eec0fdd82a7,good BNI mantap,2025-07-22 11:44:53
04a02bcd-df61-4df1-86cd-18da363c8b56,ok bangettt,2025-03-23 04:42:13
c45c27c0-5218-4e5f-b1e7-bc30f02caecd,ok,2025-06-23 23:01:24
42907dce-f7c4-40c7-913b-fe7e2fff34b4,"Kenapa selalu gagal transfer duit,tolong lah aku mau transfer duit loh,tolong lah perbaiki,udah ga punya duit ini,ngambil duit ga bisa,transfer pun gagal trus katanya,tolong lah woi",2025-09-24 18:50:00
0a6a540f-135b-483e-a7af-1a009f656882,bagus dan sangat membantu...,2025-12-01 14:43:55
73997145-d457-4899-b9da-49cb86a8ba8f,sangat membantu,2025-04-08 10:04:48
15955b64-0bcc-430e-b118-90d7e2c2c14b,keseringan error,2024-11-25 13:33:21
e0c6c6ce-ce8e-404e-9532-e64ac556abe1,"Waaahh aplikasi nya keren sekali,semakin canggih Mantap mantapp",2024-11-30 13:41:00
c54090e5-0dde-4b59-b94d-85157f4fd938,sering gangguan,2025-12-05 19:38:54
ecd5477f-de72-4a94-930f-64c5c5d5ef95,bagus cepat,2025-11-02 09:25:21
a3f8c5e3-4ea5-4261-86f7-b2ba62503bc6,"sumpah sejak pindah ke wondr jd lemot bgt pas mw buka aplikasinya, harus berulang2 kali dl baru bisa kebuka. jd males bgt pk aplikasi ini",2025-09-01 18:47:04
fbf51230-09ff-4549-bf56-f6bff3a3fc9d,berguna banget,2025-08-28 11:06:25
24d7dc35-b4be-4542-840f-c5d8bb01ea9a,Kok dari tadi wonder gk bisa di buka ya . Tolong dong perbaikan nya di percepat kak🙏,2024-11-25 20:21:14
3c587293-53cb-4f14-ba14-2b6a74bc7ea2,Memudahkan untuk bertransaksi,2024-09-03 19:13:13
25c5d168-0ac4-4491-a186-f430a6ef3bf5,puas dan mudah,2025-07-05 22:01:19
8aed2238-4759-4d9f-aa3d-5f0d7011d9e8,"Luar biasa, info grafisnya ok",2024-09-06 12:22:53
36c19ee3-ac76-4edc-aec8-2dd0fd320d3e,"transaksi melalui wondr by BNI menjadi lebih mudah dan cepat,sangat membantu bagi seusia saya(lansia)",2025-03-02 13:18:26
c4a32151-a3b7-48c0-a3be-8a8ad9eda097,"Wondr gangguan nya lama bener, ngikutin BRI 😔",2024-11-25 21:15:08
28587d72-a494-4d55-8169-f2f0c723a85a,"Keren aplikasinya bisa untuk buka blokir pin atm, saat kita lupa pin, terus terbelolir, jadi gk perlu datang ke Cs lagi",2024-09-04 08:30:55
41275c49-1e93-4205-861c-3a93389bb34d,sangat membantu transaksi kami yg tinggal dipedesaan❤️❤️❤️,2025-03-03 18:53:18
7336d61a-38a2-4186-83fc-d5ff26ef8912,bosok mbok ojo eror ae tok,2025-12-01 13:15:42
7f2f197a-84c7-45e9-8f0b-0da4ec7bc2e2,sangat membantu,2025-11-07 12:18:14
82a48e23-0a6f-471d-b641-be9cc05173da,terbaik,2025-03-24 13:56:21
7db6a7c3-85cd-4041-bd67-d0a1a3abe506,oke bangettt,2025-06-30 23:26:32
b2bb6064-4da1-40e2-9791-10f436f87df1,Ok,2024-07-31 13:40:57
a93135a9-e437-4426-b84b-fcec9c18f916,"Aplikasi yang membagong kan..Ini aplikasi apaan sih tidak bisa di gunakan setelah selesai verifikasi kembali lagi ke awal minta KTP lagi berulang-ulang, datang ke kekantor cabang Mataram di langko di sambut dengan satpam yang tidak ramah dan akhirnya disuruh pulang untuk ambil buku tabungan, kenapa gak dari awal",2024-07-29 12:35:26
84537b53-1c74-444a-a67e-6dd2a05d0b46,"kurang banget ni aplikasi, tangggal 25 pending seharian, padahal saya mau bayar cicilan yang jatuh tempo nya hari ini, mending bni mobile",2024-11-25 17:23:24
b678370f-60d7-4de5-9298-15ba025e54bb,mudah di oprasikan,2025-07-12 16:39:15
18af8ac7-d56f-4598-a981-d74c088a4b45,mantap,2025-06-07 20:33:11
1d3fd90d-eb10-48ca-9e31-da1a9a98d58b,mudah digunakan,2025-07-02 22:05:25
fb58a0c1-c292-4d16-9b57-3a6b23766dfc,Keren...walau sering selfie gara2 lupa pass..🤣,2025-01-07 16:24:39
94fafdb4-dae6-4684-8567-9d705e9657d8,susah log in padahala sinyal enak banget pas buka wonder malah turun padahal lagi butuh banget malah kyk gini aplikasinya,2025-12-01 17:42:39
71ef7ff4-f19b-4d20-8179-fda66873312e,sayang banget sama wondr ku 🥰🥰🥰🥰🥰 gampang dan semakin cepat untuk transaksi,2024-09-05 18:03:58
3ff39a39-a057-44ce-925e-3de50cdb1c1e,"Masih bagus aplikasi yg lama,yg skrg wondr sering error,susah login. Parah...",2025-08-21 09:08:14
238ddd63-2de3-4784-8290-ef8ac7374c34,okee,2025-09-20 19:54:52
27ed42f6-05e7-4b6b-9133-e6f63dafa331,fitur2 nya sangat membantu,2025-11-25 09:53:17
2c64a500-f995-4041-85a5-3d652d3757f8,sangat membantu dlm transaksi,2025-07-01 13:04:04
8fe9b4b3-db8d-4ed8-9482-260858eb5160,"Saran untuk BNI semoga ini bisa diteruskan ke Tim Manajemen, Sangat disayangkan aplikasi sebagus ini namun dalam transaksi Mobile Tunai di ATM untuk konfirmasi OTP harus menggunakan sistem SMS ke nomor HP, memang benar secara keamanan mungkin lebih baik, namun secara efisien benar benar NOL besar, kadang kalau menggunakan sistem ini kode sms OTP tersebut sangat lama masuknya bahkan seringkali tidak pernah masuk kode tsb. Sangat jauh jika dibandingkan dengan BRI atau BCA utk sistem Mobile Tunai.",2025-06-06 09:35:40
453377c7-f8a4-4744-aa88-98218752191d,"Baik, semoga lebih baik lagi, perbanyak promo",2025-08-17 21:27:14
c69d31eb-16f1-48e2-bd5a-2cc49599b00c,Terima kasih selalu jadi yg Terbaik,2025-04-06 22:16:16
4a7be04b-dc44-4f64-b6d7-fd3bf5d10a95,cukup bagus,2025-11-23 13:50:37
2ee43238-b049-4385-bbe9-b336347874ab,mantap,2025-06-06 07:26:54
589714de-9d99-4562-82ba-7a920a753e0f,saya kasih bintang abisnya susah banget verifikasi gagal terus,2025-10-31 08:20:18
89f56056-def5-42e4-8d69-c4c9c3e5fb2a,masih sama gk bisa d klik idh d hapus change memori unistal download lagi masih sama,2025-05-13 11:49:32
589c3675-d377-4fb2-9a68-238d5fda5a79,Ini kenapa tiba2 gabisa di buka ? Bacaan nya ada kendala sedangkan yg lain bisa,2024-11-04 03:20:45
ae0c3480-f2bc-4efd-87c2-85b8480f8b12,Oke sudah bisa.,2025-01-29 12:26:07
43890739-3eb5-4640-8d15-91b8fa1c4b35,Aplikasi yang menyusahkan pengguna. Lebih mudah atau lebih praktis menggunakan yang dari aplikasi mobile banking yang sebelumnya.,2024-12-10 11:20:54
58e73c20-fda5-4408-92fd-7df48a6762d1,mantap,2025-03-11 13:52:32
872b1ca7-2353-466c-ac10-c62e361d6dc8,"banyak bug bukti TF kadang hilang, bukti TF gagal tapi saldo berkurang",2025-10-28 15:32:28
20730523-4c70-4c5f-88a6-fc296d97bf51,bagus sekali,2025-07-23 22:15:22
4f31cfb0-79a3-4bd8-be05-c99dc284914e,lemot banget mau login aja ga bisa bisa,2025-07-25 20:22:24
12732d8b-7c64-4f82-82cf-c57d3055d011,"Bisa gak sih Tarik tunai Via Mobile Tunai, kode transaksi dan OTP dikirim bersamaan di aplikasi? gak perlu lagi via sms yg harus pakai pulsa lagi. Udah pakai aplikasi, masih aja pakai sms",2025-05-31 21:00:07
3548210b-f141-4362-9c3e-07503ed6840a,"Download apk karena nyoba"" Katanya banyak promo. Gak taunya mau di pakai nonton di XX1 di tolak karena di stop dari pihak BNI. Padahal masih tanggal yang berlaku yaitu tgl 7. Gak pernah niat BNI klo ngasih promo. Kadang error lah.. Ini lebih parah di stop dari BNInya 😂",2024-07-07 21:01:09
eb6db151-cc9b-45e5-9291-a308867e9e4b,sangat cepat dan membantu,2025-03-27 05:18:47
aa8bf1b0-6341-4f1b-96db-2367d5579399,saya baru saja melakukan trf dr niaga ke BNI tp kok gk masuk ya pdhl yg di niaga saldo udah kepotong,2025-10-01 11:51:17
cac4524c-8af7-4f79-b4c7-7a2fc9ba9e7b,tidak bisa mengaktifkan sidik jari saat login,2025-08-20 11:13:21
7f977497-5f1c-4866-97c3-7aed3bd9da53,Mohon maaf tapi suka error mulu. Pas lagi genting2nya dan ga bisa kepake itu bener2 frustasi banget 😕,2024-12-09 22:28:44
c59a8273-a96b-4918-ab83-87e18174dfd3,"Sangat kecewa ketika saya transaksi tidak berhasil uang tidak keluar dari ATM , akan tetapi saldo berkurang. Sudah 2 kali saya transaksi dengan nominal yg lumayan besar. dengan keterangan transaksi gagal uang tidak keluar saldo saya berkurang. Ini sangat merugikan saya sebagai pengguna BNI , rugi waktu, materil, bisnis saya terganggu",2025-11-03 04:14:05
7d857827-8ed9-46c1-ad09-93171eea6a62,"Ribet segala aplikasi baru, Cuma unggul ditampilan dibanding BNI mobile biasa , fitur masih terbatas",2024-10-18 11:39:44
7cfca2d4-c6b9-4dcf-af3b-16ba654d3372,sangat terbantu dan tidak repot ke ATM tinggal klik,2025-06-24 10:57:54
89fc56f6-909e-4e7c-916d-b8e5f07401a1,terbaik,2025-07-03 17:06:25
f0e4544c-6e35-4ec9-b481-2d9be11f943a,"Masa harus login lagi pakai ktp ribet amat, trus malah ganti password ,uninstall lagi lah, mending pakai yg lama. Saya tidak salah password cuma saya jarang login di apk ini karena masih aktif d aplikasi yang lama, setelah login lagi lgi malah minta data lagi seperti ktp dll bikin ribet",2024-10-26 22:01:52
b57f801c-85a0-49b4-89ce-e7dc6ca5d5d2,"Aplikasi kagak jelas seharian gua gak bisa buka aplikasinya, perbaikan mulu",2024-11-25 20:16:15
3cf74201-5f0b-43d3-a362-169e74e695d7,mudah dan cepat transaksinya,2025-05-29 15:23:29
cc38ea6f-7e76-48fb-8785-123c4affa500,"di transfer orang, nggak ada notif masuk malah aplikasi eror dan trouble, bahkan sampe berhari-hari, gimana ya ini pusat nya?",2025-12-02 19:28:37
b31b4ad0-e692-4c5d-aa9f-b4bbdfc21143,"Jelek, sering kendala. Transisi sih transisi tapi terlalu lama, masih sering perbaikan, sementara customer butuh banget buat transaksi",2024-11-25 18:07:38
1932debb-074e-4090-8a44-37e7b5115b14,sangat membantu sekali,2025-11-28 17:41:43
a1f06a93-0223-4aaa-971d-cf9537e6d9ec,"Aplikasi ini sangat bagus dan sangat membantu,karena fitur mudah di fahami dan ga ribet,apalagi buat yg gaptek aplikasi ini sangat membantu,buat orang yg sibuk dan gak mau ribet,aplikasi ini solusinya,apalagi bagi aku yg gak suka ribet,aplikasi ini memudahkan sekali,pokonya mudah dan aman, 👍terimakasiiih",2024-12-05 14:11:34
4d62b947-bdeb-40a9-8ebb-25bc03a735c5,lama banget loading di awal masuk😔😔,2025-08-21 14:35:27
594666b3-5b7a-4cfa-ab06-631480ba53e3,"ini saya mau buka rekening melalui mobile malah diarahkan ke cabang jadi gabisa gitu buka rekening melalui mobile? saya diarahkan masuk no kartu juga langsung, ini saya mau buka rek malah gimana sih",2025-11-10 08:33:07
07e20726-c7c6-46ea-9267-925e754234c3,joss lancar,2025-11-01 13:42:10
1099bd49-5634-4e03-b09a-08821d31304a,"sangat membantu, tambahkan transaksi ewalet",2025-07-22 11:56:03
63a4712a-01c9-4bcb-be70-7453b9a0a785,Sangat Puas,2025-07-20 10:48:52
88b62562-8024-41b9-ba2c-ca96ca7c258a,puasa bgt,2025-09-18 22:35:40
790a6a0b-4b0e-43a2-a099-6d9ddef3d357,sangat membantu,2025-06-13 11:21:08
1dd249a4-1cc0-4eda-adb7-348cdd26fb1b,sangat membantu,2025-09-30 14:42:40
2e4da691-bdbd-4d17-96b9-282f2751481a,verifikasi wajah eror gagal trs,2024-08-14 01:54:41
6119ca6d-51d3-4919-8504-592a516f1232,Sejauh ini cukup puas,2024-10-29 06:01:15
6e85194f-2c56-4ee1-8a65-25c0f59cd401,keren,2025-12-19 05:58:12
f4c60d2f-a31b-40e5-b5a5-f2c012f49642,"Dengan Wondr transaksi lebih mudah dibandingkan app sebelumnya, dan aplikasi yang lebih menarik, sukses terus utk wondr BNI",2024-09-05 15:53:52
2addd70f-9015-4d9b-b6ec-c565514afba9,keren,2025-11-25 10:11:50
6e04a5d0-3b7d-4e1a-b471-bfe34d31fbea,udahlah makin lama bank Indonesia makin GK jelas posisi sekarang di luar negeri trus akun kebelokir malah GK ada solusi,2025-12-08 10:46:48
90801411-d64c-4d0d-8ee4-8b03789ddc0b,sangat membantu,2025-03-09 21:11:11
f40c5ffd-14f9-4981-b751-9786d1251ac2,oke,2025-10-02 18:35:26
0cf8d151-6f22-4c1f-bd9f-5dab6c402701,"baru pakai aplikasi nya,pokonya bagus",2025-03-24 12:25:37
fe59c910-a028-4fa4-9777-389d5c390ab7,Mantap......memakai aplikasi ini.....semua jadi lebih mudah.terima kasih BNI,2025-03-15 00:06:43
41cf9be1-2c45-4255-86de-6c7cd865b909,Tampilan baru lebih menarik & fresh. Lebih simpel dan mudah dalam transaksi.,2024-09-03 12:18:34
b9f268e7-13b5-4685-a69c-8bd913dc099a,aplikasi sering terganggu,2025-05-23 10:37:41
6f0a7a52-d028-4a82-b4c4-edb05b71b272,cepat,2025-09-06 12:00:57
0f1e4a16-91e7-4383-aee0-f2e55cda9a26,ok,2025-02-28 09:17:18
c5fafcba-7fc9-4a1c-bd76-2ea7299a132e,aplikasi yang sangat baik mudah di gunakan,2024-12-25 15:40:43
4f37f010-9a60-4c1a-a431-9c4725c2f6b1,"Apaan tiba² gabisa diakses, lagi butuh buat darurat malah gajelas. Buruan benerin kalo gamau bintang 1",2024-11-25 20:44:15
1d20d059-e584-4b1b-bf33-4db1da1e2fe2,"akun saya tidak bisa menggunakan sidik jari, sudah di coba beberapa kali tetap tidak bisa",2025-08-03 19:43:47
8ec38aa9-5c23-4735-aa4c-011635c027a4,mudah dan cepat,2025-02-25 15:15:33
e4af4c66-2705-482c-b37e-d9dd5444f0aa,super aplikasi.. sangat mudah dan nyaman bertransaksi,2025-02-25 07:05:34
835d4e47-6f0c-479e-ac07-0b598e659d32,min.ini gimana si!!aku udah bikin akun loh!tapi knpa pas saya buka aplikasinya malah suruh bikin akun lagi!!!!!!dan saya gabiaa login...ayolah yang bener aja.masa harus terus teruaan bikin aiun baru!!!!!!,2024-12-29 12:26:50
91b66abc-dd6b-4a92-87e6-1d31557b1749,aplikasi ini tidak seperti m bangking yang lama,2025-08-15 07:55:33
7ec2d20a-c109-43a7-8018-afd15bd44207,oke,2025-03-01 00:18:41
53067a5e-fbd6-4e12-96b5-f7971d5ea0f5,cepat proses nya,2025-06-10 10:16:37
c895196c-91e7-4a21-9ce7-88671e65052e,Aplikasinya sudah mengakomodir semua kebutuhan kita 👍👍👍,2025-06-01 07:11:01
e7517bd2-587d-4f76-9c8a-3a5be645502b,"loadingnya lama bangett stuck logo, pdahal hape ku gak kentang haduhh udh coba update tp ttp sama aja.",2025-06-16 20:12:28
5b06f50a-21b2-4b5a-93db-337b4cd52ddb,Tolong yaa kak saya mw nabung di wondr blm bisa yaaa?,2025-02-18 16:30:03
b454dcea-2dd3-47a9-94d7-c4bad5661906,mantap,2025-03-17 22:40:20
feb4783a-ac7f-4949-80ea-a637d235b7c3,bagus tercepat,2025-02-24 12:57:31
9b95fbad-4e13-49b8-a755-d6de5a061ec4,apk nya sering keluar sendiri,2025-09-05 17:56:09
293e8cba-5df1-42ca-919e-5d037b0ec0d5,mantap,2025-04-25 21:08:08
a68d71e2-9443-4ec6-aff1-0ef3e0f71ab3,mantap,2025-08-14 22:34:04
78308cad-9635-4996-978f-bc4d28b01ea8,tak perlu banyak protes. bintang yg berbicara kwalitas. No komen aplikasi ini udah ku hapus. (Ribet),2025-12-01 23:56:39
0d1c52f0-5a39-4c29-b290-30a493bcbfc2,apk bank rekomen,2025-08-14 23:03:21
2801eadd-d3d3-4ce4-bd01-00a5d029ac96,mantapp,2025-09-16 17:37:58
39537a69-935e-4425-a783-935b01e08d59,Mantappp,2024-09-03 17:51:54
b74a85b8-e7ea-4ba1-87f6-7427dcac0d82,sangat puasssssss,2025-03-17 03:12:19
1af45ea3-ad25-4aba-8c48-e937e941eba1,aplikasi payah terlalu ribet...verivikasi wajah gagal prosedur ribet katanya memudahkan... bikin nasabah kecewa....bikin apk tuh yg simple g ruwet 😠🤒😠😠,2025-06-08 11:39:45
b4a64c56-eaae-4ca1-9ca0-411152ee8de3,sangat membantu,2025-06-28 02:26:52
f07440ad-8427-43e3-ae75-5f7bed6e9d37,Aplikasi wondr baguss.mempermudah segalanya seperti.e walet.qris dll,2024-09-05 12:31:39
7c5a386b-1ced-4ad7-be74-1445b7016f6a,cepat n mudah,2025-11-07 05:29:25
5643e9f6-1488-4886-8db6-333718fec1f8,"simpel,dan keamanan ganda.",2025-10-11 14:15:54
0205c35c-ae22-483f-822f-0b1bf07a7980,"ini emang akhir bulan adminnya kena banyak ya? pdhl dulu awal pakai BNI g sebanyak ini adminnya trs juga udah 3 bln ini saya kena denda mulu pdhl ATM ga pernah gaada isinya, jadi mals pake kalu gini",2025-12-18 00:32:41
da8f24a9-b4c2-4cf5-9f0a-6e44b6807fc3,bagus,2025-06-04 14:15:01
ea8a1b94-7271-4beb-a952-932bae509cd0,mantaap,2025-02-28 22:12:43
eb841209-1352-4b72-8685-c768afdce937,baggus,2025-12-21 15:14:38
fba127ec-6d86-4d64-876b-fbf5a19776dd,Transaksi jadi lebih mudah dan gampang berkat wondr BNI semoga semakin bagus dan tambah lengkap fiturnya🤏,2024-09-03 18:03:33
bd625b77-06f5-4e96-8d48-11fe8d8c3592,Keren,2024-09-27 18:06:35
7367795a-01e2-4acb-9f0d-be677fa9c957,okee,2025-06-13 15:23:00
a6241baf-325f-405f-88da-3503ca79b010,"Sudah instal dan sudah selesai bisa untuk ngecek saldo,, Namun kok ada registrasi yg aneh,, yg harus dicentang jujur takut ini indikasi terbobol,, jadi dibukak tidak seperti biasanya",2024-10-19 17:56:37
47fa66a7-9613-4953-b279-e64edf40c956,Lucu,2024-07-12 14:42:08
bef3a355-b793-4039-883e-c0565417c75f,"Aplikasinya knp tidak bisa di pakai ,sedangkan saya mau TF tapi udah nunggu sehari ini aplikasi tidak bisa dipakai",2024-11-25 19:57:48
0bf42840-79a6-4396-acdd-6b33b9d235e0,mempermudah👍,2025-07-30 17:23:36
41044bd5-d33d-4006-b26f-4e2725be464c,"wondr app g jelas, sulit dipahami. Login BNI Mobile sudah g bisa & diminta pindah ke Wondr tp g bisa login, sudah punya rekening tp kalau login diminta pilih jenis rekening yang akan dibuat",2025-11-27 21:37:30
52aa414c-c407-486f-a854-b93795f7ee03,"suka banget sama apk wondr by BNI ini karna sangat memudahkan jika ingin bertransaksi kemanapun, kapanpun dan dimanapun. fiturnya gampang diakses, tampilannya tidak membingungkan, aplikasi yang worth it untuk diinstall karna dengan memakai aplikasi ini kita ga harus bolak balik ATM/bank. terimakasih wondr by BNI love love love!!!",2024-12-20 20:10:12
08b38f88-2140-46fb-80bf-066f16b89350,sangat membantu,2025-11-25 14:19:58
0df953b5-f9e4-4f2e-9ae7-4b4eb7a9e8ca,mantap,2025-06-03 11:38:25
2299cd3b-1e84-4d21-a4f9-fa7d316518d9,Oke,2025-06-30 09:59:45
85b669e0-5421-4ff9-a924-7305b3c3c42b,good,2025-04-16 18:26:33
cdf5f9d5-1b91-4560-9085-b79e0e96305f,"Ini aplikasi apa sih, masak verifikasi wajah kaga bisa mulu.",2024-07-06 08:50:17
f42bf116-1537-41e2-b9f4-2c9689a60003,good & thanks,2025-08-04 20:42:24
99af49fb-d05b-4d80-bf3f-ad6629940371,oke bangett,2025-02-23 21:24:57
3a666aa4-851b-4721-9942-b263c26b69e7,lancar transfer nyaaa,2025-11-21 12:05:41
35c59bf5-d67b-4d49-ab15-c011ced3627d,Aplikasi lengkap utk semua transaksi,2024-07-18 14:01:04
1b0993fb-b5fe-4cd6-8645-f5738ec40638,aplikasi mantap,2025-03-22 19:10:47
5431ad74-079e-4e8d-b384-27fd324e8b7c,"Makin gak jelas.Wifi lancar,jaringan data juga lancar tapi sering sekali gak bisa login dengan alasan tidak tersambung ke internet.Gak cocok untuk dipakai.Kalau aplikasi nya gak beres jangan buat alasan tidak tersambung internet.FITNAH NAMANYA !",2025-12-01 15:59:11
65f30fe5-b611-4018-8b63-0794b453a7d4,Sangat bgus untuk mengelola dana,2024-11-16 04:35:54
9c51e0ed-3a5c-4850-8d05-3465fe79ad69,kenapa sih wonder sering bgt setiap lewat dari jam 11 malam itu pasti gak bisa bayar pakai qris nya...semakin kemari semakin jelek aja sih lah BNI ini,2025-08-25 00:42:14
168a0f74-0bcd-4dbf-a366-ee7350640520,bagus,2025-03-01 13:49:36
9dadebac-1855-4511-9146-db81638dbea8,Sangat Baik,2025-11-01 12:53:22
ee6a9e70-c8c7-45d5-9dcd-8621afc7140e,Mantap 👍,2025-10-15 11:07:42
3355972e-5e19-46b9-833e-f734c1cc80b8,enak dipakai fitur lengkap 👍🏾,2024-09-05 16:19:15
762bd8b9-18db-4b8c-8a5b-b1352b1cdba9,Bner bner aplikasi ini klo lagi di butuhin darurat mau transaksi bnyak kndala parahhhhhhhhhhhhhggggggg.perbaikiiiii trusssss smpe bikin emosiiiiii,2024-12-10 00:28:55
a40c0fe3-5230-46d4-b320-665ee9fba14d,"Gimana ini wondr by BNI kuota full, internet bagus tapi mau buka aplikasinya aja gak bisa, katanya internet tidak tersambung??? Yang benar aja, buka aplikasi medsos aja lancar tanpa hambatan. Tolong lah yaaa, perbaiki.Lagi urgent malah gak bisa digunakan",2025-12-01 17:30:45
d876588e-8400-4c90-a450-2617c50a6bd1,Segala transaksi mudah dan cepat dilakukan,2024-09-03 14:42:09
967a7dee-abd3-4aa6-9e09-a4460caaa2dc,simpel keren,2025-09-14 07:45:49
339ff760-d70f-4b46-af2c-18743dacf38c,"Tolong dong ini apknya knapa suka ga bisa login malah close terus,mana lagi penting gini malem""mau transaksi tolong di fixs dong terganggu banget jadinya gini.",2025-03-16 00:36:07
7e16715f-0f55-47be-9b0d-974dfb0b208d,sangat membantu,2025-11-28 19:02:46
16a53e1d-91f2-42b1-b00d-69bc2f3dc749,"Aplikasi berjalan tidak lancar, dan agak ribet. Lebih bagus aplikasi banking yg lama",2024-11-25 20:56:04
1f6520ca-a9bf-4b89-b274-d1f4d3b2c10e,"Aplikasi lebih powerfull dari BNI Mobile 🔥 Request untuk tim develop, notifikasi (popup notif atau email) tolong diterapkan untuk semua nominal transaksi realtime seperti bank digital dong. Terimakasih",2024-07-19 15:58:14
1ff4b57d-4ce9-43d2-82f8-7e17828d1421,mantap,2025-03-25 19:05:53
964bbd0e-ba09-416a-877b-4651817d3ee8,oke,2025-10-02 18:26:20
1b28f2df-2922-4159-b2a9-b2c3fe7ce6ca,sangat memudahkan transaksi setiap hari,2025-12-01 18:17:41
3d75bf92-a9ef-427c-a7c5-601becc8dcbc,"Tolong Format Histori transaksi seperti Mobile Banking, lebih detail, dan bisa di download rekening korannya, ada saldo awal, dr, cr, dan saldo akhir",2024-10-23 17:27:31
50998059-646b-46a7-a453-b005c99f698b,erro terus... tidak jelas,2025-12-01 17:24:07
198f05a3-f046-4db5-8530-c16bea7c8912,menu tranfer untuk untuk top up tabungan tapenas tidak tersedia..masih mending pakai mobile bangking menu lebih lengkap.,2025-03-02 12:01:14
ae1a3cd2-7c89-4c5b-9b75-d612e416271b,"wonder ngaco nich sudah punya rekening mau masuk malah masuk pendaftar baru jadi rekening lagi login gak jelas,",2025-11-25 14:48:11
66d5f057-a8ec-4f42-b06e-687a355684a6,suka,2025-12-03 20:26:38
830f5a0d-665b-41ee-944a-36c1aa731fdc,Aplikasinya sangat memudahkan nasabah,2024-09-13 11:05:59
e2955bde-c0e2-41b1-bf57-149319015464,lebih praktis,2025-11-29 05:17:03
0a7183ed-4373-4817-ae44-abee6a81f07c,keren bosku,2025-03-03 10:42:16
cc5b4039-3f89-4388-b92c-7af763a43d0e,"kalo uang yg ditarik dari atm tapi ga keluar, dan saldo kepotong kira2 gimna?",2025-07-25 04:57:45
3c7dbec9-141f-42c9-88cf-811f4ecca3b4,Pake wondr muda bisa di pake dmna aja jangan lupa download wondr ya,2024-07-13 14:56:47
a9c0e778-0dfb-4c99-9080-60dece2845e2,Mantap,2025-11-27 08:51:18
8a461583-7001-478b-9ec8-2f8428d6ec7a,"padahal aplikasi resmi, tapi banyak bug, masa fiturnya bilang gagal tersambung ke internet padahal paket aktif dan posisi di tengah kota, udah coba akses aplikasi lain lancar aja, tapi giliran buka aplikasi ini langsung dibilang terputus dari internet.",2025-12-01 17:25:16
ebf0e8ed-9864-49ac-bdad-6acb589f957d,"aplikasi ampas, masak keluar akun mau masuk password benar jadi salah...mau reset password malah suruh daftar lg",2025-11-04 16:52:42
b9f65be1-4408-4e90-ada5-f3a8b4699337,mudh2an tambah maju bni,2025-06-13 16:53:57
a852adcb-5e67-49b9-9e06-047382002b2b,bagus dan nyaman,2025-08-26 00:11:10
2b7138ec-fb1d-481e-a284-9a6991551e04,sangat mudah aplikasinya,2025-11-10 19:04:27
c2c2efef-219b-407d-9377-95d7ea795ce9,keren,2024-10-20 18:15:18
1a564041-39e0-4297-9dac-b30ce04fe514,Aplikasi sering error transaksi.. tidak bisa transfer,2025-01-19 00:18:33
bb12e935-6f33-46c2-999d-70bad52acbbb,sangat membantu,2025-11-23 16:28:57
e2c28e24-64bc-4c5e-80b1-5d0ebcc5d2ca,Buruk..ga bisa di pakai apk spam...email cs..ga berfaedah ..ga ada balasan...cb tf dari 10.000 di dana udah kepotong...tapi gak masuk....BNI 👎,2025-01-10 19:19:10
701502c0-b21a-4108-9c2f-f21239103042,Jelek bgttt lemot,2025-02-05 13:21:41
bfabea3c-46d3-467e-bf81-8e5331b27e8d,mantap,2025-07-26 15:06:59
ab86de3e-c5b9-4a70-be06-d9f19f093a65,"dihh sekarang apalagi nihh kann error, kartu hp saya dua dua nya ada jaringan malah di wonder nya ngga jelas tulisan ngga tersambung. gimana nihhh. Minggu ini error nya banyak amatt, butuh urgent nihh. wanti wanti kek kalo mau maintenance. kasih pemberitahuan kek jangan tiba tiba haduehhh",2025-10-23 12:00:26
f8ad38f6-c2ce-44f5-868d-49e21ec04523,"JANGAN DOWNLOAD APLIKASI INI. Setelah berhasil verifikasi untuk login, tepat 25 menit kemudian, nomor handphone yang saya gunakan dispam whatsappnya oleh nomor tidak dikenal dan memanggil nama saya menggunakan nama email yang hanya saya masukan untuk login. Kebetulan nama email saya berbeda dengan nama Whatsapp dan saat itu saya hanya sedang mencoba login menggunakan Aplikasi wondr ini. BILA MASIH ADA ORANG JUJUR DI BNI, TOLONG DIPERBAIKI PRIVASI DATA NASABAHNYA YA.",2025-06-22 08:19:13
52bc5c50-5b70-4eb4-9ee2-063be26fa0a4,Mudah digunakan,2024-07-01 14:40:15
c4775d68-8582-4d81-bd98-6c09857926c9,mantapp,2025-02-24 13:03:33
690f907d-b4f1-49c2-8bab-760fb7ac48c9,sangat membantu saya dalam transaksi,2025-07-01 20:18:23
2e0eca3f-7154-4930-beca-a32d49d03e32,baik,2025-06-25 07:25:22
d4c5c608-cb29-4640-8d2e-d18c708464eb,Lebih keren klo ada tarik dan setor tunai cardless,2024-08-11 13:22:10
de90fb28-3c84-444b-860d-d8a3f9a51abd,sangat baik,2025-04-25 23:03:25
d48ef5ad-278f-4818-b51a-0d0c8b00a111,Ribet.,2024-08-30 06:24:20
90592209-62cc-4943-80f4-10a19b6a6487,sudah 2 hari ini ga bs dibuka ? apa lg ada pembaharuan ?,2025-10-25 09:39:47
809864cb-7bd7-4df9-83b6-6e6410150a46,cepat dan sangat mudah Dalai pemakaian,2025-09-28 12:06:16
c121555e-2834-4ae1-972f-c92c627d2a30,mantap,2025-12-01 12:35:47
df2d8eae-2b30-4e17-82b7-22119ec00f45,"lebih simple dan sangat membantu,,,,🤗",2025-05-31 06:12:49
1e5b60f1-de96-4f1c-899a-faf28e53d1c9,membatu banget,2025-05-10 11:52:47
50e54053-7226-4c27-b16c-ac9f91b84f07,Mempersulit bukan mempermudah.vertifikasi wajah susah bener.udhbcoba ratusanskli tetep aja gagal.bener benar aplikasi mmyebalkan...,2025-02-11 12:51:16
d5874d87-dc3e-47fe-bc37-a7e273cf65e1,"alhamdlh,,, dengan adanya aplikasi ini kartu yg terblokir langsung bisa diatasi.semoga tetap terus melayani dengan baik!",2025-10-31 00:45:53
7719c588-1b65-4633-9077-948eb0552748,gampang skrg byr listrik gk perlu ke pln,2025-03-05 07:41:26
00989222-9da6-4f49-aaa0-5f34d7c02f0d,"Alhamdulillah, terimakasih sdh menemaniku sjk remaja hgg skrg, bahkan Sulungku sdh mulai remaja, 😃",2025-12-04 09:14:31
90f183bb-efb8-45a4-854b-cfd182cd8dc5,Bagus...semoga keamanan lbh terjamin lagi,2025-10-03 16:06:15
131b4238-b815-4bfd-a3db-78ad4e3aabbe,"Saya kasih bintang empat dulu krn sejauh ini ga bermasalah, saya donlod ini krn bni mobile nya yg justru kendala sering force close dan bukan saya aja di bni mobile seperti itu, makanya saya donlod wondr, dan alhamdulillah kendala trf aman ga force close, saldo saya juga terbaca disitu dan ada catatan mutasi saya di apk wondr ini..",2024-11-12 18:17:33
383bcb75-47cd-4539-92dd-6365716e7c4c,Bagus mudah saat digunakan 👌👍,2025-01-11 09:09:32
d4d0c64b-2327-4d51-a4fd-e926f4cff96b,simple dan lancar.,2025-10-12 09:31:11
e07277ef-ef5d-4d50-b786-c9c4e6811ef7,"mantap, transaksi nya cepat",2025-08-12 16:57:38
84438705-1587-4faa-8279-25ad045dd103,mantap,2025-12-08 15:40:40
543dcd76-1acc-4cd9-ad97-47c59a92e590,bagus mudah tf,2025-05-06 22:23:19
75e6dcab-c977-4c25-acfc-35542d300a30,bagus dan sangat membantu,2025-12-07 21:42:02
424bc918-c022-4c88-91d3-a1d1ca1a2bcd,sangat puas,2025-04-10 16:51:44
bf5bc1ed-7e96-44b3-b240-33e5eae93516,Terbaik,2025-11-10 12:22:41
f33f2ab5-4536-4074-abb9-a10a9bcadd8a,nice,2025-03-28 12:41:41
bdff0833-8a1f-488a-818d-1db3924ecd78,memuaskan,2025-08-31 12:26:13
6e3a748d-179b-47d4-bc14-c34750dea90f,"First impression yang buruk, baru masuk OTP sudah ga bisa. Di stabilkan dlu aplikasinya dan pendukung2nya",2025-01-24 11:04:55
3b5a9800-4136-4321-98ed-a0bb0590ee57,memudahkan transaksi,2025-11-02 09:22:31
bee3fab9-d8e8-4328-99ba-b2d92df827f7,kenapa wondr BNI saya ga bisa di buka ya?? tolong di perbaiki ya,2025-06-23 18:21:45
946d1a16-c5ec-4a16-b1de-23deafe2ca27,"bagus tampilan nya, cara pakai juga mudah selain itu juga bisa bikin banyak rekening untuk memudahkan transaksi.",2025-07-10 08:40:17
8378cce1-bedd-4d72-b697-b390ae40ffdf,Cepat,2025-02-26 10:42:40
b87ed9c9-c53e-4e20-9d3f-ee8287eeb95f,Canggih,2025-02-03 09:47:44
53c02c43-d059-49aa-9831-00f0787f60dc,terbaik,2025-11-11 19:23:19
b823eb33-cc8b-4791-9872-a0551e863c3e,baik,2025-04-17 02:33:46
