reviewId,content,content_clean,at,label,label_id
2972171c-820e-4e6b-b648-881699c81d71,mantap,mantap,3/11/2025 12:18,3,1
3b4d6532-055c-4146-9159-97b7b07fa440,"Pembayaran menggunakan fitur scan qris lebih cepat, hanya tinggal mengaktifkan layanan qris di halaman login tinggal scan qr, konfirmasi, masukin otp selesai deh. Nungguin proses bayar nya juga nggak lama. Pokoknya keren deh ini aplikasi",pembayaran menggunakan fitur scan qris lebih cepat hanya tinggal mengaktifkan layanan qris di halaman login tinggal scan qr konfirmasi masukin otp selesai deh nungguin proses bayar nya juga nggak lama pokoknya keren deh ini aplikasi,9/3/2024 9:06,1,0
af63fd24-ab00-442f-a563-c8bb9e69a230,terbaik... sangat mudah dan sangat membantu....,terbaik sangat mudah dan sangat membantu,12/4/2025 12:35,3,1
b524a714-47ff-4719-ae0d-db1db6feba99,"kok gak bisa dibuka aplikasinya tulisannya kok ada kendala sistem kami gimana, udh dibuka sekali lagi masih kendala sistem terus",kok gak bisa dibuka aplikasinya tulisannya kok ada kendala sistem kami gimana udh dibuka sekali lagi masih kendala sistem terus,9/4/2025 18:39,1,0
c0b82442-9fca-4372-9693-ac032d0fcfda,Mantap aplikasinya. Selalu upate,mantap aplikasinya selalu upate,9/5/2024 19:30,3,1
5a093dac-8850-47ba-9ca5-f7a1b809c1a0,baguss,baguss,2/28/2025 7:25,3,1
e79a6f55-53d8-4265-9e91-cd70b0a9158b,Anti ribet,anti ribet,3/15/2026 11:00,3,1
362643d6-3bf5-4556-880d-4c6b01d5fea9,Aplikasi nya sangat membantu,aplikasi nya sangat membantu,10/15/2024 19:29,3,1
3b907aa5-7a96-47d7-9455-4125c663f87e,"mudah, cepat, UI menarik",mudah cepat ui menarik,2/25/2025 6:45,3,1
caa2413f-377c-4870-aa22-e34542969472,sangat membantu,sangat membantu,4/20/2025 6:46,3,1
fa81f5d5-21aa-496f-9b09-6680e4fdc846,"lebih mudah dan detail fasilitas yang diberikan.. segera perbarui aplikasi anda,dan dapatkan itu semuanya.",lebih mudah dan detail fasilitas yang diberikan segera perbarui aplikasi anda dan dapatkan itu semuanya,3/20/2025 6:05,3,1
1b4065ec-b14c-4155-bb1e-7da36a60b108,jadi lebih mudah,jadi lebih mudah,6/21/2025 20:34,3,1
78ee9ee1-92d4-4202-84b4-2cbabbe2de2a,mantap,mantap,9/18/2025 16:06,3,1
c4aea7f7-8bc2-42b8-9556-90e7697a5b51,sangat bagus,sangat bagus,12/23/2025 15:10,3,1
0f3b3016-fa42-4e64-aabb-3bf6e3401ff3,Mantap,mantap,1/21/2026 17:14,3,1
2a13d7f0-e704-4c4d-9749-5265155e7b42,good,good,11/6/2025 7:49,3,1
d4b17602-7748-402e-8a74-0c945c346e1a,puas,puas,7/16/2026 20:02,3,1
a9a3f847-2a05-40aa-8bd5-0f3ef2a92b69,"mau verifikasi aja susah banget sampe ulang berkali kali, ribet bangt verivikasi di ribetin. jadi kayak orang oon",mau verifikasi aja susah banget sampe ulang berkali kali ribet bangt verivikasi di ribetin jadi kayak orang oon,2/1/2026 12:09,1,0
a94dd60e-adb6-44d7-a609-7dbf401b5660,sangat membantu,sangat membantu,3/16/2026 21:37,3,1
fbafae79-729a-4cf1-acbb-8255b2749a5c,lebih cepat & praktis 👍,lebih cepat praktis,2/9/2026 7:49,3,1
f90ab039-cc07-4dc6-b0c6-d352387d524e,"sangat tidak enak sebelum ada ini ewallet sehari bs 5jt skrng cm 1jt anjai,ini saldo skrng tidak bs transfer pdhl saya siska 55rb,yg aneh nya bsk pagi saya sisakan 5rb bisa ini",sangat tidak enak sebelum ada ini ewallet sehari bs jt skrng cm jt anjai ini saldo skrng tidak bs transfer pdhl saya siska rb yg aneh nya bsk pagi saya sisakan rb bisa ini,3/24/2025 0:25,1,0
6da0c547-cb9b-47b2-a047-89b6a772b0f0,terbaik,terbaik,6/7/2025 9:41,3,1
61984d53-3110-42d5-ad18-14357e57beaf,goddd,goddd,7/8/2025 18:07,3,1
17a2602e-26e7-404d-abe6-a8f001006261,"Bintang 3 dulu, karena selama ini jika ingin melihat history saldo akhir di setiap transaksi harus melihat di BNI Mobile Banking. Tolong ditambahkan fitur mutasi rekening seperti yang di BNI Mobile Banking, dimana kita bisa melihat history saldo akhir di setiap transaksi sebelumnya sehingga bisa mengecek detail nya. yang di wondr sekarang hanya ditampilkan history transaksinya saja tanpa ditampilkan history saldo akhir nya.",bintang dulu karena selama ini jika ingin melihat history saldo akhir di setiap transaksi harus melihat di bni mobile banking tolong ditambahkan fitur mutasi rekening seperti yang di bni mobile banking dimana kita bisa melihat history saldo akhir di setiap transaksi sebelumnya sehingga bisa mengecek detail nya yang di wondr sekarang hanya ditampilkan history transaksinya saja tanpa ditampilkan history saldo akhir nya,11/26/2025 14:27,1,0
b7273ab4-b349-4efd-8fb5-bdbd9e6459ab,"Awalnya gak bisa dibuka, sy coba update Eh sekarang malah total app nya gak bisa terbuka sama sekali",awalnya gak bisa dibuka sy coba update eh sekarang malah total app nya gak bisa terbuka sama sekali,11/25/2024 18:09,1,0
eaea7e77-4b8d-4ad1-bfa3-683f62e39b55,kerja Bagus,kerja bagus,3/2/2026 0:15,3,1
6074d20b-71ec-4620-a7c1-30d671a4cdab,"Good, good Apllication...👍",good good apllication,5/25/2025 9:22,3,1
64b11882-3885-48d9-b814-fdb84f85bea2,Aplikasi nya bagus banget ✨,aplikasi nya bagus banget,1/9/2026 19:12,3,1
ac183a39-24be-42b8-8c62-9b6f9af0ccf1,fungsional,fungsional,3/20/2025 14:16,3,1
c48f0b1c-722f-40b9-854e-8510d79f1e72,mantappp,mantappp,8/5/2025 12:18,3,1
cd81396b-9954-4fa9-96ff-959a7bb44769,Kenapa kok GK bisa verifikasi otp ke email kok beda waktu kita WIT pas di kirim batas waktu WIB,kenapa kok gk bisa verifikasi otp ke email kok beda waktu kita wit pas di kirim batas waktu wib,10/1/2024 20:00,1,0
2ac674fe-d279-4f15-bb0c-60fc674a7c10,mantap,mantap,5/29/2026 0:20,3,1
6ae3718a-e799-4047-85c1-a247a299cae9,gabisa buka aplikasinya woiii,gabisa buka aplikasinya woiii,6/28/2026 11:22,1,0
e4cd8ccb-56fe-4fbf-9692-86d1641ba4f1,"mengapa saya tidak bisa login , malah disuruh kunjungi kantor BNI terdekat",mengapa saya tidak bisa login malah disuruh kunjungi kantor bni terdekat,7/28/2025 11:52,1,0
9c839636-cd73-4c5f-a891-aa339cb463ae,Good,good,9/9/2024 10:03,3,1
a8c81cbb-4798-43f4-85be-d42bb5567c03,lancar jaya,lancar jaya,3/30/2026 14:57,3,1
650d6ca1-1b2c-45c0-8c2a-35aa3637cf33,wondr BNI slalu terdepan,wondr bni slalu terdepan,8/14/2024 14:30,3,1
f2aa67da-6fbb-4758-8254-5f1b513a6685,"gimana mau pake aplikasi, otp email dimasukin udah bener malah bilang salah, gua lit betuk banget tl disalahin, ah susah. mohon dibantu ini kenPa",gimana mau pake aplikasi otp email dimasukin udah bener malah bilang salah gua lit betuk banget tl disalahin ah susah mohon dibantu ini kenpa,9/22/2024 6:44,1,0
9bbfe891-94c8-4bae-a70d-cdc3c9b64a30,"dah lumayan lancar login, cm mutasinya ga update, harus nunggu lama baru masuk data mutasi keluar masuknya. ntah di mana masalahnya",dah lumayan lancar login cm mutasinya ga update harus nunggu lama baru masuk data mutasi keluar masuknya ntah di mana masalahnya,7/1/2026 12:15,1,0
27c66d5f-4668-4977-850f-543ab0bc5c0f,mantap,mantap,2/4/2025 11:41,3,1
894f8b8b-57ad-4032-b964-9ee01f01a270,tidak bisa liat mutasi Agustus 2025,tidak bisa liat mutasi agustus,9/30/2025 20:09,1,0
a50154db-2d17-4dea-b927-90f4b5e4c154,aplikasi lelet mau login susah kali,aplikasi lelet mau login susah kali,5/30/2025 21:06,1,0
588e8d6c-c2c8-4f9f-aef3-153dfc967682,bagus,bagus,5/3/2025 22:51,3,1
07cbd37a-eb92-4594-8e89-b0e6426725f8,ok benar-benar ok,ok benar benar ok,12/27/2025 17:15,3,1
08724d08-abad-49c1-9d40-9e863f2ec150,cepat dan mudah setiap transksi,cepat dan mudah setiap transksi,6/13/2026 10:18,3,1
5a27122b-55d4-4493-b117-34a8fe9d1143,"Bintang 5 , sejauh ini masih oke",bintang sejauh ini masih oke,7/5/2024 13:42,3,1
d712a74e-3801-4751-8f82-e44c7e2a3528,mantap,mantap,3/7/2025 10:52,3,1
649c98eb-7bf5-4a81-b03c-6b8f3f022d56,"WONDR=HERAN heran,,karna seCANGGIH ini aplikasi",wondr heran heran karna secanggih ini aplikasi,11/20/2025 14:14,1,0
7509559f-a27d-40ed-ad18-fa7fec73eaa0,aku mendownloadnya karena iklan anime,aku mendownloadnya karena iklan anime,2/22/2025 15:29,3,1
1126d491-c818-436b-a002-1795d74618b6,bagus sangat membantu,bagus sangat membantu,3/2/2025 11:59,3,1
9c807938-88c5-457c-812d-21892e1c01be,"Saya tidak puas dengan menu atau pelayanan nya ..tidak lengkap seperti di BNI banking yang lama..di sini banyak menu yang tidak tersedia..salah satu nya,gopay driver tidak ada,kami butuh gopay driver,gopay custumer,ovo dan lain lain..nyesal sekali saya hapus banking yang lama..wonder ini tak pantas..tak cocok..sangat menyesal pakai windr..",saya tidak puas dengan menu atau pelayanan nya tidak lengkap seperti di bni banking yang lama di sini banyak menu yang tidak tersedia salah satu nya gopay driver tidak ada kami butuh gopay driver gopay custumer ovo dan lain lain nyesal sekali saya hapus banking yang lama wonder ini tak pantas tak cocok sangat menyesal pakai windr,8/21/2024 20:25,1,0
bf31ceed-88ff-441c-9b88-cc51046d166e,gampang,gampang,6/4/2026 0:27,3,1
03ffa0bf-fae3-403b-b3ce-53d8b39a4d1b,"pertama kali pake Worder lebih nyaman,, awal pake BNI mobile.... tpi wonder lebih kerennnn",pertama kali pake worder lebih nyaman awal pake bni mobile tpi wonder lebih kerennnn,2/3/2026 22:51,3,1
90d69604-6a36-4c90-98dd-099ac3aead87,Apps nya lebih modern dan makin mudah,apps nya lebih modern dan makin mudah,7/17/2024 17:33,3,1
35b405bb-c982-4ef8-ba06-264fefc70814,puas,puas,3/29/2026 17:09,3,1
334606ca-8e10-49f9-b1b4-f264705eacef,aplikasi tdk bisa di buka padahal jaringan kencang tolong min perbaiki aplikasinya,aplikasi tdk bisa di buka padahal jaringan kencang tolong min perbaiki aplikasinya,12/1/2025 17:21,1,0
da213dd1-2505-4b41-b9b3-36d6ecb89508,"hallo kak,ini lanjutan dari permasalahan saya kemarin,yg akun saya gabisa di bukak itu kak,dan saya sudah chat wa nya kakak,ga ada balasan kakak gmna ini solusi nya secepat nya ya",hallo kak ini lanjutan dari permasalahan saya kemarin yg akun saya gabisa di bukak itu kak dan saya sudah chat wa nya kakak ga ada balasan kakak gmna ini solusi nya secepat nya ya,3/29/2025 3:40,1,0
70dec8a1-6375-4a12-a24d-eeed94e77fb6,Ok,ok,11/25/2024 22:18,3,1
662f672a-c9c5-4ea8-b9d7-1728af723dba,mantap,mantap,3/13/2026 10:14,3,1
e7df2ae0-ed09-43d1-a17c-bc1aac0e8195,bagus,bagus,2/2/2026 10:55,3,1
9b44a5d0-e7ba-4d7e-b4f9-b1b3dc7e3650,Aman dan cepat,aman dan cepat,2/13/2025 12:15,3,1
3aae3f20-c47c-4d40-874b-256be272bb33,Verifikasi wajah gagal terus padahal sudah mengikuti...,verifikasi wajah gagal terus padahal sudah mengikuti,10/20/2024 20:02,1,0
9c0cfad0-163b-46a6-ad43-e3d4b5d5d982,cepat dan aman,cepat dan aman,3/21/2025 13:08,3,1
28615835-92f4-4955-a6c2-eca8e9c2e035,GAK ADA MENU LOGIN... APLIKASI BELUM JADI KOK DIUPLOAD,gak ada menu login aplikasi belum jadi kok diupload,6/26/2025 15:16,1,0
cf181736-fcae-4384-96d0-2627624b8bb0,aman,aman,9/30/2025 22:24,3,1
e6344b4d-5d4f-47a9-afee-6e78f6823bdf,"apakah bni tidak bisa setor tunai tanpa kartu? karena di apk wondr belum ada sedangkan saya sudah tidak punya mbanking bni yg lama dan di playstore maupun AppStore sudah tidak ada, tolong sekarang buat fitur setor tunai tanpa kartu di wondr 🙏🏼",apakah bni tidak bisa setor tunai tanpa kartu karena di apk wondr belum ada sedangkan saya sudah tidak punya mbanking bni yg lama dan di playstore maupun appstore sudah tidak ada tolong sekarang buat fitur setor tunai tanpa kartu di wondr,3/2/2026 9:51,1,0
fca07ddf-3eb0-4272-bfbd-b363f38d2584,bagus sekali,bagus sekali,3/5/2026 18:00,3,1
d2ba092d-c9e7-4819-8ef5-398ba7414ac8,ga bisa untuk setor tunai...,ga bisa untuk setor tunai,10/18/2025 0:10,1,0
54a99e43-0163-4a48-a9fc-a2175b375c69,i like,i like,3/10/2025 14:20,3,1
d511d53c-7182-494d-ae03-fa3ab3281042,ini GI mana si gue isi saldo 160 kaga masuk ke akun nya kalau tau kaya gini kaga bakl gue donlod BNI kaga jelas banget si duit gue ilang,ini gi mana si gue isi saldo kaga masuk ke akun nya kalau tau kaya gini kaga bakl gue donlod bni kaga jelas banget si duit gue ilang,4/29/2026 2:39,1,0
56405f1b-f9f7-4136-bb81-8d5395800e66,Good Job,good job,9/8/2025 20:23,3,1
388ef424-f839-4cd0-b5fc-eb4faf363a4d,bagus,bagus,3/15/2026 11:13,3,1
5a4aeaa2-016f-46b7-a232-e0b267c46b90,Ok Baik,ok baik,11/19/2025 15:56,3,1
a3cba9c0-41bd-4d97-b3a4-949b86558514,sangat membantu utk memberikan kemudahan dlm setiap transaksi,sangat membantu utk memberikan kemudahan dlm setiap transaksi,6/29/2025 20:42,3,1
5cddc48b-cca5-4727-b312-14472e15a149,mantap,mantap,3/5/2025 19:18,3,1
bb27d00b-f06f-4a6a-96d7-a382346ec2ef,Amanah,amanah,1/15/2025 13:08,3,1
8afabe38-78b2-4f28-8b0a-22e95038c848,sangat mudah digunakan..dan sangat suka sistem pengamanan nya. trm ksih BNI,sangat mudah digunakan dan sangat suka sistem pengamanan nya trm ksih bni,4/26/2025 7:20,3,1
f39d4284-9cac-4b2d-a3d8-ae47c0af3985,Kebanyakan password,kebanyakan password,12/13/2024 13:47,1,0
f91556d1-1c13-4ad1-8a78-27c9d53ec190,Keren,keren,6/24/2025 12:20,3,1
cb272d5c-4416-4b25-9851-200d0584a9eb,Baik,baik,7/21/2025 20:36,3,1
c07d4aeb-4a6b-4948-8a42-33935f916c30,"aplikasi sukak ga bisa di buak, stuck di logo wondr terus padahal jaringan full,paket baru di isi aku tinggal di tengah kota juga",aplikasi sukak ga bisa di buak stuck di logo wondr terus padahal jaringan full paket baru di isi aku tinggal di tengah kota juga,7/28/2025 21:33,1,0
efbf6546-e8aa-45a9-8236-7324730b3b1c,bagus,bagus,5/21/2026 12:13,3,1
10e50a39-9a6f-4c60-8eb6-cf1c3e00173a,JELEKKKK BGTTTTT ERORR TERUSSS BANYAK MASALAHHHH,jelekkkk bgttttt erorr terusss banyak masalahhhh,11/25/2024 22:45,1,0
02481080-3807-4e01-b41d-e4a8c25e0611,Bagus,bagus,1/27/2025 20:54,3,1
6e3212df-707d-4bfb-b99a-7c75fdcba592,bagus,bagus,8/1/2025 17:51,3,1
3817da7d-bef8-4d8b-a278-40c677fa5eee,sangat memudahkan untuk transaksi,sangat memudahkan untuk transaksi,7/10/2026 6:50,3,1
a478dfee-1120-456e-a94b-eb7187e7dc75,"Okay done, mungkin perlu diperhatikan untuk apps nya, tingkatkan lagi inovasinya yg user interface, trims",okay done mungkin perlu diperhatikan untuk apps nya tingkatkan lagi inovasinya yg user interface trims,8/2/2024 14:06,3,1
8dbdbfd9-f305-46bd-9b17-f0fb3083ab3a,keren wonder BNI mantap n akurat,keren wonder bni mantap n akurat,3/6/2025 16:22,3,1
c81e3ddd-5877-4cfb-8c21-21709555a018,qris eror. Padahal ada kuota internet dan sudah update tapi ga bisa dipake aplikasinya.,qris eror padahal ada kuota internet dan sudah update tapi ga bisa dipake aplikasinya,6/8/2026 12:40,1,0
0a1f89f1-22d4-41d1-94d7-2e759b68e3ca,sangatlah membantu untuk segala transaksi,sangatlah membantu untuk segala transaksi,2/25/2025 21:45,3,1
6be97e8d-4afc-4251-929f-4014fd043d4b,good,good,7/6/2026 6:39,3,1
c57de7e8-de74-4ac5-bf78-9ac48ba93613,mantab,mantab,7/17/2025 22:02,3,1
a436bf47-a3fb-4658-bb66-46dde144a524,mudah dan cepat,mudah dan cepat,4/7/2025 3:20,3,1
a15d1563-bb26-4f06-855e-76ffda1dcf5f,"BNI Ribet ,ada wonder ,BNI mobile banking. Biar ngapain itu??",bni ribet ada wonder bni mobile banking biar ngapain itu,10/31/2024 12:37,1,0
cb4ed562-7c12-455a-9934-de8eaa971863,mantap,mantap,3/31/2026 19:43,3,1
992d4c9b-b688-4b50-9d38-f0662f9bf5ab,"Sebenarnya aplikasi ini tidak cocok untuk hp yang ram dibawah 3,minimal 3,dan kamera yang kureng,beberapa kali coba scan wajah gagal terus",sebenarnya aplikasi ini tidak cocok untuk hp yang ram dibawah minimal dan kamera yang kureng beberapa kali coba scan wajah gagal terus,10/23/2024 13:21,1,0
33a6a69e-bf4c-4e38-a2c4-15ef31ae99fb,lebih lengkap dari pada apk sebelumnya,lebih lengkap dari pada apk sebelumnya,2/28/2025 0:18,3,1
df872fca-3a5e-4e02-88d7-1da20e004bf9,baik,baik,8/8/2025 20:52,3,1
6fc1002e-9ecf-4a73-b681-8b31afe0384e,wonder by BNI saya ke blokir tolong bantuan nya supaya kebuka lagi,wonder by bni saya ke blokir tolong bantuan nya supaya kebuka lagi,9/5/2025 11:34,1,0
b30ff263-ba40-418b-b018-7d4e6b8eadbf,parah sudah di update malah ga bisa di buka setiap mau transaksi di atas jam 12 malam selalu gagal,parah sudah di update malah ga bisa di buka setiap mau transaksi di atas jam malam selalu gagal,3/21/2026 1:23,1,0
1cec0c81-f84f-4761-a0bc-27ced8cf64cc,sangat bagus,sangat bagus,10/6/2025 20:16,3,1
10bca0a2-27c0-4073-9842-8cfff4b047ec,sangat baik sekali,sangat baik sekali,7/15/2026 17:59,3,1
7e6a1535-25c4-4194-a3b9-5919b466fcc5,fiturnya lengkaaaap,fiturnya lengkaaaap,2/15/2026 16:26,3,1
ce1e56ab-5c5d-41e2-beb9-562107a24f92,bagus,bagus,5/13/2025 18:55,3,1
5f128a71-f637-4f5a-b196-93d9e8d04e5f,good,good,6/30/2025 19:51,3,1
b6c151dd-7d21-4193-88f5-7da87b1a4c1e,sangat bagus,sangat bagus,2/23/2026 21:28,3,1
7cd2d333-8da2-4264-8373-3970c095f9fe,"ini wonder ada perbaikan kah?? loading awal mau masuk lamaaaaaaa banget ,,, kadang nutup sendiri aplikasi nya , padahal udah update juga,, pas mau pake qris , buka aplikasi nya loading lama maluu di tungguin antrian belakang pas pembayaran di restoran atau di mall , tolong dong perbaiki lagi",ini wonder ada perbaikan kah loading awal mau masuk lamaaaaaaa banget kadang nutup sendiri aplikasi nya padahal udah update juga pas mau pake qris buka aplikasi nya loading lama maluu di tungguin antrian belakang pas pembayaran di restoran atau di mall tolong dong perbaiki lagi,7/21/2025 23:59,1,0
3d696ded-2822-4c4d-ac7c-04027ff6f356,Cepat dan mudah,cepat dan mudah,9/5/2024 20:16,3,1
665a5ec5-a87d-41c9-a182-6eb84356876d,"sangat membantu dalam segala transaksi, maksi wondr",sangat membantu dalam segala transaksi maksi wondr,11/5/2025 8:54,3,1
8ae36b85-f8bf-4f77-949b-6afaa83649d0,"mantap kiw""",mantap kiw,1/30/2026 10:15,3,1
f7e85635-0bdc-43af-9015-c560aef9b30c,lebih mudah dan simple,lebih mudah dan simple,8/2/2025 7:19,3,1
00bce347-8e88-4426-a979-8ac0a5c28045,Kenapa wondr by BNI saya tidak bisa di buka,kenapa wondr by bni saya tidak bisa di buka,8/2/2024 5:23,1,0
6178299a-082c-4883-a3ce-debc25823634,sangat membantu sekali,sangat membantu sekali,3/20/2025 14:33,3,1
b2ada452-1f34-4da8-9cae-1738a552ab8b,bagus,bagus,6/29/2025 15:19,3,1
78636c9d-4268-437c-8f60-2473977f1af8,bagus,bagus,5/23/2025 14:31,3,1
5aefb97f-48ab-4b18-9eca-47f6fd2ada97,Aplikasi yang bagus,aplikasi yang bagus,7/15/2025 9:21,3,1
aec66cb4-20e8-4f5c-aa6f-2bfa0fe02e9d,Aplikasi ini sangat membantu,aplikasi ini sangat membantu,1/20/2025 9:02,3,1
85d853a9-1068-48c2-aed1-2978b8d8b3d8,sangat bagus dan nyaman dipakai,sangat bagus dan nyaman dipakai,7/21/2026 11:58,3,1
8a40e95f-8e3b-4d81-9f70-9d2bd2469f9b,Keren,keren,9/3/2024 23:14,3,1
378a88ab-8381-4c91-8c2f-7daa64d15487,"maintenance kok lama gini, kagak pernah kapok bikin nasabah kecewa ini BNI",maintenance kok lama gini kagak pernah kapok bikin nasabah kecewa ini bni,12/1/2025 16:27,1,0
83f6e86d-dc78-4f7d-8dbf-37dcad3c0f48,Sering eror,sering eror,10/23/2024 5:58,1,0
bb5db743-67af-4a1e-97a1-437ee95e274a,bagus,bagus,10/26/2025 11:16,3,1
4314bdb9-2a07-4bca-9f1d-45e1b5eafb9e,mantap,mantap,12/22/2025 16:50,3,1
cc78d678-1822-4c42-8962-8de8547af5e0,transaksi lancar,transaksi lancar,11/8/2025 22:03,3,1
95f4c8ad-6294-4d24-bdff-a7b40d9324a6,memuaskan,memuaskan,3/22/2026 10:32,3,1
57e8e7d5-6e4a-4ec3-9e8a-114fe6006f05,Mantap,mantap,7/15/2024 15:36,3,1
ee79872c-7e3f-4572-b01d-284e237a2ce6,"Bagus, tidak ada perbedaan signifikan secara fungsi dengan BNI Mobile, hanya beda tampilan saja.",bagus tidak ada perbedaan signifikan secara fungsi dengan bni mobile hanya beda tampilan saja,7/7/2024 16:45,3,1
0777cdca-1d3d-4cb9-9eb0-a617385f1df1,top,top,2/28/2025 23:45,3,1
ffe9b2d5-22be-4578-8fdd-11bc00c5ee3e,mudah cepat aman #loplop,mudah cepat aman loplop,12/3/2025 9:57,3,1
75dc535b-f222-4eac-9d34-da384eda4c9c,"bintang 1 dulu,,, makin kesini makin error gajelas transaksi susah",bintang dulu makin kesini makin error gajelas transaksi susah,12/1/2025 14:32,1,0
b6586a4a-67dc-4869-8693-66e6c0a5e2e5,bagus simple cepat,bagus simple cepat,6/5/2026 20:09,3,1
36d4e1bd-8d14-42d5-8fd3-fda070252d94,kenapa wondr saya tidak bisa dibuka,kenapa wondr saya tidak bisa dibuka,8/28/2025 16:55,1,0
80ac602b-81a6-4c5b-9bfd-40a8fc273259,ini wonder kenapa ya suka eror dan ga bisa d pake transfer kalau tengah malam,ini wonder kenapa ya suka eror dan ga bisa d pake transfer kalau tengah malam,4/3/2026 1:11,1,0
a76230d2-a5f7-461d-b47c-92f7644641d2,"sangat membantu untuk transaksi disaat dibutuhkan,cepat dan aman apalagi cuaca skr mendung terus malas buat keluar terima kasih SDH hadir wondr by BNI,...",sangat membantu untuk transaksi disaat dibutuhkan cepat dan aman apalagi cuaca skr mendung terus malas buat keluar terima kasih sdh hadir wondr by bni,11/1/2025 12:06,3,1
790ae640-0a83-48e5-9b50-dc04b53529e0,mantap cepat dan tepat,mantap cepat dan tepat,3/4/2025 19:27,3,1
8eb08b26-8380-42fd-a7ed-73cf14910d6f,sangat puas,sangat puas,6/19/2026 21:40,3,1
ad29f13e-825e-473d-94d7-de3ff77b18f8,aku knapa tidak bisa pindah ke windr by BNI tulisan ya kmu belom bisa registrasi wondr by BNI pastikan semua data yg kmu masukan sudah paling update ya begitu balasan ya,aku knapa tidak bisa pindah ke windr by bni tulisan ya kmu belom bisa registrasi wondr by bni pastikan semua data yg kmu masukan sudah paling update ya begitu balasan ya,6/26/2025 6:41,1,0
ba25d33a-48d2-4018-86b3-dd2149aadaad,aplikasi bagus dan bermanfaat,aplikasi bagus dan bermanfaat,6/12/2025 20:56,3,1
f69371f7-ed53-4679-8633-31a28ee646ff,"Tampilan lebih simple, tapi masih banyak kekurangan dibandingkan BNI mobile. 1. Tidak bisa transaksi mobile tunai di wondr 2. History transaksi hanya memuat, debit dan kredit. Tidak ada jumlah saldo setelah transaksi, kalau d BNI mobile namanya *saldo akhir* 3. Tidak ada BNI point di wondr",tampilan lebih simple tapi masih banyak kekurangan dibandingkan bni mobile tidak bisa transaksi mobile tunai di wondr history transaksi hanya memuat debit dan kredit tidak ada jumlah saldo setelah transaksi kalau d bni mobile namanya saldo akhir tidak ada bni point di wondr,10/26/2024 18:01,1,0
d113314d-6e11-4a4d-b0f9-4e5bba62dbd1,keren,keren,4/28/2025 9:14,3,1
ea176223-4b9c-43b6-a7ac-f396bc3bd59a,aplikasi yang sangat bagus karena banyak promo dan diskonan nya. terimakasih Wondr by BNI.,aplikasi yang sangat bagus karena banyak promo dan diskonan nya terimakasih wondr by bni,12/30/2025 9:08,3,1
8cb1da48-eaa9-45a5-8fab-fb4b0ea2da75,nice app membantu sekalii🔥,nice app membantu sekalii,3/28/2025 20:01,3,1
1bfdbd29-b47d-4c37-9cbc-cdb313e195ae,sering eror,sering eror,12/1/2025 17:16,1,0
f808c33c-e8b8-48e5-85af-411044697398,harus banyak istigfar pake app ini susah bener mau verifikasi beungeut ajah,harus banyak istigfar pake app ini susah bener mau verifikasi beungeut ajah,4/16/2025 17:30,1,0
c993b2b8-9c52-44d7-9880-2325a491eaab,sangat baik,sangat baik,12/8/2025 13:39,3,1
08ee0d25-209e-4e61-935e-8dcb41775e27,sering eror,sering eror,12/1/2025 19:55,1,0
15e5d822-22a4-4c8a-9eba-098c921c57e1,baik,baik,5/26/2025 1:31,3,1
a0ef0412-5005-44b4-ac83-7a527192c6f1,Terbaikkk,terbaikkk,2/24/2025 12:32,3,1
5dda85bd-3055-4797-8597-9b0c518a7878,praktis,praktis,7/25/2025 16:49,3,1
bad36f94-25da-4c4a-917f-db9f93c3117f,Mantappppsss bangettsss,mantappppsss bangettsss,8/1/2024 22:45,3,1
3ccb2456-da90-4ab4-be98-91e7e5361368,"kenapa ya tiba² aplikasinya kendala?? Infonya, tim kami lagi perbaiki, yuk coba kembali.. udah aku unistall terus instal lagi tetep aja.. padahal kepunyaan temenku aman² aja.. udah 2 hari woiiii kek gini. gimana mau melakukan transaksii klo kek gini.. woooii ADMINNN",kenapa ya tiba aplikasinya kendala infonya tim kami lagi perbaiki yuk coba kembali udah aku unistall terus instal lagi tetep aja padahal kepunyaan temenku aman aja udah hari woiiii kek gini gimana mau melakukan transaksii klo kek gini woooii adminnn,5/25/2025 0:59,1,0
02d4a975-530d-4be9-808a-30e65f1f7a39,Bermanfaat,bermanfaat,6/15/2026 20:03,3,1
e19c6c8f-3586-409f-9ea2-f1716939ee00,mantap,mantap,2/25/2025 6:28,3,1
fb3d01fc-1c0a-4ff7-943f-07efa18a44eb,Cepat praktis dan mudah,cepat praktis dan mudah,9/2/2024 19:07,3,1
b8a91c5f-7c6a-498f-8661-ee86dd22b8b2,baik,baik,1/5/2026 9:33,3,1
98ce4553-aa00-4ee8-ae1c-e8e2160f207f,mudah bangettt,mudah bangettt,4/9/2025 16:13,3,1
8abb36bd-bdf4-489f-bd48-696726fa2141,cepat,cepat,1/1/2026 8:43,3,1
793f22f4-42fc-445e-8ca3-d86a13e3e509,Menyenangkan,menyenangkan,7/4/2025 7:38,3,1
de91daaf-da60-465b-ba32-0171e13a51e8,mantap,mantap,11/23/2025 7:00,3,1
bda268b6-1653-48ee-a92f-360500c65540,sangat baik tapi tiap login gak bisa jalur cepat,sangat baik tapi tiap login gak bisa jalur cepat,6/27/2025 23:07,1,0
503b9952-077d-47f9-82ca-f65d8bc38c37,mantap fast respon 👍,mantap fast respon,3/4/2025 18:59,3,1
16e07507-a426-442b-a824-6ece4eafbab9,sangat 👍,sangat,3/2/2025 17:12,3,1
9fb91aef-a7b0-48ef-9179-2ad579a3d14a,semoga tetep keamanan terjamin,semoga tetep keamanan terjamin,6/9/2025 18:30,3,1
d67d1851-2121-4393-a556-9f81dbeb0bdb,Gangguan mulu hari2 t*****iiiii,gangguan mulu hari t iiiii,11/25/2024 18:16,1,0
75cb8850-85c0-4f8d-b747-46bbeafb0896,"coba kak kasih jawaban,, kenapa semua transaksi saya selalu gagal padahal saldonya ada,, topup gagal, QRIS gagal dan transfer juga gagal,,pas awal pakai gak begini kenapa sekarang begini",coba kak kasih jawaban kenapa semua transaksi saya selalu gagal padahal saldonya ada topup gagal qris gagal dan transfer juga gagal pas awal pakai gak begini kenapa sekarang begini,3/5/2026 10:30,1,0
c09dc928-ff56-4d1d-acdd-40722e687656,bagus,bagus,10/22/2025 9:22,3,1
de3109be-a2a8-42b8-b081-5dcfde288ade,Terbaik,terbaik,10/3/2024 11:25,3,1
aff51f1c-178a-4c3d-b209-2e44bc20f9d2,Transaksi jdi mudah,transaksi jdi mudah,2/7/2025 14:08,3,1
238a104f-d09a-4f00-9b8b-3ab735ee5cda,Transaksi jadi lebih cepat dan simpel,transaksi jadi lebih cepat dan simpel,9/3/2024 23:44,3,1
f4dca6f7-f8bd-4f09-82b2-5f2d1475b0e1,bagus,bagus,3/15/2025 11:30,3,1
18405d0b-0b51-4cbb-9104-d5fef2579b8d,"Mintak tolong perbaikan nya, sering eror, jaringan full/bagus utk buka apk lain aman lancar jaya, utk apk ini ngak bisa ,padahal jga sdh pake wifi sama saja , lebih sering eror saat lagi butuh"" nya,/ lagi mendesak , Mintak tolong di perbaiki, masak kalah sma apk yg lama",mintak tolong perbaikan nya sering eror jaringan full bagus utk buka apk lain aman lancar jaya utk apk ini ngak bisa padahal jga sdh pake wifi sama saja lebih sering eror saat lagi butuh nya lagi mendesak mintak tolong di perbaiki masak kalah sma apk yg lama,12/5/2025 19:32,1,0
14d91fcc-1f8f-421e-9a9b-2b7555dadbdf,sangat puas,sangat puas,6/13/2025 7:37,3,1
8b264543-52b4-45b4-b731-1cce1f98453f,mantap,mantap,6/26/2025 23:11,3,1
bd097d03-ef1c-421d-bbb2-f167a2a495e7,aman dan terpercaya,aman dan terpercaya,12/14/2025 17:06,3,1
cad52872-0651-464a-9ea6-53620223efd8,Di cs bilangnya tanpa verifikasi pin atm,di cs bilangnya tanpa verifikasi pin atm,10/18/2024 16:18,1,0
093a05d4-8176-4d92-a2a1-9a9de1c83ad2,sangat membantu sekali dan mudah,sangat membantu sekali dan mudah,3/17/2025 16:58,3,1
d052620b-1c1f-4a6c-9a33-cb151ca52945,sangat bagus,sangat bagus,7/22/2025 23:30,3,1
fe6dbdac-7229-4293-a72f-399aa82273cd,cepat sekali saat dibutuhkan tidak pakai lama aplikasinya,cepat sekali saat dibutuhkan tidak pakai lama aplikasinya,6/17/2025 14:29,3,1
079ab4d6-e9f3-4615-ac37-0461796b3016,Ini gimana min kok mau login dalam perbaikan teruss,ini gimana min kok mau login dalam perbaikan teruss,11/25/2024 15:16,1,0
0007fa85-1ca3-45bd-8225-8ef65990c473,bagus sekali,bagus sekali,2/25/2025 11:29,3,1
e893d33e-4a57-4326-a384-4c99996e8e02,clear n clean,clear n clean,2/28/2025 14:27,3,1
d8fef2c1-d04b-4de2-967b-eabbee473299,mantab bangat,mantab bangat,9/12/2025 21:23,3,1
72397e4e-90bf-4a74-8c6b-6e0b598e5f03,sangat membantu banget dalam aktipitas..,sangat membantu banget dalam aktipitas,10/19/2025 17:28,3,1
55865469-db6f-4214-8d06-ff7847d76f75,semua bisa di wondr...,semua bisa di wondr,2/25/2025 8:50,3,1
a2ba9376-1a8f-480b-83d4-5c1677ab94b4,baik,baik,4/29/2025 19:24,3,1
5f2c811a-3280-4ced-8a21-fbd43c955e1d,"Wonder By BNI sangat membantu Saya untuk bertransaksi apa Pun, terimakasih Wonder BNI",wonder by bni sangat membantu saya untuk bertransaksi apa pun terimakasih wonder bni,3/27/2025 5:20,3,1
c677f315-219c-45ae-8f3d-786f3a4748f1,"sekarang² kurang nyaman sama apk nya tiba2 tidak bisa di buka,jaringan terputus trus pdahal internet nya bisa",sekarang kurang nyaman sama apk nya tiba tidak bisa di buka jaringan terputus trus pdahal internet nya bisa,4/12/2026 7:52,1,0
7aac3417-9b77-4c74-ad0e-04fb430840ad,mantap 👍,mantap,2/1/2026 7:59,3,1
d4754b80-fd53-46b9-80de-16a557382298,mantab,mantab,11/14/2025 15:47,3,1
568e0288-0891-4c9c-84c1-0bed37839089,sangat baik,sangat baik,11/10/2025 19:56,3,1
246e1dca-d1e0-430c-8119-64345f6bfd5b,"Mudah di gunakan, tidak ribet, aman & nyaman",mudah di gunakan tidak ribet aman nyaman,8/1/2024 8:31,3,1
66f9ed26-0ab6-47f7-950d-245ed1d78dff,3 kali TF gagal tpi saldo ke Debet,kali tf gagal tpi saldo ke debet,5/11/2026 23:43,1,0
5a034bdf-c792-4862-93ab-884462c6a1aa,"Mengapa saat memasukkan kode Verifikasi email dari wondr kode nya selalu salah, padahal sudah memasukkan kode yang benar dari email wondr plis respon",mengapa saat memasukkan kode verifikasi email dari wondr kode nya selalu salah padahal sudah memasukkan kode yang benar dari email wondr plis respon,10/2/2024 15:46,1,0
3a50f809-0462-417b-bc49-528875a65cde,"lebih mudah, aman, praktis",lebih mudah aman praktis,3/4/2025 8:56,3,1
b12a6959-722f-4cd4-89b9-b109ddca64d6,ok,ok,4/2/2026 0:28,3,1
41f31835-0af8-4b23-9d41-a219e90fa215,aplikasi apa ni gangguan terus. orng mau tranfer GK bisa dri siang sampe mlm,aplikasi apa ni gangguan terus orng mau tranfer gk bisa dri siang sampe mlm,11/25/2024 22:49,1,0
b5858322-5f5e-4156-94a8-e0b59882f91e,"aplikasi ribet verifikasi wajah aja susah banget,",aplikasi ribet verifikasi wajah aja susah banget,12/24/2025 16:48,1,0
027cb951-1fba-4e45-90a7-566cbb838206,"kenapa ini aplikasi wonder dari tadi malam, tidak bisa terbuka-buka. katanya jeringan tidak stabil, tapi kalau saya buka aplikasi bank lain bisa hanya wonder yang tidak bisa",kenapa ini aplikasi wonder dari tadi malam tidak bisa terbuka buka katanya jeringan tidak stabil tapi kalau saya buka aplikasi bank lain bisa hanya wonder yang tidak bisa,11/5/2025 11:26,1,0
4c1627a7-22d3-48c2-9f81-3a0f052e24dc,transfer lebih gampang,transfer lebih gampang,4/9/2026 12:13,3,1
fa96ce62-5dc2-4865-95fc-3230e2013c9d,"jam 11 malm aja udah gak bisa bayar atau krm via qris,aneh",jam malm aja udah gak bisa bayar atau krm via qris aneh,1/22/2025 1:17,1,0
96f90c54-b42f-4881-83a6-4a076e15dea8,"saya udah TF ke rek BNI word,TPI uang nya gak masuk, bagaimana cara nya",saya udah tf ke rek bni word tpi uang nya gak masuk bagaimana cara nya,6/27/2025 22:37,1,0
3bf3d3bc-7c8d-494b-ab41-ab1e004aef04,baik sekali,baik sekali,3/3/2025 21:11,3,1
9215135c-58b9-49ce-8dd5-dc31f8ebde06,baik,baik,5/27/2025 19:55,3,1
13a28a08-007c-4854-90d2-eee2f36a9fd8,terpercaya,terpercaya,5/31/2026 7:33,3,1
3afd635d-8ec9-4a72-ba96-5ae549fa2cdb,Sudah Download install tapi rekening BNI saya tidak muncul ...percuma dong Malah disuruh ke KANTOR CABANG ..HUHH APA APAN INI BIKIN CAPEK TAU SENDIRI KAN KALAU DI CS ITU ANTRIANNYA BIKIN EMOSI KARENA LAMA BUTUH WAKTU SEHARIAN BUAT NGANTRI ... KIRAIN APLIKASI BARU MEMPERMUDAH EHH MALAH MEMPERSULIT BEDA DENGAN BCA YANG SWASTA Disini apakah ada yang seperti saya .. Jadi aplikasi ini saat ini tidak berguna ...,sudah download install tapi rekening bni saya tidak muncul percuma dong malah disuruh ke kantor cabang huhh apa apan ini bikin capek tau sendiri kan kalau di cs itu antriannya bikin emosi karena lama butuh waktu seharian buat ngantri kirain aplikasi baru mempermudah ehh malah mempersulit beda dengan bca yang swasta disini apakah ada yang seperti saya jadi aplikasi ini saat ini tidak berguna,7/19/2024 20:43,1,0
d87050da-479a-4764-a721-14c71ec483cb,keren,keren,1/30/2026 14:13,3,1
4323b4b1-7198-40e4-a84e-01ce127e3c48,mantap...👍🙏👍,mantap,9/11/2025 13:08,3,1
9c437c2b-7f51-450f-83db-d272079a0e2d,jos,jos,7/10/2025 9:46,3,1
3d7c567a-1732-48b4-a106-e6b1d7bfacd2,Awal pke wonder bagus. Kenapa udah seminggu ini apk selalu error ya?,awal pke wonder bagus kenapa udah seminggu ini apk selalu error ya,11/26/2024 22:21,1,0
7a47fba6-909c-41be-8e23-a7dd43ea06b4,bagus,bagus,4/4/2025 22:16,3,1
73e8f608-7869-4040-a0a3-12dbaf042467,ok,ok,3/18/2026 10:27,3,1
5a779723-c63c-4667-b03a-0c62e8bf076b,sangat membantu dalam melakukan transaksional,sangat membantu dalam melakukan transaksional,12/18/2025 20:33,3,1
78c5c9ff-b57e-4ac2-ab3a-bd91cad7b440,Lebih sempel & mudah,lebih sempel mudah,11/17/2024 22:37,3,1
cf2b2360-29df-4d6b-8d9a-1d0d5e82d2af,sangat membantu,sangat membantu,8/25/2025 20:53,3,1
c66c1eac-735c-4193-92d7-3f4818cdf3dd,Aplikasi bagus dan mudah ... Transaksi juga cepat,aplikasi bagus dan mudah transaksi juga cepat,2/23/2025 10:10,3,1
aa309e6c-8727-4aa7-abe7-945f284585a6,bagus,bagus,8/1/2025 10:22,3,1
e47bdb40-d5e6-48cf-a6a0-2afc59da2507,sat set,sat set,3/5/2025 6:06,3,1
1ac14b7e-1f77-49dc-897c-1d553d5aba59,sangat membantu puas,sangat membantu puas,7/26/2025 11:49,3,1
efcd4153-09b1-4539-9bc0-339a8b28e9ca,Membantu Sekali Bank BNI,membantu sekali bank bni,1/14/2026 10:58,3,1
4f7f0053-723e-47ab-a6a4-a16720d008b5,mantabbbb,mantabbbb,3/16/2025 5:28,3,1
8414efeb-b5b2-4a11-ac6f-b771e3dfc231,ok,ok,7/6/2026 8:14,3,1
fe147b6c-43cc-4ff7-b58e-138c0a5b2b92,"aplikasi burik, susah digunain..payah. feriivikasi wajah ga pernah bener..ampunnn dah..aplikasi buruk",aplikasi burik susah digunain payah feriivikasi wajah ga pernah bener ampunnn dah aplikasi buruk,11/6/2025 21:14,1,0
4ec4d76c-2f2b-494e-bc7d-228ce9f44e0c,baik,baik,7/17/2025 15:41,3,1
6d146076-2285-43bc-8aef-5878d1e81cdd,semoga next time BNI bisa nabung emas digital ya,semoga next time bni bisa nabung emas digital ya,6/16/2025 0:07,1,0
90131f57-8124-4bec-a6e0-8d541d9100ff,Best👍👍👍,best,11/5/2025 14:16,3,1
a3cc6e33-025c-40dd-b2b9-1956e9cb5423,good,good,10/16/2025 13:29,3,1
56cbe904-80f4-4007-bdee-ab2d58dfda9e,Aplikasi apa ini sering betul gangguan hapus aja gk ada guna,aplikasi apa ini sering betul gangguan hapus aja gk ada guna,11/25/2024 15:16,1,0
905c73aa-b075-4e64-ac5c-4c8084b45ac2,mantap dan tdk ribet,mantap dan tdk ribet,2/25/2025 17:29,3,1
cb4f415b-7161-4f26-9bed-f699a447f855,"Tampilan fresh, pembayaran menggunakan qris responsif",tampilan fresh pembayaran menggunakan qris responsif,9/4/2024 12:31,3,1
072410fc-3e86-4b5f-ae82-493d62f96500,mantapp joss,mantapp joss,6/7/2026 14:20,3,1
eaa74184-76ac-4fe0-b99c-fbd45643c46a,Aplikasi nya keren semakin modern mengikuti perkembangan teknologi terkini,aplikasi nya keren semakin modern mengikuti perkembangan teknologi terkini,12/3/2024 13:01,3,1
f0c5f0b9-ed35-4da4-a81f-1645259d45df,nice,nice,2/5/2026 22:11,3,1
e5c24a13-1d30-4ed6-bd7d-a46740c81b50,baik,baik,9/14/2025 20:35,3,1
3c54ba1b-da3f-4dd6-95a0-985bf1245823,simpel mudah aman cepat,simpel mudah aman cepat,7/26/2025 10:51,3,1
4193f895-4032-45ab-9c6d-5ccb411d4bfc,mantap,mantap,3/31/2025 23:10,3,1
b8d2ef83-4196-4e99-929e-b2c4778f7f7f,mantap,mantap,7/4/2025 11:36,3,1
61211949-8938-477b-af82-34f4e6204ebf,mantap,mantap,3/19/2026 23:45,3,1
6019828a-5681-4cde-b28b-6325757a7ae5,notifikasi pemberitahuan tidak berbunyi,notifikasi pemberitahuan tidak berbunyi,6/26/2025 11:23,1,0
54386446-8831-4a59-b661-6328ad0594d0,"gk bisa di buka udh beberapa hari ini bener² gk bisa transaksi sama sekali pake wondr by bni, lebih enk m bank lama gk ribet gk pernah bermasalah kyk gini kalau pun lg update sistem paling cuma 1 hari besok.ny bisa di buka lg ,sampai skrg blm bisa masuk udh cba tiap hari,ini kapan ya bisa normal lg ?",gk bisa di buka udh beberapa hari ini bener gk bisa transaksi sama sekali pake wondr by bni lebih enk m bank lama gk ribet gk pernah bermasalah kyk gini kalau pun lg update sistem paling cuma hari besok ny bisa di buka lg sampai skrg blm bisa masuk udh cba tiap hari ini kapan ya bisa normal lg,8/28/2025 19:58,1,0
a63b55c9-4b0d-4b71-88b9-8c4acdbac04b,Mantap,mantap,9/2/2024 16:45,3,1
61e4de11-bbee-40b6-920e-e3fdd36721a0,pengen cepet upgrade buat invest emas di sini,pengen cepet upgrade buat invest emas di sini,6/30/2026 14:16,1,0
65d36364-0bde-43f5-ab6a-e4c1c3669cb5,sangat membantu,sangat membantu,12/12/2025 18:02,3,1
57360a7a-10d4-4c04-b270-a410d22cb2c1,ok bagus,ok bagus,2/27/2026 10:51,3,1
dee1f848-8eff-4efb-99b3-7e8b9f727400,terbaik,terbaik,11/29/2025 20:32,3,1
6f28d2dd-d026-40f8-bfbd-5bd8b420a740,trimakasih sudah mempermudah untuk transaksi,trimakasih sudah mempermudah untuk transaksi,10/10/2025 19:22,3,1
fb74aa7d-c421-43c7-9aa6-f5687b8aecd8,aplikasi yang sangat membatu kebutuhan keluarga 24 jam transaksi cepat tidak udh ngantri mau kirim lewat aplikasi wonder by BNI mempermudah kebutuhan anak sekolah dan yg lain lain terimakasih wonder by BNI.🫰🤗🙏🙏🥰🥰🥰,aplikasi yang sangat membatu kebutuhan keluarga jam transaksi cepat tidak udh ngantri mau kirim lewat aplikasi wonder by bni mempermudah kebutuhan anak sekolah dan yg lain lain terimakasih wonder by bni,8/11/2025 17:53,3,1
93f57328-62d1-4070-b219-986e40a6d3d4,"verifikasi email terlebih dahulu. nunggu kode otp yg dikirim itu lama banget sampe saya harus masukkin email berkali kali untuk verifikasi sampe ada keterangan kamu telah mencari maksimum untuk verifikasi email, coba lagi besok. anehnya email kode otp masuk setelah ada keterangan tersebut, dan hari ini saya coba verifikasi email lagi tapi keterangan tetap aja sama",verifikasi email terlebih dahulu nunggu kode otp yg dikirim itu lama banget sampe saya harus masukkin email berkali kali untuk verifikasi sampe ada keterangan kamu telah mencari maksimum untuk verifikasi email coba lagi besok anehnya email kode otp masuk setelah ada keterangan tersebut dan hari ini saya coba verifikasi email lagi tapi keterangan tetap aja sama,7/21/2024 9:28,1,0
95af79b5-7c78-416d-9a1e-6bfe26b44f62,"Terimakasih BNI , ilove you full",terimakasih bni ilove you full,1/30/2026 1:04,3,1
8a981c00-c495-46a6-bc69-c3ea2c759483,"Aplikasinya Luar biasa cepet, aman dan mudah, abis transaksi transfer antar bank, saldo lgs terupdate.. keren cuuyy..",aplikasinya luar biasa cepet aman dan mudah abis transaksi transfer antar bank saldo lgs terupdate keren cuuyy,9/2/2024 12:44,3,1
71f0a70b-c890-4435-bb5e-91278b9a4f49,Keren,keren,7/8/2024 7:31,3,1
f8771abc-bb05-4b4b-b851-2d2e806708f5,"MINNN TOLONG YAHH KNP TIBA² WONDR SAYA NGE HENG GABISA KLIK APAPUN, UDAH BERKALI KALI UNINSTALL PASANG TAPI TETEP AJA",minnn tolong yahh knp tiba wondr saya nge heng gabisa klik apapun udah berkali kali uninstall pasang tapi tetep aja,8/10/2025 18:49,1,0
1352c43d-22b3-4e67-8fb1-23c96e657e39,mantab👍👍👍,mantab,7/31/2025 13:52,3,1
f8a52589-cfd0-440d-a0b8-658d4f03bfb8,"Sangat bagus, mudah dan aplikasinya bagus sekali",sangat bagus mudah dan aplikasinya bagus sekali,11/6/2025 11:27,3,1
a3e6ec9c-17de-41cc-ab10-8ed046498e3b,Simpel dan sangat mudah,simpel dan sangat mudah,9/4/2024 21:31,3,1
b0315ee2-8121-4b7e-a805-7274608cad6e,The best,the best,11/17/2024 12:33,3,1
32d5870c-e9a3-443a-9bb1-0557f5f934ce,"aplnya susah di buka jdi susah buat liat saldo sama kirim uang, terus sering banget update..",aplnya susah di buka jdi susah buat liat saldo sama kirim uang terus sering banget update,6/30/2025 14:22,1,0
c988740d-1efb-4959-8be3-d177eab9f2df,Sangat mempermudah transaksi apapun,sangat mempermudah transaksi apapun,6/13/2026 15:04,3,1
2b7109d1-325d-49c1-99bb-c5702032c2cf,terbaik sih,terbaik sih,6/27/2025 20:32,3,1
19d364cc-69c7-4e1d-9e96-01c5a2ddd0f5,"Top, ada notif transaksi keluar masuk scr otomatis",top ada notif transaksi keluar masuk scr otomatis,7/2/2024 10:41,3,1
0e724212-86dc-4b60-a92b-2e30017fd0cf,"Aplikasi baik, pertahankan dan tingkatkan.",aplikasi baik pertahankan dan tingkatkan,9/19/2025 8:21,3,1
b436097f-159d-4097-a856-def246e206a7,"Terimakasih admin sudah mendengarkan keluh kesah nasabahnya tentang masalah sebelumnya ""Tidak ada fitur ATM mobile ( yang bisa ngambil uang di ATM tanpa kartu)"" Semoga kedepannya makin sukses dan lancar.",terimakasih admin sudah mendengarkan keluh kesah nasabahnya tentang masalah sebelumnya tidak ada fitur atm mobile yang bisa ngambil uang di atm tanpa kartu semoga kedepannya makin sukses dan lancar,3/16/2025 14:22,3,1
4ca402c6-0ee2-474b-a6aa-fefae912f69f,"Sangat simpel dan cepat,👍👍",sangat simpel dan cepat,5/15/2026 11:49,3,1
e5c65872-2303-4c03-9b13-4caa9657e814,mempermudah transaksi semuanta,mempermudah transaksi semuanta,11/22/2025 15:31,3,1
46f3ae0d-2f69-4e14-88fd-4411718f740b,Keren banget wondr by bni Memudahkan semua transaksi,keren banget wondr by bni memudahkan semua transaksi,7/8/2024 8:18,3,1
b9cfd915-72cd-48e2-98f3-cc63e29b06f7,sangat baik,sangat baik,10/7/2025 6:42,3,1
c21a027f-c74f-4aa4-b4d1-4391b10e87a8,memudahkan hidup,memudahkan hidup,6/28/2026 16:03,3,1
251a20fe-0f1f-4e77-bf18-5d61df28ac1c,"aplikasinya sangat membantu pengguna bni, khususnya untuk bertransaksi, keren pokoknya mantap👍🏻👍🏻👍🏻",aplikasinya sangat membantu pengguna bni khususnya untuk bertransaksi keren pokoknya mantap,12/2/2024 12:36,3,1
bc4346a0-41c4-4708-a49a-ea3aa3753427,bagus,bagus,11/25/2025 19:18,3,1
8e75aafb-f847-45c7-b055-7578013fe353,sangat memberikan kemudahan,sangat memberikan kemudahan,3/17/2026 22:17,3,1
5795da78-3b47-4e72-84fa-a09a63fd2c75,sangan bagus,sangan bagus,9/19/2025 22:49,3,1
0da2d618-2045-4b0e-95ee-7a3000a9d3ed,bagus,bagus,7/17/2025 16:51,3,1
9a6cca15-fd2f-4141-92ce-6366a3ac7838,"terimakasih min, apk ini sangat membantu dan memudahkan sekali😊",terimakasih min apk ini sangat membantu dan memudahkan sekali,6/7/2025 11:31,3,1
ae53c2c3-1645-4492-be8a-607f10266f6f,oke,oke,3/31/2026 19:54,3,1
8aa97215-3c0c-4528-b135-4fc2f955cbeb,"jelek, poinnya yg di bni m banking dulu, tidak muncul terakumulasi di wondr,",jelek poinnya yg di bni m banking dulu tidak muncul terakumulasi di wondr,3/5/2025 18:49,1,0
63c1b85c-9f06-48e8-9693-135a1677193a,Aplikasi ga jelas..pindah aplukasi harusnya lebih baik..tp justru tambah susah..kalo belum siap jangan paksa nasabah utk pindah..PERBAIKI DULU APLIKASI nya..,aplikasi ga jelas pindah aplukasi harusnya lebih baik tp justru tambah susah kalo belum siap jangan paksa nasabah utk pindah perbaiki dulu aplikasi nya,11/4/2024 20:20,1,0
c689d59a-225f-4f55-a94d-41bd61c90b3c,sangat bagus dn banyak manfaat,sangat bagus dn banyak manfaat,5/18/2025 7:35,3,1
077c9dd1-d515-423a-84ee-51ef3997f7ca,Nice,nice,4/16/2025 23:38,3,1
1d71e9b5-618b-40cf-bbce-a0e2febd3782,"mantab ,mudah ,ringan dan cepat",mantab mudah ringan dan cepat,3/3/2026 12:40,3,1
ae2c651d-6688-4120-9ae1-8312aeb91b0f,cepat kilat tanpa trobel,cepat kilat tanpa trobel,3/14/2025 12:54,3,1
6436539a-709a-4545-8097-ca1ef8b751d2,sangat baik,sangat baik,3/1/2025 20:12,3,1
7d471f98-2296-4dd0-9cef-769699659646,kenapa pas login berhasil tapi langsung hilang kembali ke awal tolong bantuannya sudah saya coba instal dari awal tetap sama ga bisa masuk ke halaman muka karena langsung tertutup lagi mohon bantuannya. semua aplikasi sudah terbaru aplikasi sudah masuk tapi tiba-tiba langsung keluar sendirinya.,kenapa pas login berhasil tapi langsung hilang kembali ke awal tolong bantuannya sudah saya coba instal dari awal tetap sama ga bisa masuk ke halaman muka karena langsung tertutup lagi mohon bantuannya semua aplikasi sudah terbaru aplikasi sudah masuk tapi tiba tiba langsung keluar sendirinya,12/2/2025 22:11,1,0
09d88e93-8e81-48d3-9805-2aec009ca883,Apk gak jelas cuma kirim OTP aja rumit bgt,apk gak jelas cuma kirim otp aja rumit bgt,8/27/2024 11:51,1,0
0dc76952-425e-418a-ac2b-238d7aeb0f11,"Sering gak jelasssss....saldo berubah rubah, dan transaksi seringkali gagal",sering gak jelasssss saldo berubah rubah dan transaksi seringkali gagal,1/22/2025 1:00,1,0
8c0fdb8c-662a-49db-bbc4-033764348e64,Semakin kurang memuaskan untuk transaksi online di malam hari,semakin kurang memuaskan untuk transaksi online di malam hari,3/18/2026 1:13,1,0
8bec604a-66b6-4af1-9149-122d89dc8277,sukses selalu,sukses selalu,5/7/2026 9:41,3,1
e49bcc8b-3555-43f8-b54c-38bce7f7dfcb,"Bagus pelayanan aplikasi nya, semoga tidak di buat akun atau blokir aplikasi nya",bagus pelayanan aplikasi nya semoga tidak di buat akun atau blokir aplikasi nya,12/15/2024 21:32,3,1
f29ca7fa-f847-4a74-af8d-57749ad027f5,terimakasih,terimakasih,11/9/2025 7:48,3,1
c1c9bf95-e7ff-49d6-b65d-41dacff61b18,Gangguan hampir seharian penuh,gangguan hampir seharian penuh,11/25/2024 16:23,1,0
39b900ad-26b0-413d-b804-a59b5c7694ed,"Saya baru terima transfer uang dari orang lain, malah di potong dengan biaya cukup besar oleh BNI, saya pilih Bank lain",saya baru terima transfer uang dari orang lain malah di potong dengan biaya cukup besar oleh bni saya pilih bank lain,8/1/2025 20:03,1,0
156faa15-d794-4c0a-9c8a-c62da232e20b,perifikasi wajah susah banget ribet nih apk,perifikasi wajah susah banget ribet nih apk,9/3/2025 19:08,1,0
6e694b08-b188-4fab-bb20-aad4bd69e9f8,aplikasi GK guna uang GK bisa di tarik atau di transfer GK guna banget jangan di instal aplikasi ini kalau GK mau rugi,aplikasi gk guna uang gk bisa di tarik atau di transfer gk guna banget jangan di instal aplikasi ini kalau gk mau rugi,8/3/2025 19:19,1,0
13743e58-ac4c-48cd-9b69-2737afc1a09d,simple menu transaksi lengkap,simple menu transaksi lengkap,2/25/2025 10:01,3,1
c37e96cd-c326-4fed-b8b7-c663311f4a7f,gimana ini kok sering eror padahal lagi melakukan pembayaran yg penting,gimana ini kok sering eror padahal lagi melakukan pembayaran yg penting,2/28/2026 22:52,1,0
3702dafe-c9a9-41c1-9d78-3c2c0db373aa,mantap,mantap,12/9/2025 23:16,3,1
dbc44857-11f3-4f3d-89d1-96d4ba8dc8e0,sangat puas,sangat puas,1/30/2026 8:27,3,1
76c1b01a-9d73-4dde-8a35-8079194e2bde,ok,ok,2/27/2026 6:51,3,1
86d3d2a3-36be-4af8-87c9-3130e4fa8ccc,keren,keren,7/25/2025 19:35,3,1
12044d84-f4b6-4f49-905c-42d9e01dd630,"saya udah daftar apl ini dan sangat mudah digunakan, tpi masalah nya ada saat ambil kartu ATM di BNI padang jl.proklamasi di layani oleh satpam yg kurang ajar dan syok jagoan + merendahkan nasabah ...makanya saya kasih bintang 1",saya udah daftar apl ini dan sangat mudah digunakan tpi masalah nya ada saat ambil kartu atm di bni padang jl proklamasi di layani oleh satpam yg kurang ajar dan syok jagoan merendahkan nasabah makanya saya kasih bintang,6/22/2025 13:44,1,0
cc3ec1e4-4dbd-4364-a706-3cf2763cff4c,saya sangat puas dgn layanan wondr.. tf mudah aman dan cepat,saya sangat puas dgn layanan wondr tf mudah aman dan cepat,3/3/2026 12:37,3,1
8cdb076b-2cfa-485b-bcce-714793f5a4cc,Tampilan lebih menarik dan perlu penambahan fitur-fitur yang lebih inovatif agar memberikan pelayanan yang terbaik dan menarik untuk menjadi nasabah Bank BNI.,tampilan lebih menarik dan perlu penambahan fitur fitur yang lebih inovatif agar memberikan pelayanan yang terbaik dan menarik untuk menjadi nasabah bank bni,1/28/2026 7:42,3,1
5f08ae49-7b90-498f-ad66-eee5d46b39b7,baik,baik,11/5/2025 22:24,3,1
c64a9371-413a-4fbc-bc60-7276055361ee,"notif lambat, aplikasi butuh ruang besar",notif lambat aplikasi butuh ruang besar,4/7/2026 21:53,1,0
6a848f48-4142-4cef-9aaa-269f24cbc48b,memudahkan transaksi apapun,memudahkan transaksi apapun,2/26/2026 16:15,3,1
66ffcf6d-4df1-4e5f-99ae-2379d778e362,Belum bisa setor tunai lewat ATM,belum bisa setor tunai lewat atm,3/18/2025 17:34,1,0
bde29fd6-4da8-4934-83a9-f3e6d20d1692,"keren,praktis dan simpel",keren praktis dan simpel,7/8/2024 19:29,3,1
66f0461d-2611-4ca0-9bdf-9a6f49345f65,mantapp,mantapp,2/25/2025 16:32,3,1
993d6040-b4bf-41ee-bfe2-92ff094fcc89,Mantap,mantap,3/8/2025 12:56,3,1
c95525c9-59a9-4829-9e08-ce43e603b72e,sangat baik ❤️❤️❤️,sangat baik,2/26/2026 17:56,3,1
0f1f5d23-80b0-4e5c-b660-cef59d728a67,sangat bagus,sangat bagus,7/21/2025 5:24,3,1
e8cde72e-f036-42c4-a0f3-20904c4d6756,"dear WONDER dari pagi aplikasi terus di perbaiki, kalian tau gak susahNya ga bsa transfer via mbaking ? semua eror kami butuh untuk transfer, mending kembaliin aja aplikasi lama, upgrade bukan makin bagus malah buruk.",dear wonder dari pagi aplikasi terus di perbaiki kalian tau gak susahnya ga bsa transfer via mbaking semua eror kami butuh untuk transfer mending kembaliin aja aplikasi lama upgrade bukan makin bagus malah buruk,11/25/2024 20:39,1,0
8adbe9fc-4d1f-424e-9c5e-b4862d8a0780,"Kenapa stiap mau bukak aplikasinya sllu d sruh tutup telpon offline dan sbgaianya, pdhal hp baru hiduo, tf dg aplikasi mbaking lain normal. mohon solusinya",kenapa stiap mau bukak aplikasinya sllu d sruh tutup telpon offline dan sbgaianya pdhal hp baru hiduo tf dg aplikasi mbaking lain normal mohon solusinya,7/22/2026 8:47,1,0
da0ee48d-805d-40ad-88fc-a7b1b6b6c2b0,fitur login nya ga jelas!! saya kecewa dengan pelayanannya!!!,fitur login nya ga jelas saya kecewa dengan pelayanannya,10/29/2025 18:31,1,0
b2b1b4e2-57c6-45cc-8826-65d135cbed9d,sangat bagus,sangat bagus,11/20/2025 19:56,3,1
46daf68e-e93e-4800-9908-3c39f9087cd3,uhuy pokoknya,uhuy pokoknya,11/30/2025 15:58,3,1
800205db-9bf3-4f97-9745-60bcb383bc9e,"Kerja di pt , sebelumnya gajih pake bca udah enak satset ( gk ada minimal saldo ) , skrng pindah ke bni gajih sering ngaret , apk lola .",kerja di pt sebelumnya gajih pake bca udah enak satset gk ada minimal saldo skrng pindah ke bni gajih sering ngaret apk lola,1/8/2025 14:06,1,0
614fd78d-d246-44d9-a8c2-4b087a6e9536,keren anti lemot,keren anti lemot,3/6/2025 18:00,3,1
ffa5925d-c2ea-44de-8fb9-8e5163a55c56,sangat memuaskan,sangat memuaskan,4/7/2025 19:53,3,1
a7eb4d79-3643-4dce-8ad4-61e522be747f,sangat bagus,sangat bagus,3/18/2026 15:32,3,1
7e97f166-6af5-4262-8b3c-b43f18c34188,good,good,5/10/2025 20:30,3,1
29980122-6ccb-448a-bc0a-d43369211ef3,pakai BNI krna tempat krja ganti pakai BNI. baru brapa bulan ko saya tmn saya dapat TLP kata nya dari pihak BNI. tau nama kita tau tempat tinggal kita dll. apa kah BNI ga bisa jaga data kita 🥺,pakai bni krna tempat krja ganti pakai bni baru brapa bulan ko saya tmn saya dapat tlp kata nya dari pihak bni tau nama kita tau tempat tinggal kita dll apa kah bni ga bisa jaga data kita,6/18/2026 15:05,1,0
6fb6cd1e-fd99-4210-bcbc-2cb4e9ee9163,good,good,4/25/2025 9:45,3,1
e3b8fbd2-3cd2-41cb-a89e-90fd6823864c,"kenapa sih selalu di jam 11.00 sampai 01.00 selalu ga bisa buat transaksi, pernah beberapa kali lagi urgent ga bisa melakukan transaksi, contoh ini tadi udah jauh jauh pas mau bayar pun transaksi gagal padahal lagi urgent banget , tolong lah di benerin",kenapa sih selalu di jam sampai selalu ga bisa buat transaksi pernah beberapa kali lagi urgent ga bisa melakukan transaksi contoh ini tadi udah jauh jauh pas mau bayar pun transaksi gagal padahal lagi urgent banget tolong lah di benerin,11/16/2025 2:11,1,0
3ad13528-0b81-4c99-be52-cc1fb5b4dbb7,"Tampilan bagus, menarik & mudah digunakan",tampilan bagus menarik mudah digunakan,9/3/2024 21:02,3,1
3a60c32d-b365-4a33-a272-bd02edd16319,Ini kan aplikasi m banking tpi lama sekali perbaikan sistem nya..bagaimana orang mau transaksi..sangat merugikan konsumen.,ini kan aplikasi m banking tpi lama sekali perbaikan sistem nya bagaimana orang mau transaksi sangat merugikan konsumen,11/25/2024 16:05,1,0
094cb284-0b87-4e01-a4d0-080feffae479,wondr BNI sangat membantu dalam transaksi keuangan,wondr bni sangat membantu dalam transaksi keuangan,6/1/2026 7:59,3,1
9301ed83-51a4-46c0-b2f6-41cf1d044b36,good,good,12/12/2025 3:11,3,1
aa9c6e2b-b77e-4b8a-ade8-7df10a1339a2,Sangat membantu setiap transaksi kita,sangat membantu setiap transaksi kita,9/3/2024 17:03,3,1
f7d7cadd-eb7e-44ba-b366-1cb20340661c,buka mbanking nya lama sekali,buka mbanking nya lama sekali,7/20/2025 11:15,1,0
ec702420-f5ea-4e82-945c-4c0e1a6a13f4,okee,okee,3/31/2025 19:43,3,1
222e8660-609c-44e2-8b75-e4dfb90f4d0f,sangat mempermudah transaksi pokoknya puas makai wonder,sangat mempermudah transaksi pokoknya puas makai wonder,2/26/2025 1:55,3,1
f6a1204e-f5d9-431e-aec1-da1969b2a9f3,baik,baik,7/21/2025 12:22,3,1
eff57da4-69a7-44c4-b696-8428d60c550f,mudah dan cepat,mudah dan cepat,3/27/2025 10:00,3,1
dc8677b8-12cc-48d6-a0ff-53dedd5cb0bc,bagus dan cepat untuk bertransaksi,bagus dan cepat untuk bertransaksi,2/25/2025 6:46,3,1
c5e325de-d000-43b2-b064-e76fc6a3ef89,sangat puas sekali,sangat puas sekali,4/11/2025 3:17,3,1
a2f60b7a-9c83-4c0a-8a19-c675b8371b99,transfer cepat,transfer cepat,2/26/2025 16:59,3,1
36821f16-0df8-4d69-9628-8087e42b9696,sangat bagus,sangat bagus,7/3/2025 21:32,3,1
2594ee8b-bba9-4cb3-9670-a1fd9431f901,Oeklah baru pertama kali dipakai,oeklah baru pertama kali dipakai,10/20/2024 22:55,3,1
03101e14-6941-4016-a935-935ceb33b36f,"sangat bermanfaat dan mudah gunakan, ngga perlu ke kantor atau ke seller job like U BNI",sangat bermanfaat dan mudah gunakan ngga perlu ke kantor atau ke seller job like u bni,7/22/2025 13:19,3,1
64659a56-981e-438c-a4cb-0a64ad5ca428,"Lebih enak di simple pakai yang lama, lebih ringan beban aplikasinya, karena gak semua orang yang pakai Aplikasi ini HPnya update, jadi tolong, saya terpaksa sekali pakai aplikasi ini",lebih enak di simple pakai yang lama lebih ringan beban aplikasinya karena gak semua orang yang pakai aplikasi ini hpnya update jadi tolong saya terpaksa sekali pakai aplikasi ini,12/6/2025 21:32,3,1
4433da6b-9933-48f1-85ca-4cf763188efa,baik,baik,8/12/2025 13:15,3,1
aefe8b42-8d78-4c1f-8c09-aebe9d4d838a,sangat membantu dan easy,sangat membantu dan easy,10/20/2025 9:09,3,1
09cb301d-2de1-43b3-b5b1-add515eaf969,Oke laaaah,oke laaaah,10/31/2024 12:14,3,1
c802916f-2cc6-4fea-b4dc-dc4320ad124e,baik,baik,11/11/2025 17:40,3,1
09417e21-cd73-4d71-969a-65a771db87bd,godd,godd,9/4/2025 11:33,3,1
503cc1fa-5770-4e9d-a1f8-a015c571e7ec,aplikasi yg memudahkan transaksi keuangan.. terimakasih 🙏,aplikasi yg memudahkan transaksi keuangan terimakasih,9/9/2025 20:22,3,1
dede5355-d334-402f-ac57-93cdd51ef6c2,sangat memudahkan transaksi,sangat memudahkan transaksi,7/19/2025 5:53,3,1
889bf832-9dc6-40f0-b298-bca2ae18664f,"1 minggu lebih saya tf uang acc bank malaysia...saya cek di acc bank malaysia,gk ada masuk saldo...udh saya hbgi BNI call katanya tunggu di refurd.sampai sekarang gak ada pon pastinya nk di refurd",minggu lebih saya tf uang acc bank malaysia saya cek di acc bank malaysia gk ada masuk saldo udh saya hbgi bni call katanya tunggu di refurd sampai sekarang gak ada pon pastinya nk di refurd,10/7/2024 10:38,1,0
527257b0-1852-41c5-a6b5-cc8062216eda,ok,ok,7/17/2025 20:39,3,1
9a9f37aa-4b1d-4dd3-87de-355101adc22d,Jaringan bagus tapi gak bisa kebuka alasan jaringan 🤦,jaringan bagus tapi gak bisa kebuka alasan jaringan,12/3/2025 15:45,1,0
5b8debdc-97f5-4fa2-800c-4ac7ca225e23,is the best,is the best,11/7/2025 6:20,3,1
b93f5bdb-40a9-465f-800f-d3a7ef078e39,mantap,mantap,3/10/2025 21:03,3,1
b1541332-d6b6-4db3-9bfd-01979bf62f46,"sangat bagus,,memudah kan segala urusan",sangat bagus memudah kan segala urusan,7/18/2026 18:53,3,1
463e1303-8da6-4c89-8cc7-777ba471bc14,baik & terus meningkat lebih baik,baik terus meningkat lebih baik,9/17/2025 9:00,3,1
aef13855-5414-4dca-8deb-fdbd9792792e,Bagus,bagus,10/26/2025 13:21,3,1
3322d35f-6f5d-4e86-8baf-e8d822fad693,Sangat membantu,sangat membantu,12/25/2024 7:44,3,1
7b8008fc-f589-430d-b82b-edde144e84e3,"Bagus banget apk nya, sat set sat set sinyalnya, capturenya juga gampang. Mantulll 👍❤",bagus banget apk nya sat set sat set sinyalnya capturenya juga gampang mantulll,9/2/2024 15:58,3,1
3100299b-e016-4e9e-b767-75b582986d71,Pembayaran lewat Qris masih eror,pembayaran lewat qris masih eror,2/4/2025 10:40,1,0
d0e97fe6-e104-40b2-a7ce-3591dff6adb1,sangat membantu,sangat membantu,9/9/2025 6:50,3,1
de7137cf-9647-449a-812a-68fc6e368cac,puas,puas,12/12/2025 7:02,3,1
f5b09b73-2cdd-4611-857d-d3471d03a3b6,"Percuma ganti aplikasi tapi gk bisa mobile tunai, mending yang awal",percuma ganti aplikasi tapi gk bisa mobile tunai mending yang awal,9/30/2024 23:00,1,0
a2969667-bf74-4c0c-8493-02c394132038,ok,ok,2/5/2026 14:27,3,1
889a1856-df60-44e1-9f0b-12bdcddd0b0d,"Memudahkan untuk setiap transaksi, mau offline atau online. Transfer kesana sini gampang. Fitur nya juga mudah dimengerti. Qris juga cepat.. Sat set.",memudahkan untuk setiap transaksi mau offline atau online transfer kesana sini gampang fitur nya juga mudah dimengerti qris juga cepat sat set,12/3/2024 14:37,3,1
71f4782e-3ce6-4ccc-8dab-28807b885d03,"Tampilan apik, memudahkan transaksi keuangan",tampilan apik memudahkan transaksi keuangan,1/11/2026 0:07,3,1
8a206a87-16fb-4b30-b52a-5a1fd3b2b7b5,masih suka ngebug,masih suka ngebug,4/29/2025 18:46,1,0
30b0d2df-c916-4628-950b-145e1b7318a3,aplikasinya lemot,aplikasinya lemot,9/1/2025 21:12,1,0
ed8fc00b-6060-496f-b53a-4375de6491de,sangat bagus,sangat bagus,8/6/2025 13:48,3,1
82eb60b0-f15b-43d5-8880-0a7c3ee74c34,bagus,bagus,10/7/2025 22:04,3,1
970c823e-0abd-4679-8319-eb9313d634f1,bagus,bagus,3/22/2025 15:15,3,1
32b34ac5-b82c-46a0-b2b5-1dcb274006cf,pokoke aku suka,pokoke aku suka,10/17/2025 11:56,3,1
81cde4f8-f96e-4be0-82cb-3b396e819047,ok,ok,7/17/2026 20:56,3,1
f79a902d-83b4-47b7-9542-fcb8253d711e,"Kenapa ya sekarang sering banget eror gabisa di buka harus login terus dan harus ganti kata sandi yang baru lagi, ga kaya pakai apk bni mobile banking,tolong ya perbaharui lagi ya min:)",kenapa ya sekarang sering banget eror gabisa di buka harus login terus dan harus ganti kata sandi yang baru lagi ga kaya pakai apk bni mobile banking tolong ya perbaharui lagi ya min,11/25/2024 22:17,1,0
ee2f5849-5442-433d-8407-989e33c9534c,"baik, dan membantu, pelayanannya sangat mudah",baik dan membantu pelayanannya sangat mudah,4/12/2026 18:22,3,1
3ada4cc6-aec4-47b5-8558-b8b0ce4291b3,pelayanan bagus,pelayanan bagus,7/8/2025 15:01,3,1
3866add3-27b9-47c0-9eda-0ce52962eb3b,BNI KEREN..,bni keren,10/26/2025 16:58,3,1
b9d55b9b-3b4d-439d-88dd-b670072f9633,"Aplikasi Abal Abal, jelek semua hal, mempersulit...lelet dllnya",aplikasi abal abal jelek semua hal mempersulit lelet dllnya,11/5/2024 19:35,1,0
cf16a8a0-68ba-4317-9f96-f06284e17e62,"BNI meloloskan penipu jadi pegawainya, kesalahan mutlak BNI. bank tolol",bni meloloskan penipu jadi pegawainya kesalahan mutlak bni bank tolol,4/18/2026 17:19,1,0
15e1dc3a-d22d-49a4-b649-f5c99c0a6eee,mantap betul,mantap betul,6/26/2025 7:13,3,1
f9b613a7-496e-406f-af2f-e4f833e3682a,"aplikasi perbankan paling buruk menurut saya, jauh dengan bni mobile banking, upgrade seharusnya lebih bagus dr sebelumnya, lakok kebalikannya, semakin buruk, ribet, sering trouble, dll",aplikasi perbankan paling buruk menurut saya jauh dengan bni mobile banking upgrade seharusnya lebih bagus dr sebelumnya lakok kebalikannya semakin buruk ribet sering trouble dll,5/23/2025 15:05,1,0
0b670a14-fdbe-4d80-a01e-e2775bfba340,"memudahkan, diskon nya di perbanyak lg",memudahkan diskon nya di perbanyak lg,8/11/2025 9:55,3,1
b66990ce-9ffa-4546-b44a-4fd1891b6cb8,apk BNi sekarang makin jelek. gk bisa buka bnking .ktanya sinyal jaringan ku masalah. padahal aku buka BRI juga lancar saja n buka apk lain nya . kesel jadinya,apk bni sekarang makin jelek gk bisa buka bnking ktanya sinyal jaringan ku masalah padahal aku buka bri juga lancar saja n buka apk lain nya kesel jadinya,12/1/2025 17:30,1,0
705855d9-bace-4600-931b-439179e5a548,Sumpah yaa login nya lamaaa bnget ini udh 20 menit gk login2 heran,sumpah yaa login nya lamaaa bnget ini udh menit gk login heran,3/4/2025 18:09,1,0
b1ada1e2-a8e7-4047-ace7-214a61537ab3,"oke gak ngebug, asal sinyal bagus aja.",oke gak ngebug asal sinyal bagus aja,12/10/2025 22:42,1,0
f1dfd80d-5e62-4c5c-ae8f-f8e3331f195e,apk ga jelas kirim otp susah banget padahal nomer udah benar,apk ga jelas kirim otp susah banget padahal nomer udah benar,7/14/2026 14:42,1,0
1aa6faf5-c92a-42b0-be77-56c0eb03f3fb,lumayan,lumayan,5/31/2025 18:12,3,1
859e48d7-e4f3-4076-a5ca-41784d8b0f0d,interface buruk,interface buruk,5/2/2026 21:01,1,0
28ad455c-ef55-4099-90c5-b95e28c03706,membantu,membantu,3/18/2025 23:32,3,1
bb97a35f-12dc-48f7-952a-e966bea9caac,Lancar jaya,lancar jaya,3/1/2026 21:39,3,1
2ef97072-24e1-4e6f-bcbb-9cb8c58b02ab,baik,baik,4/7/2026 16:06,3,1
84308c07-9585-4885-8a94-2fa0b17a0de6,good,good,3/6/2025 9:42,3,1
b3a59286-8f94-41b5-bbc0-684f5a0157fb,ok,ok,7/24/2026 9:54,3,1
a486c408-bc16-4fc2-a311-ffc8658484a4,"PELAYANAN NYA BURUK SEKALI!!! Mau pengaduan via chat nunggu sampe 1 jam ga di respon, giliran saya telat respon 2 menit langsung di akhiri chatnya!",pelayanan nya buruk sekali mau pengaduan via chat nunggu sampe jam ga di respon giliran saya telat respon menit langsung di akhiri chatnya,4/4/2025 17:11,1,0
5ce8e70f-5ac6-4aa6-acdf-76c1af12facb,Buruk.. setiap log in harus foto ktp... mending kalo cuma scan wajah mah oke.. nah ini ribet banget kaya mau daftar pinjol aja,buruk setiap log in harus foto ktp mending kalo cuma scan wajah mah oke nah ini ribet banget kaya mau daftar pinjol aja,2/7/2025 15:18,1,0
731cb207-04f7-4de9-821d-f8910e259059,ini kenapa ya dengan aplikasi nya. kok tidak bisa di buka. mohon konfirmasi nya,ini kenapa ya dengan aplikasi nya kok tidak bisa di buka mohon konfirmasi nya,8/1/2025 20:42,1,0
66d2336d-37e4-43ca-955f-af0a79a93929,Membantu tapi usahakan menambahkan rincian kaya yang di BNI Mobile Banking,membantu tapi usahakan menambahkan rincian kaya yang di bni mobile banking,11/23/2025 16:36,1,0
d29b6935-9203-4001-83b3-7ab36bf30875,oke,oke,2/1/2026 21:08,3,1
61bda630-4605-470d-87c7-236200963ba4,"aplikasi retorika, buka rekening bonus saldo gopay 100rb hoax.",aplikasi retorika buka rekening bonus saldo gopay rb hoax,1/20/2026 15:33,1,0
164e9dde-0e23-4f3e-a1cb-750c71a573ef,Login ke Wondr by BNI nya agak lelet,login ke wondr by bni nya agak lelet,2/24/2025 9:35,1,0
eb68937b-b03d-484a-aa81-2ecb0a003974,system sering error,system sering error,6/3/2025 0:36,1,0
e482ea46-d8eb-4167-a633-aa31914163fa,sayang aja di suruh update tapi nggak tersedia updatenya,sayang aja di suruh update tapi nggak tersedia updatenya,8/31/2025 9:42,1,0
e7963494-cf3d-4a39-87d7-3937dfdc0f80,cepat dan ga ribet,cepat dan ga ribet,11/25/2025 12:19,3,1
fbe02fc4-b473-47e2-92ff-b321db713257,kali ada diskon,kali ada diskon,5/27/2026 17:10,3,1
0f0dfc6f-ee53-427c-ae8d-ca26805f3ba5,Waahh kerennn 👍,waahh kerennn,7/1/2024 19:21,3,1
20e33856-e4c7-4d57-b4db-70c58c2ce5aa,"ribet banget sih, mana jaringan bagus juga susah di buka, lemot",ribet banget sih mana jaringan bagus juga susah di buka lemot,1/11/2026 17:26,1,0
8c287495-da0b-42cc-a532-fb6e1c8903ce,Topup e money terbatas,topup e money terbatas,8/3/2025 17:09,1,0
35c364d0-551b-47a4-b1b8-46bad6696084,josssss,josssss,10/10/2025 8:36,3,1
527064d5-91ed-464f-84dc-7cbd17f12ddb,sangat bagus,sangat bagus,12/14/2025 9:08,3,1
b1f62d59-9f61-4082-a6dd-fd2536d9d1cd,Keren banget,keren banget,7/18/2024 16:08,3,1
637b6c2f-5040-4a36-81ff-90e17df7027c,"parahhh bni ini, layanan pengaduan 24jam katanya tapi giliran d hubungi satupun gak ada yg respon. tlpon susah, email gk bls, wa pun gk respon. mana posisi lagi urgent sama sekali gk bisa d andalkan",parahhh bni ini layanan pengaduan jam katanya tapi giliran d hubungi satupun gak ada yg respon tlpon susah email gk bls wa pun gk respon mana posisi lagi urgent sama sekali gk bisa d andalkan,7/26/2026 10:00,1,0
3f20d269-379b-4b28-9af1-3dbc13341958,bagus,bagus,8/5/2025 13:08,3,1
f3716992-dc7a-4686-a913-ba45de5c40b6,"Dr jam 2 siang smpai sekarang jam 20.53 dlm perbaikan, apakah selama itu? Tolong dong diperbaiki,..... Sangat menghambat ini",dr jam siang smpai sekarang jam dlm perbaikan apakah selama itu tolong dong diperbaiki sangat menghambat ini,11/25/2024 21:54,1,0
bbbadf57-af8b-469c-8dd9-f28177e7ee74,cukup bagus,cukup bagus,3/22/2026 0:18,3,1
5c93f0ea-9a66-46d3-9ce7-8e25416406e7,"Sering nge lag gimana ini lagi urgent, mohon perfomanya di tingkatkan malah lebih bagus aplikaai yang bni mobile banking yang sebelumnya",sering nge lag gimana ini lagi urgent mohon perfomanya di tingkatkan malah lebih bagus aplikaai yang bni mobile banking yang sebelumnya,10/25/2024 14:44,1,0
c923df22-7251-47bb-ad47-044ed0ddc36f,Bagus banget,bagus banget,9/29/2024 16:22,3,1
15952db2-fdc2-4d6a-acf9-628d2cf2cd3d,aplikasi rusak,aplikasi rusak,11/25/2024 21:19,1,0
87a28899-955d-41d6-a7de-fee9f18d0bf2,bagus,bagus,11/1/2025 16:53,3,1
da7bf810-bb2f-43fe-b4ee-556071c6824d,"bertransaksi sangat mudah, cepat n fiturny lengkap dsni...",bertransaksi sangat mudah cepat n fiturny lengkap dsni,5/10/2025 5:51,3,1
2f89a176-5353-4969-8fbe-ee687f661cd0,baik,baik,12/29/2025 13:24,3,1
baf19f89-1c11-4c8c-a156-082155c1b1b7,aplikasinya gak bisa di buka ya?,aplikasinya gak bisa di buka ya,6/6/2026 18:49,1,0
477b8381-8d6d-4bbb-9e55-bd2bd9bdf543,muanta efisien,muanta efisien,4/12/2026 4:02,3,1
90e1382a-fb1c-4621-9133-e82f98e32d6e,"mau log in wondr kok malah gangguan terus.eh udah tiga kali malah katanya sudah terlalu sering masukan nomor Tertulis gangguan sistem selama masukan nomor saya ulang tiga kali,Sama saja malah muncul silahkan ulangi besok karena sudah sering masukan nomor dan kode pdhal nomor trdaftr udh benar Kan aneeh kak orang kode saja engga muncul",mau log in wondr kok malah gangguan terus eh udah tiga kali malah katanya sudah terlalu sering masukan nomor tertulis gangguan sistem selama masukan nomor saya ulang tiga kali sama saja malah muncul silahkan ulangi besok karena sudah sering masukan nomor dan kode pdhal nomor trdaftr udh benar kan aneeh kak orang kode saja engga muncul,12/23/2025 10:09,1,0
ad718408-7724-469e-80c8-946aa44521d7,saya suka,saya suka,8/26/2025 6:20,3,1
32f5bd25-3be8-4437-b832-af91ce1d59e0,nice,nice,4/18/2026 18:06,3,1
cc819383-1ca3-4cc9-9f00-f42cc62ca8ec,jadi mudah,jadi mudah,3/1/2026 8:19,3,1
3f724b6d-0155-4b6c-af33-b897af3cbbf8,mantap,mantap,3/22/2026 8:34,3,1
5046b1c5-844e-4904-b1ed-12854423fb1a,bagus,bagus,7/15/2025 22:01,3,1
50b071fd-4469-4229-bde4-16d0fc584fee,"saya sangat kecewa dengan pelayanan BNI. Transaksi gagal tapi uang tidak langsung balik ke rekening,, yang bikin tambah kesel. setelah saya laporan k BNI Cabang setempat,,ternyata cuma dilayani di kasih fasilitas telp untuk terhubung ke BNI CALL. kalo hanya telp,saya gak perlu datang ke cabang BNI. dirumah saja saya bisa telp. terus fungsinya Cabang itu buat apa ? yang lebih kesel lagi,setelah laporan nunggu 20 hari kerja ? terus klo laporan saya gk tindak,itu bikin laporan lagi ?? jgn pake BNI",saya sangat kecewa dengan pelayanan bni transaksi gagal tapi uang tidak langsung balik ke rekening yang bikin tambah kesel setelah saya laporan k bni cabang setempat ternyata cuma dilayani di kasih fasilitas telp untuk terhubung ke bni call kalo hanya telp saya gak perlu datang ke cabang bni dirumah saja saya bisa telp terus fungsinya cabang itu buat apa yang lebih kesel lagi setelah laporan nunggu hari kerja terus klo laporan saya gk tindak itu bikin laporan lagi jgn pake bni,7/14/2026 17:51,1,0
d82e43f5-7d16-4149-b8d3-245c83e441a2,WOW FITUR SANGAT KOMPLIT POKOKNYA MANTAP,wow fitur sangat komplit pokoknya mantap,3/7/2025 10:31,1,0
9434f4c5-13bd-455b-9fc2-e60adeb68ce6,Kereeen,kereeen,7/13/2025 8:14,3,1
174602d7-831a-450e-bde1-2320f061e2af,ok,ok,6/19/2025 19:51,3,1
249b3723-db74-4675-b1b0-f4f10e4204ff,biaya admin mahal,biaya admin mahal,1/26/2026 20:49,1,0
2863c04b-6531-4e6b-b1b1-4aa72fe1af15,bagus,bagus,7/26/2026 22:43,3,1
af5c3f25-d808-4f33-b144-8812f3c70c08,g bisa perivikasi wajah setiap ngedip gagal trus padahal sudah ikuti arahan tiap hari saya coba trus 3x gagal hrus nunggu 1hri sudah 1 Minggu saya coba trus sampe skrg gagal,g bisa perivikasi wajah setiap ngedip gagal trus padahal sudah ikuti arahan tiap hari saya coba trus x gagal hrus nunggu hri sudah minggu saya coba trus sampe skrg gagal,7/23/2025 1:42,1,0
f6d969db-f781-4ffe-9871-73214252b30c,good job,good job,7/5/2025 14:37,3,1
e1535987-e862-4d07-8a39-98c0f77b1ee6,"Laporan saya di gmail tolong di baca weh, cs lemot bat lemot asli",laporan saya di gmail tolong di baca weh cs lemot bat lemot asli,2/4/2025 13:27,1,0
96df4b06-49e5-467a-b87f-773e43bd7e52,kalau mau perbaikan jangan pagi2 saat sibuk donk bikin kesel aja,kalau mau perbaikan jangan pagi saat sibuk donk bikin kesel aja,10/16/2025 7:24,1,0
52ed845d-c060-40f1-9d26-bcdcc5840223,"error, ga bisa di buka, udh uninstal ttp ga bisa di buka",error ga bisa di buka udh uninstal ttp ga bisa di buka,3/18/2026 9:38,1,0
d87c165d-a450-4bc0-9b6d-79e5db215825,Bagus dan baik,bagus dan baik,8/30/2024 0:15,3,1
bd001dd8-80a3-400a-9f1e-dcc51307d015,lambat,lambat,7/10/2025 7:50,1,0
a3f0db81-8c6e-4740-8852-39d1cbc8dc30,Top,top,8/19/2024 14:32,3,1
08cc9b7e-8a79-4a9d-b365-bb0a02437fee,baik,baik,3/9/2025 5:34,3,1
d46006ef-b6b8-4b34-ace5-4b3a538043ea,"transfer gagal terus, qris gagal terus,, aneh !!!",transfer gagal terus qris gagal terus aneh,4/19/2025 1:24,1,0
86982a17-c943-46d3-9ea9-1eadae2629c5,mantapp,mantapp,7/22/2025 21:18,3,1
12fe71e9-f3b1-43b1-8625-a51cd9400728,nggak bisa di pakai tarik tunai tanpa kartu....,nggak bisa di pakai tarik tunai tanpa kartu,10/16/2024 20:48,1,0
0f1dcf99-9ef4-4635-8a1e-9dc0969855d2,"Setiap mau transfer uang selalu aja ada kendala apalagi kalo udah hampir pertengahan malem, mana uang udah ada di mbanking semua, ngeselin banget! BNI bener² ga loyal sm kenyamanan nasabah!",setiap mau transfer uang selalu aja ada kendala apalagi kalo udah hampir pertengahan malem mana uang udah ada di mbanking semua ngeselin banget bni bener ga loyal sm kenyamanan nasabah,5/5/2026 0:57,1,0
f4f116a1-8a56-4ac7-aa4e-1a49cbbe2a81,Ok,ok,10/25/2024 15:54,3,1
88056970-d165-42a8-bd6c-9f9d14c08476,Sistem buruk sekali. Sudah verifikasi wajah. Disuruh untuk video call. Adminnya gak jawab-jawab. Padahal saya mah cuma bayar listrik doang. Kenapa sih bayar listrik pake aplikasi yang kepisah seperti ini? Menyulitkan nasabah banget.,sistem buruk sekali sudah verifikasi wajah disuruh untuk video call adminnya gak jawab jawab padahal saya mah cuma bayar listrik doang kenapa sih bayar listrik pake aplikasi yang kepisah seperti ini menyulitkan nasabah banget,11/4/2024 15:13,1,0
1600ab45-b3b5-41d0-b83d-8792430e684c,mantab sangat membantu,mantab sangat membantu,10/24/2025 10:49,3,1
cab3d66d-41eb-4ade-9ef8-e9b72c474e8b,keren,keren,6/27/2025 19:11,3,1
307e50fe-c4cf-434b-a066-4a7dbfa54c6f,aplikasi nya Ok,aplikasi nya ok,3/18/2026 8:07,3,1
4779234c-f0a9-4302-9b6a-0bdf5cb36488,Buat Untuk Memudahkan Aplikasi Dana,buat untuk memudahkan aplikasi dana,12/25/2025 8:16,3,1
49283a1b-daf9-480a-8ebf-b353a3a49961,ampas,ampas,5/6/2026 0:39,1,0
e55381ed-a3e0-46bd-abb5-3d81fcc90c84,Keren banget wondr BNI..asliii,keren banget wondr bni asliii,7/10/2024 8:52,3,1
420da695-4f3e-4e26-9ec2-7929695bf9c6,Wondr by BNI Mantap.Kemarin bayar PLN sangat mudah dan cepat.Terimakasih Wondr by BNI,wondr by bni mantap kemarin bayar pln sangat mudah dan cepat terimakasih wondr by bni,9/3/2024 20:30,3,1
7689aaca-8db0-4ec4-a0d9-364d86049db9,Senang,senang,12/9/2024 2:08,3,1
6e51380a-f62f-4947-941f-8aef49c8d4e1,apliksi loding y lama ndak bisa di gunain baut pembyaaran malah masih bagus yg m.bengking dulu dari pada woderr aplikasi paliang buruk sedunia dan tidak gun tolong BNI plilh aplikasi yg bener dan guna yaa jangan pilih aplikasi asal2an 😀😀😀,apliksi loding y lama ndak bisa di gunain baut pembyaaran malah masih bagus yg m bengking dulu dari pada woderr aplikasi paliang buruk sedunia dan tidak gun tolong bni plilh aplikasi yg bener dan guna yaa jangan pilih aplikasi asal an,1/8/2026 22:51,1,0
22c3cc06-0a72-4976-b6c2-1e87681b539c,"good joob,mantap pokoknya,sukses",good joob mantap pokoknya sukses,12/3/2025 9:19,3,1
249a8158-b13a-46f8-845a-1177470265cf,makin keren...,makin keren,2/25/2025 19:42,3,1
089eca60-9b6d-498a-b264-3d9186f2490e,"Tarik tunai ga bisa, Top up ewallet gagal.. Syulit..",tarik tunai ga bisa top up ewallet gagal syulit,8/3/2024 10:49,1,0
26b53e9f-3b46-41d7-a661-198b87cd024e,Mudah Cepat dan Aman,mudah cepat dan aman,3/14/2025 2:48,3,1
ce47a527-a4fb-4442-b3aa-5ca331eac416,Aplikasi sangat bagus karena praktis dan mudah digunakan,aplikasi sangat bagus karena praktis dan mudah digunakan,9/5/2024 16:53,3,1
fdf96b64-c8b8-42f6-bef6-9264012ff9e7,sangat mudah dan cepat,sangat mudah dan cepat,6/19/2026 9:39,3,1
9dbe3f62-0e01-4bc7-8696-3c54a948a250,bagus,bagus,4/19/2026 8:03,3,1
0f43b08f-dcff-4e84-8a16-e92eb244041f,okee,okee,11/17/2025 12:45,3,1
32a45e5e-f297-4687-b14f-67ce82f8db47,keren,keren,3/6/2025 17:59,3,1
8a781ed8-0cf6-4cb3-863d-d2d9b797de50,mantap,mantap,12/4/2025 10:03,3,1
e152ea9d-2eb0-4200-9120-32ec176f438e,Baik,baik,12/30/2025 0:41,3,1
0f76748c-8ea3-4581-a89c-6b33ad7aca10,ok,ok,9/26/2025 1:23,3,1
12f6f2bf-fa6e-49ed-9cd0-64fbc93bdf7e,ini loading aplikasi nya emng harus nunggu 1 abad dulu kah? lama banget weii sumpah,ini loading aplikasi nya emng harus nunggu abad dulu kah lama banget weii sumpah,4/9/2026 16:17,1,0
d17bd04d-2d2f-4990-9bb5-227524d4bacc,Mantap,mantap,3/13/2025 14:07,3,1
65e41166-f79e-4dfd-bc2c-213c2497ca91,baik,baik,7/9/2025 2:41,3,1
fc20ea1d-1492-41bf-93f3-2d2daa61a54a,mantap bisa samuanya jadi gak rumit,mantap bisa samuanya jadi gak rumit,10/5/2025 14:14,3,1
047ebbfa-2638-4b02-8184-2f9ac4c3da73,bagus sekali,bagus sekali,1/14/2026 13:52,3,1
e23bf163-1f22-4c69-a434-5e6d291ba2f4,"Saya suka keamanan login yang lebih extra, Fitur sangat simple untuk transaksi pembayaran dan transfer Sama seperti livin mandiri",saya suka keamanan login yang lebih extra fitur sangat simple untuk transaksi pembayaran dan transfer sama seperti livin mandiri,11/22/2024 13:28,3,1
f518d435-4875-45ed-969b-96ee2b310779,"pakai wondr bni tanpa ribet, transaksi lancar",pakai wondr bni tanpa ribet transaksi lancar,5/12/2025 10:45,3,1
860f5875-1166-42f6-8c23-ca84e40fd937,mempermudah,mempermudah,4/10/2026 12:27,3,1
a7d930e0-04fb-401b-8abd-b364b2789f15,sangat best.terbaik.,sangat best terbaik,4/20/2025 21:04,3,1
ea2b4e1d-ed24-4285-9fbb-5b0c8559bab6,ok,ok,7/14/2025 22:40,3,1
78f316ba-522a-47ef-8bdf-8a4c01d90a32,Transaksi lebih mudah bisa di manapun dan kapan pun,transaksi lebih mudah bisa di manapun dan kapan pun,9/4/2024 14:20,3,1
3d528fa7-dbac-4c47-a471-49778119fc23,ngeleg mau login jadi lama mau transfer juga jadi lama,ngeleg mau login jadi lama mau transfer juga jadi lama,11/10/2025 13:22,1,0
83875856-046c-4ff2-a00f-21f2b8cdfda5,baik,baik,11/30/2025 21:20,3,1
2e36df3e-e839-4cd5-a442-06409793b4ff,Wondr by BNI kereeennn,wondr by bni kereeennn,7/12/2024 8:48,3,1
fba78496-d42a-4544-884a-7c489325bb8e,Baik,baik,7/5/2026 15:00,3,1
ba257278-3b9a-4e25-92cc-f313907f62c4,bagus,bagus,2/27/2026 16:31,3,1
5c1639f1-5f18-43f5-b669-7b529b08550d,good,good,7/31/2025 12:17,3,1
fabf17af-8725-447d-885d-553a20a2ffda,fiturnya gak ribet ok,fiturnya gak ribet ok,12/12/2025 6:30,3,1
de648d7e-149d-43e0-b758-c8fa375a63c3,Wondr bagus,wondr bagus,9/4/2024 12:41,3,1
ee9b0a6b-4b59-42af-ada1-f6ab7f943834,amazing,amazing,3/10/2025 14:50,3,1
01e0d3c5-8491-434a-b8ad-6824e1ea5590,transaksi lebih aman dan nyaman,transaksi lebih aman dan nyaman,7/1/2025 17:44,3,1
ce0fe62b-e786-462d-9c80-e9d98a1b9314,ok apk stabil,ok apk stabil,5/1/2025 13:57,3,1
a96658be-965d-48a7-9ad4-4890f5a17dd9,penak,penak,11/9/2025 17:11,3,1
533c3f0e-6d6c-4946-a9f7-f2a46b1c8d12,bagus,bagus,9/6/2025 9:38,3,1
11185d7b-2540-4e33-9697-e16380415e59,sangat membantu,sangat membantu,12/2/2025 10:00,3,1
659f5edc-d81b-4ff6-b914-48f13ace3a1a,Mantab.,mantab,6/30/2025 20:15,3,1
395baa3b-4fef-45d8-9c85-4831ad1653ef,bagus,bagus,7/4/2025 15:15,3,1
90b79ab4-d2eb-48e1-82e7-8a0f5c9f30ba,mudah dan cepat👍👍,mudah dan cepat,6/11/2026 12:43,3,1
a5c078e5-2e66-4163-8bb8-f33e04183903,Aplikasi Wondr ga bisa di buka,aplikasi wondr ga bisa di buka,11/26/2024 13:42,1,0
a8d5d81c-efa3-4d86-9f2e-205aa2eb87cb,hebat wonder,hebat wonder,7/20/2025 10:09,3,1
de32e730-d638-413b-bb47-8afb62546602,Sangat sangat membantu,sangat sangat membantu,12/13/2024 14:33,3,1
55aa1f72-9bba-4e54-ad6f-46db5eda537e,Oke 👍👍👍,oke,8/27/2025 7:40,3,1
c8aad7e1-3519-4281-9823-921458d26540,Kerennn,kerennn,12/21/2024 11:02,3,1
17afe18e-4ffd-43d7-a2cb-9a6b7b0cc328,memuaskan,memuaskan,5/8/2025 10:45,3,1
0b60396d-b9b4-4ac8-9e4f-1e432994b2e7,sengaja ngasih bintang 5 di buat prustasi njir kode email salah terus padahal udh bener,sengaja ngasih bintang di buat prustasi njir kode email salah terus padahal udh bener,6/30/2026 14:59,1,0
0d57d3e5-0bed-406e-9229-1428c2033e15,"beli pulsa transaksi gagal tapi saldo berkurang, transaksi lagi berhasil saldo berkurang lagi",beli pulsa transaksi gagal tapi saldo berkurang transaksi lagi berhasil saldo berkurang lagi,7/19/2025 20:32,1,0
212ab5a1-3be7-4516-9045-02facdc69070,"Aplikasinya makin buruk, full kuota tapi sulit dibuka terlalu banyak jeda ga penting lebih baik gunakan aplikasi lama Sekarang pun error lagi aplikasinya dikit² gangguan & bikin ribet",aplikasinya makin buruk full kuota tapi sulit dibuka terlalu banyak jeda ga penting lebih baik gunakan aplikasi lama sekarang pun error lagi aplikasinya dikit gangguan bikin ribet,12/1/2025 18:10,1,0
cea0328f-82bd-4f49-9f81-3745b4585bdc,sangat baik,sangat baik,3/18/2025 16:42,3,1
2b352be5-9e8c-42da-b414-f28ab5a19a9d,terbaik,terbaik,4/30/2025 21:21,3,1
1b5be11a-579b-41f6-b8b3-7d963ae539c9,syukak banget... sangat membantu terimakasih My Wonder so wonderfull,syukak banget sangat membantu terimakasih my wonder so wonderfull,2/14/2026 16:49,3,1
8f6cb0ac-3796-4bb0-a74d-b86ceb2f8ce7,Semoga lancar sehat wal afiat,semoga lancar sehat wal afiat,7/1/2024 19:46,3,1
582232d7-c151-41f1-ad5f-206f7793a5d3,Mantabs wondr lengkap betul fitur n cepat respon nya,mantabs wondr lengkap betul fitur n cepat respon nya,9/3/2024 13:01,3,1
93ff0cb5-ba55-415a-92d2-e88913b9c45b,kok gk bisa dibuka samasekali ya,kok gk bisa dibuka samasekali ya,10/23/2025 12:16,1,0
cde02983-6015-4297-b6d2-c267dd5cf909,mempermudah pembayaran kalau ada wondr by BNI 👍🏻,mempermudah pembayaran kalau ada wondr by bni,7/12/2026 22:49,3,1
77925aaf-1447-4ed9-8f1b-065e013e7a26,Bagus,bagus,6/28/2025 10:20,3,1
ee167b54-0fcd-49a2-a453-ae06febae8de,Terimakasih,terimakasih,12/16/2024 23:55,3,1
e470b88f-edc7-4deb-9a68-c918720ef800,kapan tarik tunai tanpa kartunya gratis ? yg lain sudah gratis,kapan tarik tunai tanpa kartunya gratis yg lain sudah gratis,11/24/2025 19:15,1,0
c04885d6-d4d8-41bc-b228-d7e317b9667f,Kok gak bisa di buka ya padahal situasi urgen,kok gak bisa di buka ya padahal situasi urgen,10/8/2024 19:01,1,0
b192dc98-3f6b-441d-850c-67127587d9de,sangat cocok digunakan,sangat cocok digunakan,7/20/2026 8:55,3,1
0df46be2-27c0-4e0d-b1d4-89a6ab2e0c50,kenapa verifikasi sll gagal terus,kenapa verifikasi sll gagal terus,9/4/2025 14:58,1,0
23522789-6303-412d-b927-cf9bd10f3ecb,"baru nyoba pake qris bayar berhasil tp knp gak bisa login ke wonder lagi ya,",baru nyoba pake qris bayar berhasil tp knp gak bisa login ke wonder lagi ya,9/28/2025 22:57,1,0
7138344e-5e93-4eb3-85be-191a8e806dc1,"wondr by BNI selama ini selalu konsisten, aman, cepat, serta mudah menggunakannya.",wondr by bni selama ini selalu konsisten aman cepat serta mudah menggunakannya,5/24/2026 15:31,3,1
12ef05cf-d61c-448c-b4cf-cf995cef9493,sangat memudahkan dalam segala jenis transaksi keuangan saya. terimakasih,sangat memudahkan dalam segala jenis transaksi keuangan saya terimakasih,8/23/2025 9:33,3,1
a87f7b64-48d7-46ef-b5f6-9f5d66a75877,oke deh,oke deh,9/10/2025 17:58,3,1
fed4b944-bd9c-46cf-96ed-0843e4d0c6d8,Nice Apps,nice apps,8/21/2025 8:41,3,1
e1eb22bd-60ef-4726-bd43-82036bf7c0a2,lancar...next kita lihat,lancar next kita lihat,5/27/2026 11:13,3,1
ebac7fe3-fd4f-46fa-a084-51ffecb56965,"Mana hadiah voucher Indomaret ? Saya sudah ikuti sesuai syarat dan ketentuan berlaku 🙂‍↕️ apa sekelas BNI cuma mau nipu aja !? Nyesel banget download aktivasi wondr !!! Khusus penerima Whastapp Blast Official BNI ini, kamu berhak mendapatkan voucher belanja Indomaret senilai Rp10 Ribu setelah aktivasi *wondr by BNI*",mana hadiah voucher indomaret saya sudah ikuti sesuai syarat dan ketentuan berlaku apa sekelas bni cuma mau nipu aja nyesel banget download aktivasi wondr khusus penerima whastapp blast official bni ini kamu berhak mendapatkan voucher belanja indomaret senilai rp ribu setelah aktivasi wondr by bni,11/11/2024 17:30,1,0
d360552b-b864-4412-b01f-5bff2b2df754,sering gangguan.. tingkatkan aplikasinya,sering gangguan tingkatkan aplikasinya,12/1/2025 21:25,1,0
b9538c50-71e5-4298-871e-e779226b453b,sangat membantu dalam transaksi,sangat membantu dalam transaksi,11/6/2025 9:02,3,1
df3c0a9d-dc80-4ec9-954b-86473a5ce333,sangat memuaskan tapi merasa kurang sesuai karna biasanya tidak ada pemotongan tiap bulan kini tiba tiba ada pemotongan tiap bulannya.,sangat memuaskan tapi merasa kurang sesuai karna biasanya tidak ada pemotongan tiap bulan kini tiba tiba ada pemotongan tiap bulannya,4/10/2025 6:46,1,0
2e7a8b8b-bd9a-4ddb-a12d-8ec2284a2740,bagus,bagus,2/27/2025 13:59,3,1
07b06117-91af-4b4b-aa70-1c8ed95ab300,aplikasi yg sangat bagus,aplikasi yg sangat bagus,4/2/2026 15:26,3,1
9940a0be-9ff9-429c-a211-102502878495,sangat bangus,sangat bangus,3/14/2025 22:21,3,1
501eeb79-0ffa-4fb2-ab39-c784404eec13,mantapppp!!!!!,mantapppp,9/6/2024 9:58,3,1
fedaf9a6-9dea-45f2-a78f-875370ea3f5f,Bagus,bagus,7/22/2024 15:41,3,1
5cbf25a7-4200-4b2b-8b75-859cbd12f62a,"Bintang 3 dulu aja ya, soalnya mutasi transaksi ga ada kolom saldo, keterangan transaksi juga ga ada, padahal itu penting banget buat saya, akhirnya ya kembali lagi deh ke mobile banking",bintang dulu aja ya soalnya mutasi transaksi ga ada kolom saldo keterangan transaksi juga ga ada padahal itu penting banget buat saya akhirnya ya kembali lagi deh ke mobile banking,9/6/2024 21:09,1,0
e59bcb1d-c6dc-4c5d-90f4-ace93b868ef5,Tarik Tunai belum ada... remaks dana masuk tidak terlihat jadi agak susah memgetahui dana yang masuk apa..,tarik tunai belum ada remaks dana masuk tidak terlihat jadi agak susah memgetahui dana yang masuk apa,11/11/2024 16:19,1,0
57b1ebca-3b5c-418f-87ff-e33defb48ee8,mantap,mantap,4/7/2026 12:46,3,1
5ea02357-d44c-4ce1-aa3e-635dd9633198,baik,baik,7/25/2025 19:52,3,1
cabef5c9-e77b-46dc-8ed4-bc187cf2f8fb,tolong dong itu saldo kalo orang lagi butuh jangn di main2 nin orang top up tulisannya gagal sedangkan saldo di bank berkurang kalo g mampu buat apk tutup aja,tolong dong itu saldo kalo orang lagi butuh jangn di main nin orang top up tulisannya gagal sedangkan saldo di bank berkurang kalo g mampu buat apk tutup aja,7/11/2026 21:25,1,0
df26b521-6d84-4e1f-b055-2e74bd2d48d9,baik mempermudah pelayanan,baik mempermudah pelayanan,8/22/2025 11:38,3,1
75e6dcab-c977-4c25-acfc-35542d300a30,bagus dan sangat membantu,bagus dan sangat membantu,12/7/2025 21:42,3,1
41d40cc6-0498-457c-a1c9-78b9c90c37ae,bagus,bagus,7/23/2026 15:12,3,1
817f1d7a-c658-4a41-afa0-48b4fef77e49,aplikasi terbaik,aplikasi terbaik,3/2/2025 17:29,3,1
8b0bd915-cfe1-4826-91b1-ff8076781969,baik aplikasi nya,baik aplikasi nya,6/26/2025 12:51,3,1
40e2b416-13d9-4040-8da8-4493169925f1,"Aplikasinya mudah digunakan, verifikasi cepat, tampilan menarik",aplikasinya mudah digunakan verifikasi cepat tampilan menarik,11/30/2024 13:32,3,1
78a26c43-9236-4e52-b80c-7377741dcbc2,baagus,baagus,7/14/2026 9:49,3,1
bb02fe66-d183-4ccf-9dbe-cfae9d22c206,keeereeeenn bgt pokoknya,keeereeeenn bgt pokoknya,7/6/2025 11:04,3,1
0ff42c56-902d-485c-b27e-731737681632,wondr by BNI sangat membantu,wondr by bni sangat membantu,7/21/2026 16:47,3,1
b0e4a6b9-ab30-4c27-a3f9-6c50135280f3,mantap,mantap,10/12/2025 20:03,3,1
4a95e8c0-c44d-4bd0-ad80-61455a53e8fe,good service..thank u BNI,good service thank u bni,7/20/2026 12:24,3,1
145ea127-6d8f-4e3f-bedf-324d2bd4999a,baik dan membantu terimakasih,baik dan membantu terimakasih,7/24/2025 11:35,3,1
36a0129a-46f9-43bd-b571-dd2aab2dd563,Mantap,mantap,1/14/2025 9:48,3,1
22bb1745-3bf0-4aa3-be9b-2ab7635b9fbc,ok,ok,1/14/2026 8:32,3,1
842b0e64-b01a-4e3b-b086-06ce15a0b5d9,"eror dihape saya, force close mulu.",eror dihape saya force close mulu,12/31/2025 19:54,1,0
c4c523e4-ade2-4f94-a91c-bb8a1b2fe393,good,good,2/12/2026 15:55,3,1
bcc90c41-8c5f-4aa6-9ad3-9fdfd439add7,ok..cepat prosesnya..,ok cepat prosesnya,5/30/2025 23:30,3,1
9934e165-941c-49ad-a869-445d31d3651a,aku mau coba dulu tapi tolong di tingkatkan keamanannya dan fitur-fitur nya di tambah biar lebih lengkap,aku mau coba dulu tapi tolong di tingkatkan keamanannya dan fitur fitur nya di tambah biar lebih lengkap,6/20/2026 1:05,1,0
7db39eb8-8479-4056-9d59-f6aa9b6c2b4b,mudah digunakan,mudah digunakan,6/27/2025 15:01,3,1
64f80103-1905-4054-aaf3-b1bb86f1bb5b,nggk bisa dibuka. nutup sendiri terus. sudah pake no hp terdaftar di sim 1. sudah clear cache. nggk ngaruh. enakan mobile BNI.,nggk bisa dibuka nutup sendiri terus sudah pake no hp terdaftar di sim sudah clear cache nggk ngaruh enakan mobile bni,8/28/2025 16:15,1,0
c3af3b27-8bb6-480b-b857-dcba15e9e9cd,sangat baguss,sangat baguss,12/3/2025 2:05,3,1
67149a6e-c3ab-4c7a-86e2-55ee4abd9615,mantap wondr BNI transaksi jdi lebih mudah,mantap wondr bni transaksi jdi lebih mudah,2/25/2025 19:39,3,1
b685dbad-856c-414f-98ab-5103b22f40bb,Mantap sukses selalu kedepannya,mantap sukses selalu kedepannya,10/12/2024 12:33,3,1
74f2756e-31a9-4a6c-880e-3b18680dd15e,ngeselin... tidak memudahkan...,ngeselin tidak memudahkan,4/2/2026 10:33,1,0
d0e924aa-8ce8-4fde-950e-01b71aaa6f6a,"Tampilan aplikasi sangat baik, kemarin saya coba bayar PDAM (air) belum bisa, kalau pakai aplikasi yang lama bisa",tampilan aplikasi sangat baik kemarin saya coba bayar pdam air belum bisa kalau pakai aplikasi yang lama bisa,8/11/2024 14:10,1,0
e7228888-f832-4d7a-94fe-8221d5134119,bagus,bagus,5/14/2025 11:46,3,1
5d691a96-1fd8-4a19-bbd9-39ef93648665,Keren,keren,4/1/2026 18:28,3,1
bee3fab9-d8e8-4328-99ba-b2d92df827f7,kenapa wondr BNI saya ga bisa di buka ya?? tolong di perbaiki ya,kenapa wondr bni saya ga bisa di buka ya tolong di perbaiki ya,6/23/2025 18:21,1,0
d7a6af5a-56d3-4c31-90fb-cc3529a6cbfe,aplikasi bank yang ribet bangett udah ke kantor cabang buat laporan saya sebagai penerima sungguh sangat kecewa respon lelet menghabiskan Duwet ya,aplikasi bank yang ribet bangett udah ke kantor cabang buat laporan saya sebagai penerima sungguh sangat kecewa respon lelet menghabiskan duwet ya,6/26/2026 17:06,1,0
1c81de5b-8223-4bef-bb18-744b2454c674,mudah digunakan sangat menunjang kebutuhan transaksi,mudah digunakan sangat menunjang kebutuhan transaksi,12/5/2025 15:05,3,1
f9c683a5-756c-4cfc-8b29-8124351702f6,aplikasi apasih mau tf ke ovo aja ga pernah bisa,aplikasi apasih mau tf ke ovo aja ga pernah bisa,12/19/2024 19:52,1,0
f9341fa0-95fd-4615-8319-8dedef85659e,"terimakasih telah memper mudah ..,",terimakasih telah memper mudah,9/12/2025 23:22,3,1
1c59151d-cc92-41ac-972b-c0baa36e1314,kenapa pada saat pertama instal aplikasi tidak ada buka tabungan baru? apakah aplikasi sedang erorr atau bagaimana sistem nya,kenapa pada saat pertama instal aplikasi tidak ada buka tabungan baru apakah aplikasi sedang erorr atau bagaimana sistem nya,4/24/2026 11:46,1,0
ae71066a-541e-45a6-8153-439d7b39e3ad,good,good,5/31/2026 9:47,3,1
bbacd7a7-fea7-4b73-987d-3d8c46c7d154,"aman,mudah dan cepat bertransaksi",aman mudah dan cepat bertransaksi,6/30/2025 12:15,3,1
7f3023dd-6569-4764-822d-c7788fbe4b46,Aplikasi nya bagus keren full colour dan lengkap.. 👍 Bayar di Qris lebih cepat. Rekap keuangan juga top,aplikasi nya bagus keren full colour dan lengkap bayar di qris lebih cepat rekap keuangan juga top,9/3/2024 19:59,3,1
746f40e4-2b70-4401-9913-219452ce797d,mantap g perna tersendat,mantap g perna tersendat,3/11/2026 13:27,3,1
fbfe8ecf-db93-411b-b153-7494f0fe2c9c,mantap,mantap,5/11/2025 10:27,3,1
857cf28e-851c-47ce-92ad-94ccb2721f72,Baik,baik,12/4/2025 6:39,3,1
5f428d96-c6ea-4782-b72e-91b1099a8313,Wonder by BNI sangat bagus sekali,wonder by bni sangat bagus sekali,7/26/2026 14:29,3,1
82ac4c28-45f8-4308-aeef-a03ee324a05b,Real,real,8/9/2025 10:47,3,1
6399e433-eacb-431b-84cd-537881b194aa,kenapa ya kirim ko gopay gak bisa,kenapa ya kirim ko gopay gak bisa,11/15/2025 18:14,1,0
0a4b9a38-1304-4b31-8e27-d3ef8be0cbfe,sangat bagus sekali,sangat bagus sekali,4/2/2026 18:40,3,1
c0e2ae7d-77ed-450b-9749-b3d73fe612f7,good,good,2/12/2025 13:38,3,1
cc712b54-0198-4104-8d87-664e1e640fce,Aplikasi apaan tiap verifikasi wajah 3 hari beruntun gak bisa bisa,aplikasi apaan tiap verifikasi wajah hari beruntun gak bisa bisa,8/24/2024 20:54,1,0
99299edf-3a17-4822-8b2c-3c7c6c46f79c,cb2 aja bnr bagus ato gak y.blm tau lg tp ku ksh bintang 5 dl aj,cb aja bnr bagus ato gak y blm tau lg tp ku ksh bintang dl aj,1/24/2025 13:54,1,0
c4c773cb-b8d3-4c2a-b54a-ee30b3bdb424,kadang maintenance di waktu yang tidak tepat tapi udah mantep,kadang maintenance di waktu yang tidak tepat tapi udah mantep,10/31/2025 19:48,1,0
f2a4ac1d-a303-46b5-b9dd-3336562d2d9d,bagus,bagus,11/12/2025 10:03,3,1
8e0853d2-089e-4d83-9f0a-fe7674b160eb,"Buruk, Aplikasi Terburuk",buruk aplikasi terburuk,12/1/2025 20:29,1,0
966b6eb1-66dd-4ccb-bf25-b37e93b565c8,Wondr bni sangat mudah untuk digunakan dalam transaksi sehari hari,wondr bni sangat mudah untuk digunakan dalam transaksi sehari hari,9/3/2024 19:45,3,1
3a9416ec-a2c4-420d-a5cf-ecd6308c746f,"min gimana uang saya, penarikan mobile tunai (penarikan tanpa kartu) di atm, uang saya kesedot 200 ribu di mobile banking saya, tapi uang di atm nya gak keluar, tapi uang saya udah hilang gitu aja?!!!!!! kejelasannya dong min!!!! udh di email tpi gaada respon!!!",min gimana uang saya penarikan mobile tunai penarikan tanpa kartu di atm uang saya kesedot ribu di mobile banking saya tapi uang di atm nya gak keluar tapi uang saya udah hilang gitu aja kejelasannya dong min udh di email tpi gaada respon,5/26/2025 21:35,1,0
12044445-9228-42be-bb55-d970454def8a,sangat membantu,sangat membantu,4/12/2025 18:56,3,1
9831a983-a52a-46a4-904d-6ed9538534d3,sangat bahagia,sangat bahagia,9/20/2025 10:02,3,1
32ea1fbd-d16b-4d4e-9a80-17d847a64b86,Bagus sekali,bagus sekali,8/13/2025 22:14,3,1
a2557e90-8051-489e-9eee-eda118c77757,bagus,bagus,3/27/2025 17:24,3,1
a9286384-651c-42fa-9f85-f87e5dff5ef3,bagus untuk bertransaksi,bagus untuk bertransaksi,10/28/2025 1:41,3,1
18a63471-3228-4852-83cc-f00e483e1b11,sangat bermanfaat dan membantu.... 👍👍👍,sangat bermanfaat dan membantu,7/15/2025 15:58,3,1
08571c43-0abf-41c2-a629-db8156d79417,sangat bagus,sangat bagus,3/22/2025 21:57,3,1
fed65cd9-8a4e-40a8-a321-9ae36d62e40f,mantap dan mudah,mantap dan mudah,12/22/2025 16:05,3,1
04c95841-4f3c-4528-9d80-43e62587dff7,sangat baik,sangat baik,7/23/2026 17:43,3,1
c2f12f52-f86c-4901-a054-385933512a53,sering error!,sering error,6/1/2026 11:24,1,0
a2c388d7-0d89-4b82-9018-16f62350e33c,okayyy,okayyy,11/4/2025 14:07,3,1
1acfdc30-6b0e-4949-b8ba-f2adc173501d,puas,puas,11/26/2025 21:48,3,1
b5d06bd4-6133-4370-a9f0-c4e0bbb6741d,"sangat² berguna dan bermanfaat. apalagi untuk mentransfer dan top up dana nya no debat ini sangat cepat. tampilan nya jg sangat memudahkan kita untuk mengakses semua itu, terimakasih🙌",sangat berguna dan bermanfaat apalagi untuk mentransfer dan top up dana nya no debat ini sangat cepat tampilan nya jg sangat memudahkan kita untuk mengakses semua itu terimakasih,12/31/2025 10:39,3,1
9c0e3fa9-f65c-4dc5-a314-5a00e8026831,mantap,mantap,6/18/2026 22:33,3,1
e6bad025-dbf0-4a99-877a-2ec0f2257ace,Sangat puas mkasih Bank BNI,sangat puas mkasih bank bni,9/25/2025 0:55,3,1
4f6ea0aa-73d5-4a8b-ac5e-6358749e7f7d,Bertransaksi lebih gampang,bertransaksi lebih gampang,8/9/2025 20:55,3,1
13e95da4-9373-4202-93f1-b5a8775143b3,bni yes,bni yes,2/25/2025 8:39,3,1
b345353f-ae30-42b0-a13c-69dcd7a21997,keren,keren,7/20/2025 0:16,3,1
d80e0cdf-ff92-49ce-96f0-333d810a6a69,nyaman banget pakai aplikasi ini,nyaman banget pakai aplikasi ini,12/9/2025 8:39,3,1
017a67a0-ca45-4715-bded-ec55ec6cc44f,"Kode verifikasi email selalu tidak valid padahal nomernya sudah benar dan jangka waktu juga masih lama, tolong di perbaiki",kode verifikasi email selalu tidak valid padahal nomernya sudah benar dan jangka waktu juga masih lama tolong di perbaiki,9/21/2024 16:01,1,0
950fa024-6800-4e0f-848a-1d3b681ddbb2,ok,ok,5/10/2026 22:36,3,1
d93ce57d-445b-44ea-bc21-ab1858d6d79a,memuaskan,memuaskan,4/26/2025 9:51,3,1
79333410-6595-4dfd-9b8f-9beb71f36ddb,good,good,3/8/2025 19:34,3,1
fff4e343-d57f-475c-ab07-b773a0784bb8,thx you,thx you,8/19/2025 9:50,3,1
81502697-1554-4d8e-8172-8346b630c661,susah daftarnya tinggal selangkah lagi gak masuk2 aplikasinya....tolong dong di permudah,susah daftarnya tinggal selangkah lagi gak masuk aplikasinya tolong dong di permudah,2/3/2026 19:12,1,0
dc2cf6a9-e481-499e-9e03-eb6d26407771,ok,ok,5/14/2025 23:54,3,1
fcb3f030-d994-4b2e-9ffa-280fa682afa4,idetifkasi wajah ribet,idetifkasi wajah ribet,9/21/2024 13:44,1,0
a09fa042-e9b7-45f3-ade5-b13c7c353fed,very useful application for the community,very useful application for the community,12/11/2025 22:21,3,1
d84c6932-2d9f-4f02-a1e2-86c8e96a77c2,bagus banget,bagus banget,9/29/2025 8:41,3,1
c56286e4-a7e7-473d-a588-de045c6597ae,apk lelet,apk lelet,10/23/2025 19:51,1,0
8c155a9c-5601-425f-a66f-5cd799f01b66,terima kasih untuk BNI. dengan adanya wonder by BNI saya bisa jadi lebih mudah dan praktis untuk bertransaksi.,terima kasih untuk bni dengan adanya wonder by bni saya bisa jadi lebih mudah dan praktis untuk bertransaksi,4/16/2025 10:11,3,1
71b68457-64be-462f-9994-9142e4dc310c,bagus,bagus,2/24/2025 8:45,3,1
eed380af-6863-4c37-b7c1-c9950f7985b4,Mantapsss,mantapsss,7/8/2024 22:38,3,1
accb0a6e-0bc9-48cb-ae54-786d5eb713b8,mantap nich aplikasi,mantap nich aplikasi,2/27/2025 10:36,3,1
d71debaa-5db1-4d95-aec8-7dd0171b0c6b,selalu error saat transfer e-wallet,selalu error saat transfer e wallet,6/1/2026 10:58,1,0
1fb8ba25-53b5-44cb-927e-917e2ebe383f,bagus,bagus,1/29/2026 12:55,3,1
f553a5d5-e038-40cd-baae-e957791aef99,menarik dan mudah digunakan. sangat membantu dalam transaksi,menarik dan mudah digunakan sangat membantu dalam transaksi,3/15/2025 11:40,3,1
7199acc7-2dcf-451d-885d-15d0ca2e29d8,woke,woke,7/3/2025 21:27,3,1
04818538-9dd8-4927-a750-6b20c9257d49,sangat membantu dan banyak manfaatnya,sangat membantu dan banyak manfaatnya,11/7/2025 20:14,3,1
b831c657-1782-4d31-b541-5385b2c2db66,good job,good job,3/16/2026 1:51,3,1
877d200a-f845-49e5-b572-9716c01e0620,"Sudah selesai, setelah saya hapus cache dan mencoba transfer lagi sudah bisa.👍🏽",sudah selesai setelah saya hapus cache dan mencoba transfer lagi sudah bisa,12/19/2024 21:17,3,1
f5e18af8-fb21-40a0-8d1a-026f9e0c1b1a,ok,ok,7/14/2026 18:04,3,1
ec4ee188-13c7-4d53-8eca-368c2f823cd8,Sangat mudah untuk digunakan dan sangat membantu,sangat mudah untuk digunakan dan sangat membantu,7/1/2025 10:11,3,1
eefea1be-5b16-4eca-bb98-acb0cd81dba3,ok,ok,4/21/2025 12:13,3,1
6841d39c-760b-4b3c-b93c-c150a87bd56f,"aplikasi gajelas, rusak",aplikasi gajelas rusak,12/9/2024 22:39,1,0
424f1434-6d56-4fb1-b7e8-75385409f696,kebanyakan update tolol,kebanyakan update tolol,4/5/2026 0:41,1,0
f48c9e2e-1ff3-4973-9a58-8b448ec2a49a,menyalaaaa wondr,menyalaaaa wondr,2/24/2025 12:55,3,1
f7b02bbb-1224-460a-ba38-3936ae87163c,luar biasa,luar biasa,3/10/2026 19:55,3,1
3233877e-cfe5-40ad-b575-82467b248113,pelayanan baik,pelayanan baik,1/24/2026 12:28,3,1
79248f4d-e9fe-47af-8f82-57c949f0abdb,"Sangat mudah, nyaman sekali",sangat mudah nyaman sekali,9/19/2025 20:33,3,1
dfb785cd-80ad-43f8-84a6-52be8b8b3b22,Bagus,bagus,1/15/2025 10:17,3,1
483e3162-383e-454a-861c-02bcc914ffbc,pelayanan sangat memuaskan,pelayanan sangat memuaskan,5/28/2025 8:09,3,1
f4cca46b-38ea-42bc-a922-14ca35995930,nice,nice,10/21/2025 23:40,3,1
cbeb6b39-45cf-4853-ad48-e0d066d265ff,cepat dan memudahkan,cepat dan memudahkan,10/16/2025 14:10,3,1
16df8b20-6dda-4a1a-94bc-60d6c988c6e2,sudah pakai lama dari awal buka rekening pakai BNI dan pernah jadi rekanan bisnis dengan BNI,sudah pakai lama dari awal buka rekening pakai bni dan pernah jadi rekanan bisnis dengan bni,6/23/2026 9:05,3,1
2013bf4a-56e7-4ba5-a294-b0c75d889d40,Ok,ok,4/11/2026 11:40,3,1
ecb21c0b-7cf3-4393-bbf6-64420d6d8b6c,App tdk jelas,app tdk jelas,11/25/2024 21:46,1,0
d0da1743-fda2-45bd-a58b-ce10ef52914a,mudah dan cepat,mudah dan cepat,12/9/2025 22:12,3,1
c4096685-3558-4b1c-8315-649d625bbc36,sudah bs login. makasih,sudah bs login makasih,6/19/2025 11:35,3,1
9eb6cd58-93ca-4d74-ba08-1a6cee7db297,"baru buka rekening langsung tidak bisa dipakai tulisannya sih gangguan, klau bukan karena payroll dah ni gua, masa kalah sm livin dan btn",baru buka rekening langsung tidak bisa dipakai tulisannya sih gangguan klau bukan karena payroll dah ni gua masa kalah sm livin dan btn,11/25/2024 14:14,1,0
7d29dc8b-1242-41ce-bb0f-10395e5fff91,aplikasi tidak bisa di buka pas di intro aplikasi,aplikasi tidak bisa di buka pas di intro aplikasi,5/21/2026 12:43,1,0
0b8f4733-e74e-4c08-8438-40c817bda256,good,good,7/19/2026 0:12,3,1
b831532f-2e8c-41c5-9ead-ede6d218773f,mantab,mantab,12/1/2025 15:53,3,1
f5a4878f-e9e0-4a2c-8fb1-71fc21ca356c,very fast,very fast,5/26/2026 23:17,3,1
f2974082-afb2-4b22-8de3-87b34bfe954c,mantaap,mantaap,3/16/2026 5:57,3,1
c3133190-7c95-471c-8c69-2a02844f4f95,mantul,mantul,6/10/2025 18:57,3,1
860e8826-7630-4814-8632-62aa796def29,saya ada transaksi menggunakan Q ris saldo saya berkurang tapi tidak masuk ke Q ris tujuan sudah 3 hari tidak ada penjelasan,saya ada transaksi menggunakan q ris saldo saya berkurang tapi tidak masuk ke q ris tujuan sudah hari tidak ada penjelasan,3/13/2026 0:54,1,0
70739b46-1220-4632-a13f-b71e9868f2a0,"aplikasi wondr super lemot,lama sekali bisa diakses SDH 1 Minggu lebih ,baru HR ini tgl 08 Agustus 2025 bisa dibuka ,seperti keong lagi ngsmbek",aplikasi wondr super lemot lama sekali bisa diakses sdh minggu lebih baru hr ini tgl agustus bisa dibuka seperti keong lagi ngsmbek,8/8/2025 8:51,1,0
bd47ef50-2528-4344-974b-324dbbbcabb1,cepat prosesnya,cepat prosesnya,3/15/2025 11:11,3,1
f2373c85-6cdc-4211-8d35-011445294bd6,BNI OK,bni ok,7/28/2025 6:09,3,1
7b728478-ab1e-4564-b635-0069cd769dee,"Aplikasinya nge bug ,udah login pertama kali terus keluar aplikasi ,pas buka aplikasi malah muncul syarat dan ketentuan,terus di ceklis malah muncul sesi berakhir disuruh login , jadi gak bisa dipake",aplikasinya nge bug udah login pertama kali terus keluar aplikasi pas buka aplikasi malah muncul syarat dan ketentuan terus di ceklis malah muncul sesi berakhir disuruh login jadi gak bisa dipake,12/14/2024 15:15,1,0
155f6fea-5cd1-420e-841d-a12486600b5d,Makasih wondr saya sangat terbantu,makasih wondr saya sangat terbantu,12/12/2024 9:59,3,1
1c36ac6e-e74f-460f-af0f-1524e1c6f017,Luar biasa pelayanan wondr bni.. Mantap dan Pertahankan..,luar biasa pelayanan wondr bni mantap dan pertahankan,3/6/2025 8:26,3,1
16082965-0521-4529-ae3a-e6e85b41fe17,praktis,praktis,6/17/2025 16:18,3,1
275118cb-8e5c-4732-b0b6-acc7e51f3bd5,Suka banget sama wondr by BNI! Fiturnya mudah dipahami,suka banget sama wondr by bni fiturnya mudah dipahami,11/30/2024 15:35,3,1
645edbaa-cc89-473e-b35b-78529501cb0a,bagus,bagus,3/3/2025 7:36,3,1
822ba58e-ad3f-4005-a1f3-eeaa5b8a0ff8,notif transaksi untuk bulan April kok nggak bisa muncul min,notif transaksi untuk bulan april kok nggak bisa muncul min,4/2/2026 0:06,1,0
8a44bab5-02af-4d2c-85bc-53b8d2b0bce3,cukup,cukup,12/10/2025 20:03,3,1
9dc99ec6-4139-4bd9-a47c-2b3ccde33000,Bagus sejauh ini,bagus sejauh ini,4/13/2026 11:41,3,1
99290561-9604-4972-8da2-152ecf9cde93,semua jadi mudah,semua jadi mudah,5/29/2025 17:50,3,1
943068d6-080c-44f7-86db-dd77dec939fe,bagus,bagus,12/12/2025 11:24,3,1
bd142b13-206e-471b-bcab-305b988c1901,cukup baik,cukup baik,11/25/2025 21:46,3,1
b192a78e-8beb-4710-9bea-27bb5ddc75f9,baik,baik,2/10/2026 12:32,3,1
401c8cf6-36c0-4af7-8371-8cb6f9e82f26,"Kenapa dipengaturan tidak ada untuk notifikasi sms banking, karena saya mau merubah limit notifikasi, pakai apk bni mobile banking gak fungsi menu notifikasi sms",kenapa dipengaturan tidak ada untuk notifikasi sms banking karena saya mau merubah limit notifikasi pakai apk bni mobile banking gak fungsi menu notifikasi sms,2/12/2025 22:02,1,0
7745a59a-1f92-4527-adb0-fb001bcf46bf,mudah digunakan cuma kemaren agak ribet loginnya untuk memindah aplikasi wonder bni ke hp lain,mudah digunakan cuma kemaren agak ribet loginnya untuk memindah aplikasi wonder bni ke hp lain,1/18/2026 12:53,3,1
89c574da-3f41-4f5a-943b-31852142e5ab,"mudah, ok",mudah ok,8/4/2025 12:53,3,1
120a1cab-9b38-4484-b1cc-62eb5e4af25d,riwayat traksaksi nye tak sesuai harapan. masih bagus bniMB.,riwayat traksaksi nye tak sesuai harapan masih bagus bnimb,8/18/2024 17:54,1,0
025599cb-f3ce-4c16-96aa-454a2427e993,mantab,mantab,11/27/2025 10:48,3,1
48e08c07-6631-4201-b43e-c4cf5cd70032,Sangat bermanfaat,sangat bermanfaat,1/18/2025 22:10,3,1
14a27fe4-e2c2-4a05-87b2-7dc8b914ecc2,"praktis,simpel",praktis simpel,5/29/2026 14:44,3,1
6f335197-2b79-409b-98a2-38305076cd17,Ok,ok,4/2/2025 7:23,3,1
ae5c80ec-9c17-4e7b-9477-4e6150f70d12,TIDAK BISA CETAK MUTASI PERBULAN ATAUPUN KESELURUHAN,tidak bisa cetak mutasi perbulan ataupun keseluruhan,11/3/2025 23:32,1,0
88bd70dd-0ddf-4407-bdf5-c6e7fd20cbdc,"Well,,,welll",well welll,4/6/2025 5:39,3,1
898ce662-6316-467a-bba2-3b95dcfe61f2,sangat mudah dan membantu,sangat mudah dan membantu,5/12/2025 11:46,3,1
634e70bc-6b5b-407a-bf11-14bc81a0cc0c,mantap,mantap,5/12/2026 1:51,3,1
81ef4f6b-6cf2-4449-aa1f-80b953d618e2,oke,oke,3/1/2026 20:10,3,1
a3ed67d3-9b61-46ab-a1bd-aaefd04c3612,luar biasa membantu nasabah,luar biasa membantu nasabah,4/8/2026 18:25,3,1
147f8645-3b3e-42cc-9087-d48ef9527d99,the best,the best,3/6/2025 7:42,3,1
d41bd4b5-0238-40b8-a636-83cea5997c72,good job,good job,8/2/2025 20:37,3,1
601092c5-0396-456c-97c0-3661eee417d2,👍 manteb,manteb,4/13/2025 21:26,3,1
667e4547-0b67-4f14-9c05-b2333e18a8c1,mantap,mantap,6/6/2026 21:44,3,1
633f2f34-6840-48c8-a3f9-b2c330d7a806,"Wondr by BNI benar-benar bikin transaksi jadi simpel! Fitur login sidik jari sangat praktis, nggak ribet masukin password setiap saat.",wondr by bni benar benar bikin transaksi jadi simpel fitur login sidik jari sangat praktis nggak ribet masukin password setiap saat,12/2/2024 11:08,3,1
d6501d98-0527-43b5-9cc7-c0bad17f0f1e,mantap,mantap,5/2/2025 8:38,3,1
b102b4bc-e83a-4297-b033-acd9d1fbcf1a,jaring ok,jaring ok,5/30/2026 21:04,3,1
131b4238-b815-4bfd-a3db-78ad4e3aabbe,"Saya kasih bintang empat dulu krn sejauh ini ga bermasalah, saya donlod ini krn bni mobile nya yg justru kendala sering force close dan bukan saya aja di bni mobile seperti itu, makanya saya donlod wondr, dan alhamdulillah kendala trf aman ga force close, saldo saya juga terbaca disitu dan ada catatan mutasi saya di apk wondr ini..",saya kasih bintang empat dulu krn sejauh ini ga bermasalah saya donlod ini krn bni mobile nya yg justru kendala sering force close dan bukan saya aja di bni mobile seperti itu makanya saya donlod wondr dan alhamdulillah kendala trf aman ga force close saldo saya juga terbaca disitu dan ada catatan mutasi saya di apk wondr ini,11/12/2024 18:17,1,0
744d32c7-9f67-423a-8d4d-f3ed156cdf0e,lebih baik dari sebelumnya,lebih baik dari sebelumnya,7/14/2025 8:42,3,1
a3eed5d7-7178-4f75-b901-f3f5c20319fa,cepat baik,cepat baik,7/8/2026 15:02,3,1
a32c88df-2e18-4d51-a150-99d819384041,Terbaik,terbaik,1/17/2025 10:55,3,1
9246736c-624a-4131-9afb-781e1821a93c,luar biasa,luar biasa,12/15/2025 11:48,3,1
a7a792fc-d59d-4248-a393-4160b9f7f851,Gangguan mulu dah,gangguan mulu dah,12/5/2024 20:00,1,0
b60896c9-7a21-41d1-b2fe-af74b77ff2f1,bagus,bagus,5/5/2025 15:48,3,1
643ccd9c-9a7e-46b7-ad20-5b171f3fbb76,sangat memuaskan,sangat memuaskan,3/15/2025 15:54,3,1
e8c70896-c6be-4218-88fa-b75dbddc92b8,good,good,4/7/2026 9:12,3,1
cf96441d-addd-43a1-82fd-02cbca087d9f,sangat baik,sangat baik,3/22/2025 4:40,3,1
ddccd6a7-f577-4491-806e-98eb30d0d5fa,kenapa kalo mau masuk susah sekali tolong gimana ini,kenapa kalo mau masuk susah sekali tolong gimana ini,11/8/2025 12:45,1,0
251b0241-cbf0-4a87-8715-ec49df563c0c,sangat baik,sangat baik,11/2/2025 4:53,3,1
942acf4d-3564-48e4-9d6f-4c1fbd23ea24,Sering terjadi eror (fitur ini sedang tidak bisa di akses) sering terjadi ketika ingin menggunakan apl nya,sering terjadi eror fitur ini sedang tidak bisa di akses sering terjadi ketika ingin menggunakan apl nya,12/5/2024 20:31,1,0
458a0032-826c-4d44-9507-1b3f3a5526ed,"Terima inovasi nya buat BNI tp tolong ditingkatkan lagi n khusus untuk transfer E-wallet, tolong jangan dibatasin tonk",terima inovasi nya buat bni tp tolong ditingkatkan lagi n khusus untuk transfer e wallet tolong jangan dibatasin tonk,3/2/2025 8:14,1,0
bc94bd22-7ac4-49de-a7cf-d132e6bc144d,"sangat membantu mempermudah transaksi apapun bisa di sini,",sangat membantu mempermudah transaksi apapun bisa di sini,4/28/2025 12:34,3,1
ba249d94-1829-49cb-aa9c-b6a207ef0a63,Wondr By BNI membuat kita lebih mudah bertransaksi utamanya pembayaran Krn tidak perlu login dulu namun bisa langsung transaksi. Bravo Wondr by BNI,wondr by bni membuat kita lebih mudah bertransaksi utamanya pembayaran krn tidak perlu login dulu namun bisa langsung transaksi bravo wondr by bni,9/4/2024 18:01,3,1
65f2d8e9-e4cf-4eee-ab31-cb7e817660fe,good job 👍💯,good job,4/28/2025 13:12,3,1
26ecfb75-dc78-41bd-a3b2-ec33b478e9c1,"setelah pindah ke wondr transaksi sering nyangkut, ga bisa ajukan pengaduan/ kirim keluhan. parah..",setelah pindah ke wondr transaksi sering nyangkut ga bisa ajukan pengaduan kirim keluhan parah,3/10/2026 13:22,1,0
f7357f3a-7939-487d-a42c-eadc762247f9,sangat bagus sekali,sangat bagus sekali,10/17/2025 21:52,3,1
9b5688fa-15ee-4377-8ea6-b567fa81fdaf,terus terus terus tingkatkan,terus terus terus tingkatkan,2/25/2026 22:29,3,1
6c341623-89f1-414f-bbeb-eb83fecbcb2b,mantap,mantap,7/13/2026 10:58,3,1
4d007d95-d372-4dc5-91ac-f6dd61ba8628,membantu saya tidak perlu antri di ATM lgi,membantu saya tidak perlu antri di atm lgi,9/1/2025 18:34,3,1
fe2f80de-4204-40e9-ba43-462ccb803abc,mantap,mantap,7/27/2025 21:48,3,1
40b19632-14ba-40a1-a282-27f6a0fa78f9,"Halo, saya sudah memakai aplikasi ini dalam beberapa hari dan menurut saya ini cukup memuaskan tapi mungkin bisa ditambahkan untuk opsi pembayaran atau pembelian untuk kategori pendidikan agar memudahkan para pelajar/mahasiswa untuk melakukan pembayaran uang kuliah. selebihnya menurut saya sudah cukup bagus dan semoga kedepannya bisa lebih baik lagi",halo saya sudah memakai aplikasi ini dalam beberapa hari dan menurut saya ini cukup memuaskan tapi mungkin bisa ditambahkan untuk opsi pembayaran atau pembelian untuk kategori pendidikan agar memudahkan para pelajar mahasiswa untuk melakukan pembayaran uang kuliah selebihnya menurut saya sudah cukup bagus dan semoga kedepannya bisa lebih baik lagi,8/29/2024 15:21,1,0
a159c827-a629-43e6-ac03-abad5c891424,pelayanan lebih Gampang dan mudah,pelayanan lebih gampang dan mudah,7/15/2025 19:20,3,1
61fcbc97-2dbd-4200-afcf-318f26d15732,sangat baik,sangat baik,7/22/2025 10:48,3,1
b785c9f6-0e01-4303-9e04-0326fadb496c,sering error katanya matikan panggilan padahal sedang tidak dalam panggilan jadi harus berulang kali hapus download aplikasi,sering error katanya matikan panggilan padahal sedang tidak dalam panggilan jadi harus berulang kali hapus download aplikasi,7/20/2026 7:57,1,0
13520999-b344-4e19-8abc-9223c807060e,Sering error. padahal siang hari dan pas akhir bulan. wew,sering error padahal siang hari dan pas akhir bulan wew,11/25/2024 18:32,1,0
3e2d4172-4696-44b6-a201-00d559df9e8d,Ok banget,ok banget,9/3/2024 16:22,3,1
58f2c065-3104-4693-852e-e8d70140739c,ok,ok,6/29/2025 19:38,3,1
1265b69c-5c43-4488-9a56-52c3be84e5cb,Sering Gangguan mending M-banking Yang Lama,sering gangguan mending m banking yang lama,11/25/2024 15:10,1,0
e62b65c9-700e-429b-ae9a-39d32920d7a7,simpel dan mudah,simpel dan mudah,3/13/2025 19:51,3,1
fdcd91b6-31d8-4e2f-a2fb-d45a57af971f,lebih baik pakai BNI mobile banking,lebih baik pakai bni mobile banking,11/20/2025 7:09,1,0
1304f5bf-8b4b-4177-bc04-f7e1a81671a3,sangat membantu,sangat membantu,8/2/2025 8:05,3,1
95e42121-2bb1-40c7-8ad0-1b02fd4fe184,kicau mania,kicau mania,6/8/2026 20:44,3,1
26815dce-df5b-4070-9a91-07101620693e,bagus,bagus,5/19/2026 19:58,3,1
579c6a34-a08f-4902-9c79-2d41c98248f8,ok,ok,5/7/2025 14:33,3,1
577a8eee-4e86-48d4-a50e-b70b26eaffa5,mantab,mantab,10/28/2025 11:48,3,1
5dc10135-30df-4183-a435-24120f049a55,memudahkan segala transaksi,memudahkan segala transaksi,6/13/2026 14:54,3,1
9603465d-8179-4347-9574-eda312ae53ac,mantap,mantap,3/9/2025 0:26,3,1
8e8afdd3-8de1-4bd8-8de2-da5943365f5e,sangat membantu sekali,sangat membantu sekali,3/21/2025 19:45,3,1
f583568e-94f6-424f-ac86-bb6e7294bbd7,lancar jaya... mantap,lancar jaya mantap,6/3/2025 16:01,3,1
29d135a5-fafc-4c48-ae83-f6a304a0f722,"Sangat mudah, simpel dan untuk transaksi jooossssss",sangat mudah simpel dan untuk transaksi jooossssss,8/1/2024 8:16,3,1
4e712135-cf7b-4c36-bea8-ca0704c5d8ab,"oke , tp pernah pending saat transfer",oke tp pernah pending saat transfer,4/3/2026 7:27,1,0
4471a496-d622-4ea8-bb3c-aebb0a7d2436,Semakin mudah untuk bertransaksi,semakin mudah untuk bertransaksi,9/3/2024 15:30,3,1
614e2b80-cc50-4bd2-8ae9-0f6e5284c653,"sering error,",sering error,12/1/2025 15:31,1,0
68efc5b4-5982-4dca-b4dc-e95e18549b17,makin tak jelas aplikaainya,makin tak jelas aplikaainya,12/2/2025 0:49,1,0
45aed16e-a646-44ec-889d-081e59bc9b31,cukup baik,cukup baik,8/22/2025 18:36,3,1
d0875c9b-3a01-47cd-b46e-4cfe861a7453,Fitur dalam aplikasi ini sangat mwnudahkan untuk bertransaksi dan memudahkan dalm pengelolaan keuangan ;serta warna warni yang menarik ..,fitur dalam aplikasi ini sangat mwnudahkan untuk bertransaksi dan memudahkan dalm pengelolaan keuangan serta warna warni yang menarik,9/4/2024 22:57,3,1
10075c41-7112-4c5f-89fc-e3c27066fb3a,sampai dengan saat ini sih puas ....Tapi sayang nya kalo bayar dari bank lain tak bisa BI Fast.,sampai dengan saat ini sih puas tapi sayang nya kalo bayar dari bank lain tak bisa bi fast,7/24/2026 9:46,1,0
98be1cdb-6b39-485e-b776-91abda146381,Mantaaap,mantaaap,2/4/2025 18:19,3,1
51a19826-9032-4bea-8fb6-d0aefebce219,Knerorr,knerorr,10/8/2024 18:01,1,0
77768272-61fb-47b6-a8c8-8f6446387f58,sgt baik,sgt baik,7/9/2025 5:33,3,1
058f1f61-58d5-4966-b6b4-808f4ff2a789,aplikasi sering eror . mending aplikasi yang dulu .,aplikasi sering eror mending aplikasi yang dulu,12/1/2025 15:45,1,0
243072f1-75ce-4a61-bab8-2859d7e5a2f1,good job,good job,8/16/2025 22:57,3,1
9f9c0cf5-b398-4b15-b709-6cc044e10156,mantap 🐱🐱,mantap,7/2/2026 17:27,3,1
147087df-0da6-4f11-8c44-814fe8e10722,data bener aja gagal terus.. apa lagi data salah . jeleklah apk dari BNI ini ...,data bener aja gagal terus apa lagi data salah jeleklah apk dari bni ini,5/7/2025 13:00,1,0
d4c91ec6-baf2-4d4a-8466-1d3f89423db2,Belum ada untuk transaksi tanpa kartu,belum ada untuk transaksi tanpa kartu,7/16/2024 12:27,1,0
d09f010d-8fd8-4025-ba16-3fe0cd958138,Aplikasi ini sangat bagus. Mempermudah kita dalam bertransaksi..,aplikasi ini sangat bagus mempermudah kita dalam bertransaksi,2/7/2025 16:16,3,1
755d9642-d1a9-4fe4-855f-4d38b6d0be11,lemot,lemot,12/3/2025 8:39,1,0
32f85066-62d4-4a92-a6ae-02c62abff705,tolong yg buat gagasan apk wonder ini..apk anda sangat lemot...lebih suka apk bni mobile yg dulu..payah apk ini pdhl jringan bagus...lemot kayak masih zaman 2G...1 bintang buat gagasan apk wonder..,tolong yg buat gagasan apk wonder ini apk anda sangat lemot lebih suka apk bni mobile yg dulu payah apk ini pdhl jringan bagus lemot kayak masih zaman g bintang buat gagasan apk wonder,9/10/2024 11:59,1,0
a1e81a4f-f087-4da7-825c-c4fa4d2d51ae,Good,good,1/15/2026 19:16,3,1
c243abc9-b340-400b-8e14-7b24e42d6b54,parah ini aplikasi wonder sekarang sering banget gangguannya lagi butuh penting²nya eh malah gangguan terus susah masuk,parah ini aplikasi wonder sekarang sering banget gangguannya lagi butuh penting nya eh malah gangguan terus susah masuk,3/23/2026 11:13,1,0
c8be67ee-d932-4cb7-8e19-75eedca720fa,mantap,mantap,3/30/2025 6:16,3,1
5d657d0a-a457-461c-9bc8-92c987bdc1bd,sangat baik,sangat baik,3/15/2025 7:40,3,1
e25f5033-394c-4c4c-a6bd-32fef62333b2,"uang ku hilang, oiy pajaknya tinggi banget sumpah",uang ku hilang oiy pajaknya tinggi banget sumpah,12/30/2025 15:16,1,0
aa4fe2f8-e170-4de0-8c2f-8d7009569b4b,lancar,lancar,2/28/2025 6:46,3,1
5e93dda7-1c98-49ad-9f07-9feb956890e5,lebih simple,lebih simple,3/22/2025 2:47,3,1
0f4d3e40-057f-4f12-b4b9-f1a921655104,Kenapa dalam perbaikan sistim lama bnget,kenapa dalam perbaikan sistim lama bnget,9/30/2025 23:51,1,0
ae6ea055-f122-4d28-812a-2cce852a8900,New design fun experience.,new design fun experience,9/4/2024 9:35,3,1
efd3d618-e7bf-4b26-9dad-e43e37914c48,kebanyakan ganti password,kebanyakan ganti password,10/25/2025 9:34,1,0
6e8c3da4-3678-4d25-bebe-ade65ffa86ee,tengah malam suka lemot,tengah malam suka lemot,5/10/2025 23:49,1,0
15765782-31bd-4c29-9842-f61b504eed72,"beberapa layanan hanya bersifat pilihan tanpa kelanjutan, seperti pembayaran BPJS, pembelian paket data.",beberapa layanan hanya bersifat pilihan tanpa kelanjutan seperti pembayaran bpjs pembelian paket data,7/31/2025 19:48,1,0
43ab3731-e793-4bff-9e71-f3b548b4b9c6,bagus,bagus,7/16/2026 21:50,3,1
7e3b4d50-b251-4130-9a99-eab09d260dd8,bni wonder parah sekrng...gk bisa chat admin sekrng kita mau komplain,bni wonder parah sekrng gk bisa chat admin sekrng kita mau komplain,12/25/2025 9:33,1,0
d37197b4-7ace-4730-9f42-49d491a77dc8,Kenapa kok eror apk nya ga bisa login,kenapa kok eror apk nya ga bisa login,9/18/2024 21:55,1,0
5e35b36d-b902-4e74-8898-d9d66ba5214a,mudah untuk transaksi apa saja sangat bagus,mudah untuk transaksi apa saja sangat bagus,3/21/2025 12:37,3,1
2266d07a-6141-437c-b140-fb103a6f7999,mantap,mantap,5/24/2026 19:57,3,1
317d39a4-4bca-426a-98f1-8756f1e2a7b5,sangat bagus dan mudah menggunakannya,sangat bagus dan mudah menggunakannya,3/18/2025 16:21,3,1
28738350-e133-4fbd-b145-3ce64ac0f3fb,bgus,bgus,7/16/2025 19:31,3,1
9f8b095c-43db-45d0-a248-e3cdbd10f8f9,cepat,cepat,7/21/2025 13:55,3,1
24e39ece-60ef-44d8-986e-8dd39345a12e,Aplikasinya kereewwennn..😎 Lebih menarik dan sangat membantu,aplikasinya kereewwennn lebih menarik dan sangat membantu,9/4/2024 18:14,3,1
2968f46d-521b-4011-8bb7-c8d821579d97,"bintang 1, tiba2 logout dan sampe sekarang masih blom bisa login ke akun saya soalnya setelah saya hapus data stack di logo, tolong beri masukan agar saya dpt merubah bintang menjadi 5",bintang tiba logout dan sampe sekarang masih blom bisa login ke akun saya soalnya setelah saya hapus data stack di logo tolong beri masukan agar saya dpt merubah bintang menjadi,5/8/2025 14:26,1,0
8dbde145-fa23-42d7-a54a-a4867f01276e,jadi lebih mudah transaksi dengan wondr,jadi lebih mudah transaksi dengan wondr,4/8/2026 13:22,3,1
81bf2d09-2035-43cd-928d-b7f0a36854c2,Sanga bagus,sanga bagus,2/27/2025 18:14,3,1
a0182631-06b5-4885-85ae-43f8e848f0ff,keren,keren,1/3/2025 19:39,3,1
738bf49b-192c-4531-ae63-fb9357dfcb8b,ok banget,ok banget,5/28/2025 22:24,3,1
ecf30cab-25d2-43b3-9bf1-ed56e61d8d5d,Aplikasinya kacau.setelah transaksi transfer atau di transfer data laporanya nya tdk langsung muncul. Kita gk sllu hafal saldo terahir kita. Kita gk tau nambah saldo atau tdk. Aplikasi gak bermutu cepat di perbaiki. Uda enak e banking yg dulu malah di ubah jadi gk guna gini,aplikasinya kacau setelah transaksi transfer atau di transfer data laporanya nya tdk langsung muncul kita gk sllu hafal saldo terahir kita kita gk tau nambah saldo atau tdk aplikasi gak bermutu cepat di perbaiki uda enak e banking yg dulu malah di ubah jadi gk guna gini,2/1/2025 10:37,1,0
222febd0-e33a-4a18-a88e-79d95fc0d85d,ok,ok,12/1/2025 15:21,3,1
f3c9194d-6ae7-4d51-9ea6-7913a9286ef7,good,good,8/11/2025 5:37,3,1
d779b74d-3aa9-4a3a-acc9-2100fc1f7076,"mutasi uang masuk dan keluar sering telat muncul bisa sampai 1 hari , padahal uang sudah berkurang tapi mutasi tidak muncul. tolong segera diperbaiki untuk real time mutasinya. terimakasih",mutasi uang masuk dan keluar sering telat muncul bisa sampai hari padahal uang sudah berkurang tapi mutasi tidak muncul tolong segera diperbaiki untuk real time mutasinya terimakasih,5/29/2026 13:14,1,0
60a6f5ef-d388-4150-8b08-6f4028154342,Sangat bagus,sangat bagus,4/3/2026 13:38,3,1
e5ccd2d2-c315-4cc8-81fb-73de4f67feef,Wonder ada kendala terus ..gimana ini solusinya,wonder ada kendala terus gimana ini solusinya,10/26/2024 17:02,1,0
4f6cc090-6448-45f2-b6ae-533d217438e1,kerenn,kerenn,4/15/2025 12:46,3,1
b078b16c-1926-444c-a23b-b3edb83679e8,sipp n mantap,sipp n mantap,7/31/2025 19:55,3,1
04b574b7-1984-48bf-adcb-193b92e5eb2a,baik,baik,5/24/2026 20:28,3,1
5bd80fd2-2e8b-4212-ae30-eb0c8cea6f42,mantap,mantap,7/7/2026 3:34,3,1
16f47bce-6604-46cf-a752-dbab9b9b3279,sangat membantu,sangat membantu,7/30/2025 13:27,3,1
e83ef11b-386d-48d6-b511-28ae4c2d4cb1,sangat memuaskam,sangat memuaskam,7/16/2025 14:51,3,1
1fb4db8e-952e-4b0b-b649-582ae1b09c24,"kurang, aplikasi belum siap udah di launching, banyak kendala dan maintenance udah gitu saya kehilangan disini, di notif padahal transaksi gagal, tpi tetep ilang 150k gokilll",kurang aplikasi belum siap udah di launching banyak kendala dan maintenance udah gitu saya kehilangan disini di notif padahal transaksi gagal tpi tetep ilang k gokilll,12/1/2025 15:41,1,0
ecba408a-f609-4d26-8139-097cd70a62fb,tingkatkan,tingkatkan,3/8/2025 19:17,3,1
22c092e6-ef8d-4d01-8bb1-64d0f44a88dc,Aplikasi yang bagus,aplikasi yang bagus,12/2/2024 21:09,3,1
361881a7-ec18-46f9-92dc-7b7d128df8dd,aplikasi tolol mau buka ga bisa padahal jaringan full,aplikasi tolol mau buka ga bisa padahal jaringan full,12/1/2025 20:30,1,0
fe3ec068-7588-45f6-a58e-903a80f4c327,"aplikasinha jelek banget semalam transaksi qris tpi salldo berkurang cmn anehnya gak masuk history transaksi terakhr, tdk ada bukti dan tdk masuk gmail., sehing saya mesti ke bank lg unt komplain",aplikasinha jelek banget semalam transaksi qris tpi salldo berkurang cmn anehnya gak masuk history transaksi terakhr tdk ada bukti dan tdk masuk gmail sehing saya mesti ke bank lg unt komplain,9/22/2024 10:22,1,0
56be2e0b-94c4-4994-ad3e-3873eeb3775e,"Aplikasi sangat menyusahkan , setiap buat transakai di jam 11 - 01 malam seringa ngg bisa nya , , sangat jelek aplikasi inj 😤",aplikasi sangat menyusahkan setiap buat transakai di jam malam seringa ngg bisa nya sangat jelek aplikasi inj,5/15/2025 1:27,1,0
ae814935-93b5-458d-9451-1140a1396cd8,sangat baik,sangat baik,7/3/2025 20:32,3,1
a14ee90a-37f8-4da8-b307-ef110801fd90,ini Kok Tambah Ribet Sih. salah masukin PIn WONDR biasa lgsg bisa aktivasi sendiri yang penting data lengkap. Lah kok sekarang Musti Ke Kantor Cabang BNI. BUAT SUSAH SAJA KALIAN. LAMA2 ANE TUTUP BUKU SAJA SEKALIAN,ini kok tambah ribet sih salah masukin pin wondr biasa lgsg bisa aktivasi sendiri yang penting data lengkap lah kok sekarang musti ke kantor cabang bni buat susah saja kalian lama ane tutup buku saja sekalian,3/28/2025 7:30,1,0
b81398ee-1c03-4b97-acd9-57f81396209a,sangat membantu,sangat membantu,3/7/2025 12:51,3,1
fe843f03-0a7b-4d76-9fc0-7abfc400ad34,aplikasi rumit dalam ferivikasi wajah apalagi saat berkedip susah nya gagal terus.,aplikasi rumit dalam ferivikasi wajah apalagi saat berkedip susah nya gagal terus,9/4/2025 12:44,1,0
8b7f2efb-4556-43c6-98af-766fb98451ee,aplikasi belum siap rilis tapi buru buru amat buat di rilis,aplikasi belum siap rilis tapi buru buru amat buat di rilis,11/25/2024 13:13,1,0
567bdc15-dd36-4cd1-92ca-77623a4307ca,Saat mengganti HP tidak ribet seperti aplikasi M Banking sebelumnya,saat mengganti hp tidak ribet seperti aplikasi m banking sebelumnya,12/2/2024 3:55,1,0
b5d8b905-856b-4e74-9cb4-ef43b95363d7,baik,baik,8/25/2025 10:30,3,1
0349483b-3199-49fe-92b7-c4e9c80de84a,"KONEKSI TIDAK ADA TERUS, PADAHAL BUKA YANG LAIN INTERNETNYA LANCAR, DAN GA DI SATU HP AJA MASALAH YANG SAMA",koneksi tidak ada terus padahal buka yang lain internetnya lancar dan ga di satu hp aja masalah yang sama,12/1/2025 17:27,1,0
4c8a3949-8432-4d27-9664-99a1fe6e2acb,pelayanan bagus,pelayanan bagus,6/25/2026 12:37,3,1
64ab8f40-1703-4cc5-85d9-1a49458f6248,"Lebih cepat, mudah, nyaman aksesnya dan tersedia quick access transaksi Qris, e-Wallet dan Tapcash..",lebih cepat mudah nyaman aksesnya dan tersedia quick access transaksi qris e wallet dan tapcash,9/3/2024 14:05,3,1
f7416f00-833d-4c9b-ad9e-7faa7c5c31ec,Aplikasi wondr sangat keren dan sangat memudahkan dalam melakukan semua transaksi..🎖,aplikasi wondr sangat keren dan sangat memudahkan dalam melakukan semua transaksi,7/8/2024 20:39,3,1
1b6c24b4-9cd1-42f6-b08e-7938cacc81b3,baru mau menciba semiga amanah,baru mau menciba semiga amanah,4/8/2026 8:10,3,1
89d79a0e-ccb0-48c1-84ab-9d6b8c8bcea1,Emang skrng lgi gangguan?,emang skrng lgi gangguan,11/25/2024 18:01,1,0
cbc0f2bd-e744-49ee-8373-a8cbdb3924f1,Cocok,cocok,10/7/2025 21:33,3,1
a6ded8db-2a28-4dab-9563-e6bfb28e922e,"app ini snagat bagus, tp karna ulah BPATK saya harus ambil semua uang saya karna sudah tidak ada yang bisa menjamin uang saya aman simpan di bank",app ini snagat bagus tp karna ulah bpatk saya harus ambil semua uang saya karna sudah tidak ada yang bisa menjamin uang saya aman simpan di bank,8/1/2025 8:55,1,0
1ae14c87-4dec-4ddd-bc2a-ce91bcbccd8b,kenapa selalu lama ketika membuka? menghabiskan waktu saja!,kenapa selalu lama ketika membuka menghabiskan waktu saja,11/28/2025 10:49,1,0
b9fec55d-cb59-4cb2-98e5-0406313d1902,cepat,cepat,6/6/2026 15:04,3,1
284dd363-e782-4fb5-a311-217bc1561f66,good,good,12/15/2025 15:23,3,1
a8a8d4b2-8626-4669-ab88-aab52991a208,apa apa ada dan cepat.terimakasih,apa apa ada dan cepat terimakasih,3/2/2025 18:14,3,1
080b96dc-dec0-47a5-9040-ed6d3edb66c4,"ga jelas dahhh suka ga bisa login, dari m banking bisa login!!",ga jelas dahhh suka ga bisa login dari m banking bisa login,7/15/2025 23:49,1,0
c1519f6e-be7a-40f7-8e47-563c3621ddf1,sangat bagus,sangat bagus,3/11/2025 16:47,3,1
cf575e34-0873-4556-bfdb-50e8f423e28e,"weeyyy, kok pemeliharaan di jam jam siang. ini gua mau bayar makan malah stuck !!!!!",weeyyy kok pemeliharaan di jam jam siang ini gua mau bayar makan malah stuck,10/23/2025 12:35,1,0
818b482c-1a77-4d97-8b6d-64398193a986,terbaik,terbaik,7/20/2025 17:13,3,1
2354341d-8a36-4e05-a29c-4869c4e498df,bagus,bagus,1/3/2026 13:52,3,1
d06571ba-5739-4b35-93b0-32f0b698cdc3,sangat bagus,sangat bagus,8/11/2025 20:11,3,1
8135eb13-2f44-4ac5-a080-f935066928f2,perfect,perfect,4/21/2026 12:47,3,1
f9bd8b6f-22b2-4ae2-b738-9c1f02014c1c,oke,oke,7/25/2025 10:31,3,1
43b7679c-351f-4ac3-b04a-06f7f7f115f7,"untuk apa ada fitur ""tarik tunai tanpa kartu"" kalau kartu atm sudah expired tetap tidak bisa menggunakan fitur ini sama juga bohong.",untuk apa ada fitur tarik tunai tanpa kartu kalau kartu atm sudah expired tetap tidak bisa menggunakan fitur ini sama juga bohong,6/6/2026 7:20,1,0
9536a8ad-eb71-4f46-95ff-c6060309504d,sangat bagus sekali,sangat bagus sekali,10/21/2025 14:21,3,1
45512aca-3c8e-4f82-a230-1c2e72985622,payment tadi dibilang belum berhasil tapi saldo dalam rekening ikut berkurang.,payment tadi dibilang belum berhasil tapi saldo dalam rekening ikut berkurang,2/4/2025 11:41,3,1
45603ceb-290e-4e19-a74b-91f6f9ab2550,siip,siip,8/11/2025 13:17,3,1
62b67d54-f115-41f6-9229-e1777bbb3cbd,good,good,11/9/2025 15:31,3,1
08fc73d8-aec5-4174-9a08-3a2e19655469,"cepat,tepat,aman",cepat tepat aman,2/26/2025 6:46,3,1
6ff38073-5b66-42f8-839a-5395a640d890,mantappp,mantappp,4/17/2025 8:11,3,1
21a81769-6ee4-474e-be64-a43ad3ab9a60,"wah makin ga ada kualitas ni apk nya, yg lama susah transaksi dan yg baru makin parah. kalo belum siap dan belum bisa di jakankan dengan sempurna jgn di rilis apk nya merugikan pengguna jadi nya, udh ga wort it ini pake BNI makin ga jelas, lama² duit yg hilang jadi nya",wah makin ga ada kualitas ni apk nya yg lama susah transaksi dan yg baru makin parah kalo belum siap dan belum bisa di jakankan dengan sempurna jgn di rilis apk nya merugikan pengguna jadi nya udh ga wort it ini pake bni makin ga jelas lama duit yg hilang jadi nya,12/1/2024 4:53,1,0
a74e1766-250b-41a0-b182-5b67451b8163,baik,baik,2/27/2026 19:13,3,1
11dc0819-64b2-4ddb-ae6d-3cbbb70c3a2b,aplikasinya sedikit berat.. mudahan admin memperbarui.. dan tampilan nya juga masih kurang di pahami,aplikasinya sedikit berat mudahan admin memperbarui dan tampilan nya juga masih kurang di pahami,7/30/2024 10:52,1,0
cdc0be41-0e38-45ed-8c83-871315f71e06,Good,good,7/29/2025 8:32,3,1
f6c47d65-aad7-4013-b891-40fe20e5fafe,Mantap Betul....,mantap betul,8/26/2025 11:33,3,1
69c7eebb-a827-49e0-b01c-2429553ec36c,"Log in ny ribet,..",log in ny ribet,10/15/2024 8:42,1,0
7e4f2660-73db-4ff3-adb9-d43fd0ca5ca8,Cepat dan mudah,cepat dan mudah,10/15/2024 12:07,3,1
9281ce8a-e410-4e10-bf0b-3ac391001fac,sangat senang,sangat senang,2/26/2025 3:58,3,1
2ba0396b-fb4b-4cbd-ad8f-4212b159aaf1,Parah sekali aplikasi nya kenapa waktu saya mau transaksi harus gangguan kyk bgini woe BNI bikin saya rugi sama castemer saya.,parah sekali aplikasi nya kenapa waktu saya mau transaksi harus gangguan kyk bgini woe bni bikin saya rugi sama castemer saya,11/25/2024 19:16,1,0
acdc384a-3e25-442e-9c33-83fb2f1b9490,ini aplikasi ngeselin banget di suruh daftar ber ulang ulang kadang ke adaan darurat di suruh daftar mana ada KTP kalo lagi gak di rumah pokok nya buruk dah dan kenapa tiap ada uang keluar masuk gak ada notif kadang meski ada sangat lambat kalo transaksi pagi kadang notif nya baru muncul siang atau sore,ini aplikasi ngeselin banget di suruh daftar ber ulang ulang kadang ke adaan darurat di suruh daftar mana ada ktp kalo lagi gak di rumah pokok nya buruk dah dan kenapa tiap ada uang keluar masuk gak ada notif kadang meski ada sangat lambat kalo transaksi pagi kadang notif nya baru muncul siang atau sore,7/10/2025 20:22,1,0
19000dae-c567-45df-8a1a-31406faa82b5,oke,oke,7/14/2025 6:16,3,1
b5bb6331-4c66-4e8f-801d-e5b3ecfccffb,AOLIKASI YG SANAGAT LUAR BIASA...MEMUDAHKAN NASABAH UNTUK BER TRANSAKSI.,aolikasi yg sanagat luar biasa memudahkan nasabah untuk ber transaksi,7/11/2025 23:11,1,0
9778ae34-da9a-49bc-b0a5-ff8c3120d0eb,oke,oke,2/22/2025 10:51,3,1
7a6fcaa9-b40b-46e1-a41c-be8262c38eb1,aplikasinya jelek ga ada fitur tarik tunai tanpa kartu,aplikasinya jelek ga ada fitur tarik tunai tanpa kartu,2/5/2025 13:57,1,0
6bb84cd9-795c-4ee5-b533-90c1efd86ef1,mantaaap,mantaaap,6/16/2026 21:20,3,1
f0023820-a4c5-4358-bd07-b5dce4722413,nggak bisa d buka wonder nya knapa y,nggak bisa d buka wonder nya knapa y,6/11/2026 0:42,1,0
260c0d47-0ef4-4750-8459-47606863886e,sangat baik,sangat baik,8/30/2025 18:39,3,1
3ce798f2-830a-4abe-988f-f953446da947,mantabb,mantabb,2/19/2025 15:02,3,1
7ffd10f9-e778-4dff-ba2e-2c64d98835d9,ribetbya cuma di verifikasi wajah aja sih serba salah pdahal uda ngikutin panduannya,ribetbya cuma di verifikasi wajah aja sih serba salah pdahal uda ngikutin panduannya,12/9/2024 13:00,1,0
603f833c-3915-4314-b7e8-1fc5c78144da,Luar biasa,luar biasa,7/17/2025 17:28,3,1
d2fed12a-b650-4eb5-a3ff-6384f1adc12a,"tolong donk bni wonder, kenapa mau transfer selalu gagal",tolong donk bni wonder kenapa mau transfer selalu gagal,11/17/2025 6:58,1,0
3d308673-947f-4be4-83eb-5543ac40e105,"ALHAMDULILLAH ,,, terimakasih",alhamdulillah terimakasih,4/12/2026 6:27,3,1
b04796c9-b89c-4ac8-a4f8-c0e37c342594,sangat baik,sangat baik,5/18/2025 15:33,3,1
a5bce12a-c8d8-4c87-ae5f-eb8297918840,the best,the best,5/29/2026 17:51,3,1
e83ef605-f724-4baf-bbfb-95846393c9fc,bagus,bagus,11/8/2025 1:47,3,1
12f0c575-9507-4039-bd89-450fe64747d9,mantap,mantap,7/27/2025 11:54,3,1
e5b365e8-1d45-440a-8004-87e51a881858,"jika ada debit atau kredit yg masuk, langsung sertakan sisa saldonya juga. Kayak aplikasi yg dulu. Jadi lebih jelas. Mohon diperbaharui.",jika ada debit atau kredit yg masuk langsung sertakan sisa saldonya juga kayak aplikasi yg dulu jadi lebih jelas mohon diperbaharui,3/18/2025 5:59,1,0
4f021cdf-206b-4c91-82af-e90d4cf278c8,wonderfull app,wonderfull app,7/11/2025 6:01,3,1
1248315b-55b3-4fb7-8ab2-0be1a0b43192,mantap,mantap,6/27/2025 1:43,3,1
44099a97-f467-470e-9577-fbacfaabac36,Aplikasi ga guna mau update malah gabisa mau pake apk lama gabisa juga gaguna bat apk,aplikasi ga guna mau update malah gabisa mau pake apk lama gabisa juga gaguna bat apk,11/13/2024 20:20,1,0
05d1114e-37ed-40ce-8600-3b81ec23d60d,Bagus,bagus,3/16/2026 15:26,3,1
63e805d1-f9e1-4a51-af44-cde2b50c41d7,sangat memuaskan,sangat memuaskan,5/20/2026 9:48,3,1
ec7a6fc4-adcc-4634-9791-a71d9bd92b6a,kami sangat suka,kami sangat suka,11/27/2025 20:55,3,1
f3fff770-3096-4a7e-945c-aa6cc8c47541,"Aplikasi MBanking paling ribet, telat pake , harus verifikasi KTP, wajah, mending kalo di rumah , sekali di tempat umum masa harus buka mulut , kedip kedip kek mau nyolong pinjol..",aplikasi mbanking paling ribet telat pake harus verifikasi ktp wajah mending kalo di rumah sekali di tempat umum masa harus buka mulut kedip kedip kek mau nyolong pinjol,1/3/2025 12:16,1,0
25cbc97b-4d27-4ef7-85f3-a4c82d206619,bagus,bagus,6/22/2026 16:04,3,1
d9d607bf-d34c-452e-aaf6-edbab4050d8f,lebih mudah pembayarannya,lebih mudah pembayarannya,3/1/2026 10:32,3,1
0e559138-77de-4c0f-baf4-746f0d78d752,Mantap.. 👍,mantap,7/25/2025 12:33,3,1
d8f2bd16-f7f7-4a1f-8e85-ed5b52093abf,mantap,mantap,10/20/2025 22:27,3,1
03d7cfb0-77be-4f9f-9a57-87d041c27352,yuuuhuuu,yuuuhuuu,1/4/2026 0:36,3,1
76791d75-625d-469b-90d9-8bf556b28053,Bni wonder problem lama sekali hampir 3jam,bni wonder problem lama sekali hampir jam,11/25/2024 18:25,1,0
0a5340ff-df59-432c-bd49-7bdf7f5984b6,"mengecewakan, pas mau bayar di mall tiba-tiba aplikasi tidak bisa dibuka",mengecewakan pas mau bayar di mall tiba tiba aplikasi tidak bisa dibuka,12/1/2025 17:08,1,0
ec0b65d3-518b-40de-8d4e-7553f036c8ed,ngapa sering ganguan mulu aja ?,ngapa sering ganguan mulu aja,2/17/2026 1:04,1,0
b73faf96-4d1b-499b-9f84-3bd3f72bbf78,segalanya mudah,segalanya mudah,7/3/2025 13:36,3,1
0a44f48e-f1f6-44a5-86b7-9e9c2fb1d5d2,Ok,ok,5/18/2026 13:56,3,1
11e662b5-bac0-4e50-90e6-c38bd7d7f18d,sangat membantu saya dalam bertransaksi trimakasih.🙏,sangat membantu saya dalam bertransaksi trimakasih,3/28/2026 12:20,3,1
8636f511-1adf-4165-80b9-8f6521aa2bd2,Sangat membantu,sangat membantu,12/13/2024 16:18,3,1
675320a0-49f1-470f-b14d-d4aa3e474259,Mantap simpel mudah digunakan,mantap simpel mudah digunakan,9/4/2024 6:29,3,1
b980adcc-80c6-4c2c-9288-db7d6a8a4f2e,keren,keren,5/15/2026 13:11,3,1
5cd962af-78ad-4281-ac3c-b8cf053617c4,oke mantap aplikasi nya,oke mantap aplikasi nya,11/7/2025 21:49,3,1
4edac761-e06e-4112-ac97-14b21082fa27,"Visual dari aplikasinya sangat menarik, dan lebih simpel",visual dari aplikasinya sangat menarik dan lebih simpel,9/3/2024 18:37,3,1
c352e810-4a8b-4bac-be56-ef5c907d8bd2,"Klo di Mbanking sebelumnya ada fitur simpan transaksi spt contoh bisa simpan nomor hp, listrik, daftar transaksi, dll. Jadi gaperlu isi data nomor hp, listrik, berulang kali tiap mau transaksi. Tapi d wondr ga ada fitur, atau barangkali saya yg belum paham. Mohon penjelasannya, nanti saya kasih bintang 5",klo di mbanking sebelumnya ada fitur simpan transaksi spt contoh bisa simpan nomor hp listrik daftar transaksi dll jadi gaperlu isi data nomor hp listrik berulang kali tiap mau transaksi tapi d wondr ga ada fitur atau barangkali saya yg belum paham mohon penjelasannya nanti saya kasih bintang,8/31/2024 21:58,1,0
653d6cb7-5b20-439e-91ed-a07827d1b573,Verivikasi wajah nikin ribet jadi bikin repot aja ini aplikasi (uninstal ajalah bikin kecewa),verivikasi wajah nikin ribet jadi bikin repot aja ini aplikasi uninstal ajalah bikin kecewa,10/3/2024 15:42,1,0
e11cbfc0-a9f8-41fd-88f7-f11ce49585e4,bni ga bisa tf klo jam 1 mlm kocakkk,bni ga bisa tf klo jam mlm kocakkk,3/29/2025 1:32,1,0
910d463c-3e2e-4b78-b5a4-640f63389d18,bagus,bagus,6/8/2026 19:33,3,1
2cf23bda-1d07-4d35-9fcb-bf9dd5c964e7,Lebih praktis dan simpel ngak perlu cetak rekening koran lagi,lebih praktis dan simpel ngak perlu cetak rekening koran lagi,7/18/2024 11:27,3,1
37cebb93-c020-4c28-b6e4-38bedc2ab633,Sangat bermanfaat aplikasi ini.. Bgus dan gampang di gunakan.. Smoga BNI SELALU jaya bravo,sangat bermanfaat aplikasi ini bgus dan gampang di gunakan smoga bni selalu jaya bravo,9/4/2024 7:50,3,1
6243e153-d36f-4b20-95b9-412a9da5199d,sangat membantu dan mudah,sangat membantu dan mudah,3/29/2026 18:42,3,1
b518881c-9aa8-43bd-a37c-f00a1b2dff90,gam0ang banget untuk. transaksi di bni sekarang...top dah,gam ang banget untuk transaksi di bni sekarang top dah,10/7/2024 12:49,3,1
03018573-ad70-4596-81a1-b0aac9462b0c,ok bgt,ok bgt,2/17/2026 20:55,3,1
fd83f7ec-5a5f-4b20-93b1-c835760f90a2,baik,baik,4/21/2025 14:30,3,1
28cfd8ee-6967-466d-9b07-e0187a7faeec,Transaksi Lebih mudah . Dan aktivasinya tidak ribet .. Tampilan lebih berwarna 😇😇😇,transaksi lebih mudah dan aktivasinya tidak ribet tampilan lebih berwarna,9/3/2024 14:30,3,1
41afc879-d875-47f3-90a3-ae66031de2cd,bagus,bagus,7/28/2025 5:24,3,1
2540c86c-372d-4aca-a94b-5439f5027ac8,terima kasih wondr by BNI,terima kasih wondr by bni,7/15/2025 10:59,3,1
eeb89128-d44c-4475-be0c-2300284d4276,error mulu yak,error mulu yak,11/25/2024 22:19,1,0
c0113bb5-7545-484b-840e-4d61be9b773a,"mulai pagi sampai malam ini, kenapa aplikasi nggak bisa dibuka selalu ada peringatan ""kamu tidak tersambung ke internet"" padahal buka aplikasi bank lain lancar bahkam main game juga lancar...",mulai pagi sampai malam ini kenapa aplikasi nggak bisa dibuka selalu ada peringatan kamu tidak tersambung ke internet padahal buka aplikasi bank lain lancar bahkam main game juga lancar,12/1/2025 19:08,1,0
3547b61c-a5d0-40e3-bc76-c5d251c9281a,memudahkan,memudahkan,6/14/2025 9:49,3,1
119d80cc-b558-4a5d-80fe-5c314cace1c8,keren,keren,6/5/2025 11:23,3,1
8181a5d9-2993-4a00-bb47-57444620a47e,mudah simpel dan praktis,mudah simpel dan praktis,11/13/2025 16:45,3,1
69ab275e-d48a-4610-b662-b46a1f2085ca,"dua kali transaksi di wondr BNI gagal terus dan saldo berkurang, tapi sudah seminggu lebih dana tidak kembali",dua kali transaksi di wondr bni gagal terus dan saldo berkurang tapi sudah seminggu lebih dana tidak kembali,4/7/2026 9:51,1,0
b878c483-d74b-48fd-a067-44bda31f5b05,udah ke bank nya jg masalah kamera depan yg burem tidak bisa diatasi sama cs nya.. auto beralih pindah bank ini.. dari tahun 2014 pake bni sampe skrg 2025.. nol,udah ke bank nya jg masalah kamera depan yg burem tidak bisa diatasi sama cs nya auto beralih pindah bank ini dari tahun pake bni sampe skrg nol,7/21/2025 10:06,1,0
9385b104-9754-4f68-83aa-1dfb8c2e0867,good,good,1/21/2025 12:12,3,1
490e3fdf-d367-4716-9a0c-9fc23d41ee7d,"Alhamdulillah, proses pembayaran non tunai jadi lebih mudah.",alhamdulillah proses pembayaran non tunai jadi lebih mudah,7/15/2025 12:26,3,1
754b69a1-3734-45da-83d6-fe2e886b605e,apk bagus sekali,apk bagus sekali,12/24/2025 9:18,3,1
77c72719-6fe2-46b0-acdc-456a913e7b59,sangat mmbantu,sangat mmbantu,7/31/2025 13:35,3,1
71f3d438-05e8-495a-bf2f-ee89c39a3f0a,baik,baik,7/19/2026 7:05,3,1
909850a5-7109-4486-8d6f-db149f03a186,baik,baik,4/27/2026 18:50,3,1
997e88fa-51f9-445a-b285-86306d9d5536,Good 🥰,good,11/25/2024 20:31,3,1
df4f6134-4804-4272-9203-c6ac6f62b235,transaksi virtual acount dibatasi... not recomended...,transaksi virtual acount dibatasi not recomended,7/17/2025 11:11,1,0
705d1735-474b-4edc-8a80-b5ca22c43d3c,bagus,bagus,9/17/2025 12:29,3,1
da1e1053-6905-4c61-9a50-26f4ff2a71d2,"praktis lebih efisien, smoga kedepan lbih cangih lagi",praktis lebih efisien smoga kedepan lbih cangih lagi,12/18/2025 23:19,3,1
8c660b31-7d40-4660-8d19-2a6b1bf21c77,mantap,mantap,9/6/2025 16:12,3,1
7d01dc9e-d10e-49a9-b6e6-97f337be3c73,tampilan aplikasinya keren gen z banget ya lebih modern selama pake wondr enak ajasi gk banyak biaya admin,tampilan aplikasinya keren gen z banget ya lebih modern selama pake wondr enak ajasi gk banyak biaya admin,3/3/2025 9:01,3,1
0ec6afdf-699c-42ef-a812-b6d34dff35fb,mantap,mantap,11/11/2025 8:51,3,1
074a403e-37d7-4250-b058-8ec5fa727720,sangat memuaskan,sangat memuaskan,5/27/2025 11:26,3,1
7bc4b16b-75ac-4650-9f04-13b6805d51be,Oke,oke,1/17/2025 13:28,3,1
51c9215e-efe6-4f4f-8627-74731d9ac7a1,"Mantap terbarunya mobil banking bni,dari apl terbaru wonder bisa aktivasi riset pin,Tampa harus ke kantor lagi🤩👍🏼👍🏼👍🏼",mantap terbarunya mobil banking bni dari apl terbaru wonder bisa aktivasi riset pin tampa harus ke kantor lagi,2/13/2025 20:02,3,1
d7c884f0-49f3-4820-a7bb-0f59476f4762,cepat aman,cepat aman,11/14/2025 20:19,3,1
0b626a08-2225-47e6-ae93-73a0917677f6,suka banget pakek wondr soalnya mudah dan gak ribet,suka banget pakek wondr soalnya mudah dan gak ribet,3/1/2025 14:24,3,1
6c95c530-2855-43fe-b836-56ff1aefc648,good,good,9/1/2025 21:39,3,1
2dad1926-e1e0-41ce-8d2e-bfc08c28b1fb,mohon bantuannya sekarang juga status pengiriman belum berhasil saldo saya sudah berkurang..segera lo ini duit di tungguin orang,mohon bantuannya sekarang juga status pengiriman belum berhasil saldo saya sudah berkurang segera lo ini duit di tungguin orang,4/1/2026 14:13,1,0
88c1f719-a219-446a-97f1-fd461ca165a7,mantabs banget,mantabs banget,9/3/2024 12:39,3,1
8823c0b7-b242-42e0-9cf0-0f0a2b02c233,okee,okee,11/1/2025 19:36,3,1
cd7c9720-a676-4c07-8645-835573aae76c,good,good,4/17/2026 22:44,3,1
98f01d96-a26d-4bbe-b0d5-e83345963ee8,good SGT cepat,good sgt cepat,6/11/2026 16:35,3,1
c6d3e346-1de5-4d04-ba05-ef1bbceff8a9,ok,ok,6/30/2025 15:34,3,1
a4dcee3d-740e-4f28-8594-89c3f0fcd1c4,baik,baik,11/15/2025 11:35,3,1
0a2da68c-7647-45a4-924e-2464aa0a2c2f,lebih mudah akses,lebih mudah akses,4/1/2026 17:27,3,1
408c816d-cbe8-4da9-b473-70de6196ca82,baik,baik,8/23/2025 18:23,3,1
515e3173-549c-4297-b6c9-ef40ea343641,sangatttttt bagusssss,sangatttttt bagusssss,9/26/2025 17:04,3,1
67e310be-ca44-4172-aa5c-7e652d211b9e,"Kebnyakan perbaikan di jam 11 malam dan ttidak berhasil tf nya padahal saldo ada ,,aplikasi setan",kebnyakan perbaikan di jam malam dan ttidak berhasil tf nya padahal saldo ada aplikasi setan,7/19/2025 0:39,1,0
bc936209-0484-4157-9e95-97ab8cb60841,Menten bisa seharian full padahal app buat kerja.. luarbiasaaaa,menten bisa seharian full padahal app buat kerja luarbiasaaaa,11/25/2024 22:02,1,0
3d98d065-ddf8-4de0-a7d5-8d84528c4f16,"sering trobel wonder, lama lama aplikasih gk jelas",sering trobel wonder lama lama aplikasih gk jelas,12/1/2025 14:06,1,0
1829e635-2c43-4728-a56a-c44ef2f6f402,Mantap,mantap,3/19/2025 23:48,3,1
7241a476-c84e-4c82-8ff3-bc8c6f99e420,Menggunakan aplikasi wondr sangat membantu dan memudahkan. Tingkatkan terus pelayanannya.,menggunakan aplikasi wondr sangat membantu dan memudahkan tingkatkan terus pelayanannya,7/10/2025 16:18,3,1
03f8a468-9132-4782-8e5f-c7dcff1a6b1f,siipp,siipp,4/28/2025 19:57,3,1
cb4e3d70-29e0-4ccf-883b-07d43bb0a73f,sangat membantu serta memudahkan,sangat membantu serta memudahkan,2/24/2025 8:47,3,1
4f99d1e8-2839-441e-969a-13633ec31537,sangat terbantu dengan aplikasi ini. terima kasih,sangat terbantu dengan aplikasi ini terima kasih,10/5/2025 14:42,3,1
ca930ea8-90fc-49d8-a7bb-a1df8c49327f,mantap,mantap,10/30/2025 17:14,3,1
ee26795e-af6c-4e4b-93eb-84300bc91563,"Aplikasi aneh,masa verifikasi foto gagal terus padahal muka sendiri bukan muka orang lain",aplikasi aneh masa verifikasi foto gagal terus padahal muka sendiri bukan muka orang lain,9/9/2024 12:41,1,0
0005e44c-a8d4-4959-aee0-beb914573046,bagus,bagus,2/26/2025 17:12,3,1
36d9b5e7-b68a-4c1c-87e1-688ad8b5dfb2,Kenapa sering error ya,kenapa sering error ya,11/25/2024 15:15,1,0
c832f00a-2485-4409-a91d-51e9133dc9e2,puaskan,puaskan,12/2/2025 19:13,3,1
a1543f6e-7b68-40ac-ab5d-83c0ba5cd41b,BNI MANTAP,bni mantap,10/1/2025 19:09,3,1
e8a04c4b-accb-4dc6-bdae-289d5ee68419,sangat membantu,sangat membantu,3/11/2025 20:04,3,1
4928d0ef-582e-4929-b8c0-8edf77120a5b,Kenapa tidak bisa masuk ke aplikasi. Padahal kuota ada dan jaringan juga bagus. Mohon bantuannya.,kenapa tidak bisa masuk ke aplikasi padahal kuota ada dan jaringan juga bagus mohon bantuannya,12/1/2025 17:25,1,0
93fd0bbd-bccd-433e-bc18-f755a0add920,sangat mudah untuk transfer uang,sangat mudah untuk transfer uang,5/22/2025 21:12,3,1
17f2608e-0e69-447b-bf1a-2db12aa7e570,SERING BANGET ERROR NYA. BIKIN SUSAH AJA.,sering banget error nya bikin susah aja,12/9/2024 22:29,1,0
2dc629e8-f55b-4923-9018-86c6b73e011a,sangat membantu,sangat membantu,5/8/2025 7:43,3,1
be5068b1-59a3-4606-a4e8-7a40fcba2652,sangat mudah di aplikasikan,sangat mudah di aplikasikan,6/25/2026 14:11,3,1
a69c55a5-6462-4ee3-afc5-98b2c37dd48d,sangat bagus,sangat bagus,12/5/2025 17:48,3,1
b2c86eb7-1c7f-4a97-a5d4-0f8592db19b7,ok,ok,4/30/2025 11:48,3,1
a19339d4-ebe3-4859-9066-88d28fa0ac4c,ok,ok,2/28/2025 18:05,3,1
b642ab1e-0ca5-46c4-8fd4-1da7f1016be7,Sangat mudah,sangat mudah,9/13/2025 11:19,3,1
b579ab7f-2a8c-4604-aec2-442d377abd71,jadi Cepat dan Mempermudah Transaksi.,jadi cepat dan mempermudah transaksi,3/16/2025 17:03,3,1
6ab688d7-6d52-4d06-8f77-089380afc739,"BNI wonder jelek jelek jelek ,pas tarik tunai tiba tiba ga bisa keluar ,terus di mbanking di hp juga suka hilang kalo pas TF ke dana terus ga berhasil ,nyesel pake BNI wonder jelek jelek gua paling nyesel pake bank ni",bni wonder jelek jelek jelek pas tarik tunai tiba tiba ga bisa keluar terus di mbanking di hp juga suka hilang kalo pas tf ke dana terus ga berhasil nyesel pake bni wonder jelek jelek gua paling nyesel pake bank ni,12/10/2025 19:56,1,0
a527918d-405e-41ee-9e0c-bf57eed96d0b,terbaik,terbaik,2/5/2026 13:15,3,1
2a6e6c84-c8b0-4f07-9d3f-9e7a8e61ab69,mantab,mantab,3/7/2026 12:49,3,1
e5095b5a-6411-471e-bd26-ea417d00d4af,Sangat membantu dan lebih menarik,sangat membantu dan lebih menarik,9/3/2024 21:59,3,1
369e484a-eb6a-429b-aeba-efed99dd0a55,"Saking bagus ya ni aplikasi ⭐ bintang ya sampai melebihi batas tdk wajar 3,1",saking bagus ya ni aplikasi bintang ya sampai melebihi batas tdk wajar,2/12/2025 17:49,3,1
2d95eac9-e637-4e50-95f2-4e3537996390,"Gagal terus verfikasi, aplikasi blm siap sepertinya.",gagal terus verfikasi aplikasi blm siap sepertinya,12/14/2024 17:17,1,0
6154eef9-78d3-4a4e-86f6-549a8153d6fa,aplikasi gak bisa kebuka,aplikasi gak bisa kebuka,4/27/2026 14:09,1,0
bea46710-d3e8-46ee-9f10-365821714eb2,kebanyakan kendala lama lagi sampah,kebanyakan kendala lama lagi sampah,2/13/2025 3:28,1,0
1ca7772e-e2f9-4c16-865c-4f99e1f46b31,"Wondr by BNI, mudah untuk transaksi, tampilan keren...👍👍",wondr by bni mudah untuk transaksi tampilan keren,9/3/2024 17:54,3,1
3a7d498f-e3d4-4087-ba69-fdfcc0365925,keren,keren,5/16/2026 19:47,3,1
23a70185-d129-432b-9152-a1fe228a8794,bagus,bagus,2/2/2026 23:09,3,1
10e895ca-c263-4e25-bdda-f9812a04b6d6,susah bgt buat daftar wonder,susah bgt buat daftar wonder,10/16/2025 19:40,1,0
160c6fa3-6f85-4c67-b36b-2f403bcfbf73,"tidak bisa melakukan transaksi pembayaran pdam....selalu error,,pdhal d bank lain bisa",tidak bisa melakukan transaksi pembayaran pdam selalu error pdhal d bank lain bisa,5/1/2025 21:33,1,0
6e0a6975-a51b-433a-a923-2d28bbee2c46,keren,keren,4/7/2026 12:25,3,1
8e4a67a8-6b35-4af4-9f7e-979c298b4e37,Erorr gk tersedia/ Udah daftar sruh daftar lagi ferivikasi wajah gk pernah jadi bagus BNI yang lama,erorr gk tersedia udah daftar sruh daftar lagi ferivikasi wajah gk pernah jadi bagus bni yang lama,11/26/2024 21:27,1,0
98e1d044-a4d0-40c2-b423-b8d4d372c4d2,bagus mepermudah,bagus mepermudah,8/1/2025 6:33,3,1
9597088f-4124-4718-ab32-08ad0657281f,Lebih baik dan lebih bagus dari apk sebelum nya,lebih baik dan lebih bagus dari apk sebelum nya,10/25/2024 14:14,3,1
fc4eb2e0-c1a3-47bb-8ba4-8debe280a569,Cepat dan aman.,cepat dan aman,1/3/2026 12:37,3,1
3ef42ab8-52fc-4588-b3cf-b62b4a52d312,sangat membantu,sangat membantu,7/30/2025 17:26,3,1
92c6352f-93c8-44d6-9e16-2e6a40c37ce0,layanan baik memuaskan,layanan baik memuaskan,12/27/2025 11:19,3,1
64e9bf53-62d8-4ad5-90c0-ebd974015934,Jelek lah ganguan eror Mulu .,jelek lah ganguan eror mulu,11/25/2024 20:31,1,0
414d915a-fb62-4c3a-b40d-3ef545d22bd1,juaraaa☕👍,juaraaa,2/26/2026 15:54,3,1
f6accca2-4371-4c8c-ad8a-56dcd0a562e5,akses aplikasinya lelet /lambat kali,akses aplikasinya lelet lambat kali,7/31/2025 15:21,1,0
6101f61a-b465-4ce9-9409-8abc1f6923af,"sangat membantu, terimakasih",sangat membantu terimakasih,7/3/2026 19:07,3,1
9191ddaf-f236-4c93-a475-1ddedf4ca730,baikk,baikk,7/19/2026 19:12,3,1
202e6c8d-40b7-41a3-be5f-0eac19ddf62d,nice,nice,4/1/2026 10:19,3,1
af1abb41-aaa3-44aa-9b0a-dd9289cf9513,tolong pihak bni saya transaksi status nya gagal tapi saldo saya tetap terpotong bagaimana ini tolong dong kebijakan nya,tolong pihak bni saya transaksi status nya gagal tapi saldo saya tetap terpotong bagaimana ini tolong dong kebijakan nya,7/22/2026 1:14,1,0
93bf50f7-2bf8-4ad5-bd26-c898d7986c65,bagus si apk nya aman juga enak buat transaksi tapi tolong pitur nya yg bikin kita harus perifikasi ulang bila kita login cukup usname sama pw aja atau feripikasi muka jangan perifikasi lagi sama iden KTP nya.,bagus si apk nya aman juga enak buat transaksi tapi tolong pitur nya yg bikin kita harus perifikasi ulang bila kita login cukup usname sama pw aja atau feripikasi muka jangan perifikasi lagi sama iden ktp nya,1/4/2026 3:29,1,0
b1940648-d717-4383-b68d-77cabbde2b94,"wondr by BNI aplikasi nya bagus, layanan nya oke",wondr by bni aplikasi nya bagus layanan nya oke,12/10/2025 6:36,3,1
a9b07718-4441-471a-a406-b8605ae45a20,lumayan bagus,lumayan bagus,7/1/2026 10:11,3,1
cbd081eb-a16b-41e4-b25f-9d97f1a9be11,memudahkan dalam segala transaksi,memudahkan dalam segala transaksi,4/16/2026 17:40,3,1
ab7c0b3a-9209-459a-8879-a529e3a8b144,"leletnya minta ampun ya Allah???????? mau buka aplikasi aja nunggu 1 hari baru terbuka , astaghfirullah allaziim ya Allah??????",leletnya minta ampun ya allah mau buka aplikasi aja nunggu hari baru terbuka astaghfirullah allaziim ya allah,5/31/2025 21:23,1,0
41ce4d6e-3473-44cc-9a26-f65f53316dd2,"Menurut ku Aplikasinya mudah digunakan, fitur nya lengkap, sangat membantu , jadi praktis dalam bertransaksi sehari hari",menurut ku aplikasinya mudah digunakan fitur nya lengkap sangat membantu jadi praktis dalam bertransaksi sehari hari,11/30/2024 11:56,3,1
823a9a1a-670c-4495-a61a-8f11b60dea9e,sangat membantu,sangat membantu,3/29/2026 19:17,3,1
2cc37958-bfab-46d3-8082-ac9a082a728d,uda seminggu loading lambat. gak bisa bisa kebuka app,uda seminggu loading lambat gak bisa bisa kebuka app,7/10/2025 10:07,1,0
f936d056-b4fe-4a43-be73-c40a710e8262,is good,is good,3/16/2026 15:05,3,1
c9669472-67bc-46b6-9e52-4c0c8b4626cd,oke,oke,7/6/2026 16:35,3,1
15b06c4e-6ae5-482b-b150-1c1df66861a5,bagus Skali sngat membantu,bagus skali sngat membantu,1/5/2026 15:39,3,1
963f56be-07f6-454e-81d8-b9bfd6eaf709,wondr. sangat .ok..untuk segala hal...,wondr sangat ok untuk segala hal,6/18/2026 12:57,3,1
194982c3-a801-419b-bcf3-6cfd4025dcf7,Memudahkan transaksi,memudahkan transaksi,9/20/2024 11:58,3,1
a236b214-c4fc-4f95-b52d-c0505f12c959,Napa lagi ngadat ini aplikasinya Wonder,napa lagi ngadat ini aplikasinya wonder,11/25/2024 15:28,3,1
69417531-7b62-4649-ad12-1abf555d2a74,aplikasi yang bagus dapat membantu,aplikasi yang bagus dapat membantu,7/6/2026 8:32,3,1
c4678e8c-1696-44e3-a753-5a7d581d84a7,sangat membantu Perduitan.,sangat membantu perduitan,2/10/2026 14:24,3,1
9ca32ead-3ba5-4d97-899d-b44c6b988a30,suka praktis,suka praktis,3/7/2025 21:55,3,1
d2552113-7cbb-4154-b0cf-f7ad13cc7a85,penggunaannya cukup mudah,penggunaannya cukup mudah,7/11/2026 9:48,3,1
34672802-d0a6-422a-9486-07a3a05a6e56,josss,josss,7/30/2025 16:34,3,1
1ec8cffe-6bbe-4194-a0cb-8cb2c675e208,baik,baik,5/16/2025 0:02,3,1
cfa43103-8a81-4f61-b342-87477493e401,aplikasinya bagus juga sangat simpel.. tolonglah untuk di optimalkan lg karna sering gangguan,aplikasinya bagus juga sangat simpel tolonglah untuk di optimalkan lg karna sering gangguan,12/17/2025 15:13,3,1
3dc8e24c-1c83-4909-aaee-46cea7e1c531,sangat berguna dan bermanfaat,sangat berguna dan bermanfaat,2/25/2025 9:36,3,1
7a72c45f-d709-4c27-ae07-835a52e09a9d,sangat bagus,sangat bagus,4/4/2026 12:29,3,1
7881bbe5-8102-43b9-9c4f-53a52094230d,"saat mau mengaktifkan biometric sidik jari untuk mempermudah login nya , tiba² keluar dari aplikasinya sendiri . dan terus berulang , sudah 4hari gak bisa-bisa mengaktifkan sidik jari",saat mau mengaktifkan biometric sidik jari untuk mempermudah login nya tiba keluar dari aplikasinya sendiri dan terus berulang sudah hari gak bisa bisa mengaktifkan sidik jari,8/5/2025 1:36,3,1
00be123c-dbbf-4931-baf6-47eab94e3137,aplikasinya sangat memudahkan dalam bertransaksi online maupun offline. josjis!!,aplikasinya sangat memudahkan dalam bertransaksi online maupun offline josjis,6/24/2026 0:17,3,1
7f2f197a-84c7-45e9-8f0b-0da4ec7bc2e2,sangat membantu,sangat membantu,11/7/2025 12:18,3,1
3e639717-237e-4837-9ff5-966174acf614,"Aplikasi baru, keren dan praktis, 👍👍👍",aplikasi baru keren dan praktis,8/29/2025 8:33,3,1
6d4fed9a-687c-4872-9045-23295e747c51,Good,good,9/4/2025 10:26,3,1
3cd9e466-cf45-4e87-9802-09e7c07958e7,ok,ok,10/2/2025 9:52,3,1
d919cdcc-351c-46a2-91e3-3ad0af4ff726,"aplikasi lemot kek keong, wifi lancar nggak bisa di buka, suruh pake data malah fc, jmbt",aplikasi lemot kek keong wifi lancar nggak bisa di buka suruh pake data malah fc jmbt,11/27/2025 6:14,1,0
257ffed2-befa-42d9-b9d8-aeb6fc295a29,baik,baik,6/29/2026 1:47,3,1
ffb7ab10-80a7-4010-b160-e3f3d3a67490,alhamdulillah bagus,alhamdulillah bagus,4/8/2025 7:03,3,1
bfd42c08-238b-4ec8-9c16-6af48a8cbaed,sangat mudah untuk transaksi,sangat mudah untuk transaksi,7/21/2025 22:42,3,1
d3c5b768-8724-42c7-9016-cc705e6c3de1,"Punyaku kenapa update terus gak bisa di buka ,,nyusahin banget sihh apk ni",punyaku kenapa update terus gak bisa di buka nyusahin banget sihh apk ni,1/4/2025 14:54,1,0
e6ce5032-e851-414a-84a3-64cf445a2b73,mantabs men,mantabs men,7/29/2025 16:03,3,1
6a115b08-f52f-4416-81a5-82888cda085a,saya lupa pin transaksi sudah 3x salah sedangkan pas mau verifikasi wajah gagal terus..gimana solusinya ya..?,saya lupa pin transaksi sudah x salah sedangkan pas mau verifikasi wajah gagal terus gimana solusinya ya,9/16/2025 17:44,1,0
ca5e12cd-f05d-434e-92f9-dba4d6b0483f,memuaskan,memuaskan,6/17/2025 21:58,3,1
73e86590-9526-432a-97ce-63f10e99af6f,aplikasi terkadang sulit terbuka,aplikasi terkadang sulit terbuka,5/28/2025 17:51,1,0
920d7651-942a-46ea-b2f2-e5e503f28739,"Bagus, dipermudahkan",bagus dipermudahkan,5/3/2026 21:59,3,1
209131d8-78b9-4e49-ab04-2690c24b192c,lemot..enakn my bni,lemot enakn my bni,12/1/2025 17:05,1,0
f206c48e-40f1-4f45-9873-70e51f95713b,God Job,god job,7/29/2025 17:51,3,1
e0ef382e-4d62-4f93-a8fe-675787192f99,bagus,bagus,9/26/2025 12:49,3,1
8b179e5b-3bf5-4258-93b2-5669a47cd043,bagus,bagus,11/2/2025 16:09,3,1
39346eff-ecee-4a8c-953f-e82441a7e10a,Uda instal dan upgrade sampe ke bank..tetapi ketika mau pake selalu muncul keterangan: sesi ini sudah berakhir silahkan login ulang...pdahal saat aktivasi pertama di bank uda bisaa eh mau login lagi malah selalu muncul keterangan spt itu...g bisa login2....lebih mudah aplikasi bni mobile yang pertamaaa,uda instal dan upgrade sampe ke bank tetapi ketika mau pake selalu muncul keterangan sesi ini sudah berakhir silahkan login ulang pdahal saat aktivasi pertama di bank uda bisaa eh mau login lagi malah selalu muncul keterangan spt itu g bisa login lebih mudah aplikasi bni mobile yang pertamaaa,12/30/2024 4:16,1,0
e5c0cd1a-7f8d-4f3e-980b-c555fe448af9,sangat cocok untuk saya prosesnya mudah dan tidak ribet,sangat cocok untuk saya prosesnya mudah dan tidak ribet,4/10/2026 3:49,3,1
0db57030-6987-44d6-b3f7-a65bffddd177,"tinggal telpon agen susah bgt,tlong diperbaiki..niat membantu tidak",tinggal telpon agen susah bgt tlong diperbaiki niat membantu tidak,2/17/2026 14:57,1,0
fcc2d9af-7670-4407-abae-9b27ff02650c,cukup baik,cukup baik,3/3/2025 22:38,3,1
1650238d-2bf8-4c88-8893-ee17ff9eda56,mantap,mantap,6/11/2025 15:22,3,1
e4d9d31d-dc7a-4326-9484-49f426cd05ff,wonderfull tonight..semua jadi serba mudah bikin tidur nyenyak,wonderfull tonight semua jadi serba mudah bikin tidur nyenyak,9/3/2024 10:55,3,1
84a66e89-3e6f-4682-81f5-8047db4e7d84,i like it so much 🥰,i like it so much,10/9/2025 23:44,3,1
f3472ccd-56ea-43f7-8b93-45b02b5123b7,Fitur banyak dan transaksi cepat akurat,fitur banyak dan transaksi cepat akurat,2/22/2025 12:14,3,1
02413785-e9f1-4bc5-9354-ffa0111af9cc,sangat cocok untuk digunakan sebagai transaksi,sangat cocok untuk digunakan sebagai transaksi,11/7/2025 20:15,3,1
08769043-dacd-4fa8-b54d-344e65429f15,mudah dan aman,mudah dan aman,7/16/2025 10:15,3,1
3ca4cb88-5e10-441e-82e0-47c286ba2d80,"Log in aplikasi lambat, error ketika akan pembayaran qris, rekening koran alangkah baiknya bisa dibikin harian seperti BNI mobile sebelumnya",log in aplikasi lambat error ketika akan pembayaran qris rekening koran alangkah baiknya bisa dibikin harian seperti bni mobile sebelumnya,8/12/2025 9:45,1,0
3472efd0-27c1-4fa2-9f86-133fcf587f10,bagus,bagus,11/14/2025 9:15,3,1
68c6b355-0f46-4e89-87dc-814a4eec31bb,"aplikasi mbangking Terjelek diindonesia wkwkwkw, selalu sering gagal login, saya pakai bca bri lancar terus, ini semnjak di ubah ke wonder ada aja masalahnya.",aplikasi mbangking terjelek diindonesia wkwkwkw selalu sering gagal login saya pakai bca bri lancar terus ini semnjak di ubah ke wonder ada aja masalahnya,12/1/2025 15:19,1,0
6c3c255b-9a06-42e8-96c0-f9f803c912b3,Keren,keren,10/28/2025 9:15,3,1
cf1b418c-e247-4d6a-b690-315e95b929fa,Faster and Better,faster and better,2/1/2026 7:05,3,1
f5e2dff9-ee89-4aa2-82cd-664f2118efc7,Aplikasi yang mempermudah untuk mengirim duit 🤑,aplikasi yang mempermudah untuk mengirim duit,11/30/2024 11:35,3,1
e6f7e5fe-6f11-465c-ab81-37ad33600caf,"Benar2 produk gagal! Kembalikan ke BNI Mobile saja! Masak pembayaran CC BNI aja harus input nomor dulu? Udah gitu ga bisa disimpan lg nomornya. Sama jg utk pmbayaran token prabayar PLN yg ga bisa simpan nomor, jd hrus input nomor setiap mau isi. Aplikasi yg sangat menyusahkan dan buang2 energi! PRODUK GAGAL!!!",benar produk gagal kembalikan ke bni mobile saja masak pembayaran cc bni aja harus input nomor dulu udah gitu ga bisa disimpan lg nomornya sama jg utk pmbayaran token prabayar pln yg ga bisa simpan nomor jd hrus input nomor setiap mau isi aplikasi yg sangat menyusahkan dan buang energi produk gagal,11/26/2024 8:35,1,0
6ffc381a-5434-492c-8c3b-6aa1a3280efe,sangat bagus dan mudah,sangat bagus dan mudah,11/5/2025 10:34,3,1
f7a68770-6687-4cb0-82a9-7b44d035b8b0,awalnya ke bank oke oke aja. eh baru 4 hari dari sana pake aplikasi ini udh ga bisa di buka. harus sambungkan ke internet trus atau ga stuk logo wondr. padhl kuota banyak. di pindah wifi juga sama. emng sih aplikasinya lebih mudah ini dari pada bni yg dulu. tapi bni dulu ga pernh susah klo transaksi apalagi masuk ke berandanya.,awalnya ke bank oke oke aja eh baru hari dari sana pake aplikasi ini udh ga bisa di buka harus sambungkan ke internet trus atau ga stuk logo wondr padhl kuota banyak di pindah wifi juga sama emng sih aplikasinya lebih mudah ini dari pada bni yg dulu tapi bni dulu ga pernh susah klo transaksi apalagi masuk ke berandanya,12/1/2025 17:47,1,0
19776385-1846-4677-b6c2-dfb8ba40d856,"Tolong diperbaiki sering eror tidak bisa dibuka, aplikasi ini bukan untuk main2 , untuk transaksi pembayaran pembelian transfer,",tolong diperbaiki sering eror tidak bisa dibuka aplikasi ini bukan untuk main untuk transaksi pembayaran pembelian transfer,12/9/2024 11:28,1,0
df00789e-9060-456f-9718-4c3346b0342b,Tidak bisa d buka wonder by BNi,tidak bisa d buka wonder by bni,11/25/2024 20:34,1,0
021c097d-aa5f-497c-8a80-4b0baf46f436,"wondr mkn lama mkn ga jelas gini, mending aplikasi yg lama",wondr mkn lama mkn ga jelas gini mending aplikasi yg lama,12/17/2025 0:40,1,0
3a1a1305-181c-4126-8ba5-95c269593f3c,ok,ok,6/10/2025 8:57,3,1
d2cd0694-5a4e-4cbc-9c78-7597aa27e5ef,baik,baik,5/8/2025 16:44,3,1
66a0b031-a21e-4ef7-9593-67638c5df675,Upgrade BNI Mobile Banking menjadikan kebutuhan transaksi dan aktivitas keuangan semakin sat set,upgrade bni mobile banking menjadikan kebutuhan transaksi dan aktivitas keuangan semakin sat set,7/5/2024 10:35,3,1
4a4134bb-03cf-4faa-b707-2ede5a05e792,mantap jiwa,mantap jiwa,10/3/2025 18:16,3,1
fc5b0e27-9304-4893-95ae-0417fbe4c767,babi saldo ngendap 150000,babi saldo ngendap,4/15/2026 17:42,1,0
27105f3f-2273-44a8-ae7d-a0bcd6b8a728,sangat mudah dan praktis,sangat mudah dan praktis,11/16/2025 23:05,3,1
e6ea8359-ff01-4c8a-930c-ac1e75ecb203,perlu ditingkatkan pada transaksi mobile banking supaya lebih simpel dan praktis,perlu ditingkatkan pada transaksi mobile banking supaya lebih simpel dan praktis,6/30/2025 13:44,1,0
98d037b7-d88b-4015-afe7-9d3684ad2423,sangat bagus,sangat bagus,4/3/2025 15:02,3,1
2865e0ff-0283-4032-b30a-779045a66865,"minta kirim kode otp aja susahnya setengah hidup,,malah disuruh ulang besoknya ,karna gagal tdk ada kode OTP sdh 5 kali ..menurut saya tdk efektif,,malah pake m-banking gkbisa dipake pula,knapa harus diluncurin aplk ini",minta kirim kode otp aja susahnya setengah hidup malah disuruh ulang besoknya karna gagal tdk ada kode otp sdh kali menurut saya tdk efektif malah pake m banking gkbisa dipake pula knapa harus diluncurin aplk ini,2/28/2025 17:08,1,0
36e23a2b-e97f-4252-9077-5cda2d1f0b39,sangat membantu,sangat membantu,3/6/2026 9:13,3,1
34b205d6-51e4-411a-98b2-daf325a65b61,good,good,12/10/2025 17:38,3,1
fcb2490c-0bdd-4765-bf08-d6dc0117be03,mantap,mantap,6/17/2025 20:33,3,1
c20b729d-a0f7-4818-887a-e21dd9735ab8,bank BNI maling saldo gua. transaksi dari tanggal 14 Maret 2026. sampai saat ini. duit gua ga ada kembali. tolong koperatif nya woy. balas via email gua tunggu,bank bni maling saldo gua transaksi dari tanggal maret sampai saat ini duit gua ga ada kembali tolong koperatif nya woy balas via email gua tunggu,3/17/2026 14:53,1,0
8de5b2f6-d72a-463f-b7d6-1a0871a13975,Di bikin maksimal dn lebih baik lagi kedepan nyh..biar memudahkan bwt transaksi.,di bikin maksimal dn lebih baik lagi kedepan nyh biar memudahkan bwt transaksi,1/20/2025 18:40,1,0
34354706-b01a-403c-bc56-a51d65ed42db,baik sekali,baik sekali,2/22/2025 14:07,3,1
75be0057-d87c-4e5b-808e-ef8b0e5fc216,kesal....tiba tib aplikasinya eror dan saat download ulang harus pakai nomor HP yang sudah hilang.krna tidak ada jalan lain seperti via email dan sebagainya,kesal tiba tib aplikasinya eror dan saat download ulang harus pakai nomor hp yang sudah hilang krna tidak ada jalan lain seperti via email dan sebagainya,5/9/2025 8:19,1,0
25ba8d48-b0c9-4a32-bbe5-d113a60311cc,cukup menyenangkan,cukup menyenangkan,4/8/2026 1:22,3,1
b6d3457e-abdf-4187-9c3e-3d979110bfdd,Sangat membantu kita dalam bertransaksi,sangat membantu kita dalam bertransaksi,12/13/2024 22:11,3,1
cb589855-717e-440d-8ace-bb750e4e182b,sering error,sering error,9/5/2025 20:07,1,0
601dc355-4ffd-4eb9-9625-33d3fdae2393,fitur lengkap,fitur lengkap,7/1/2025 12:38,3,1
4761d7b0-590b-48c3-82b3-6031fcdb9422,RECOMMENDEC ❗,recommendec,5/25/2026 21:06,3,1
1a084f6b-f86d-4a7f-abd8-95ff657e2c94,mempermudah,mempermudah,11/24/2025 9:12,3,1
9204c953-1d32-4f73-96be-155291772e34,"Terus terusan aja bilang ""kamu udah terlalu banyak coba verivikasi wajah hari ini.coba lagi besok ya"" agak sebel anjir",terus terusan aja bilang kamu udah terlalu banyak coba verivikasi wajah hari ini coba lagi besok ya agak sebel anjir,1/1/2025 19:34,1,0
32a670b0-4c91-4f00-a00c-f4f6c128f968,mudah di gunakan. tidak ribet dan tidak bertele tele,mudah di gunakan tidak ribet dan tidak bertele tele,6/8/2026 14:50,3,1
4e6c7210-d8c6-4ebc-94b3-42a1ca85294e,Bertranaksi dengan wondr by BNI semuanya jadi lebih cepat dan mudah,bertranaksi dengan wondr by bni semuanya jadi lebih cepat dan mudah,9/3/2024 17:01,3,1
bd83ba33-e388-4bed-bd20-f3dab4c7d334,puas sekali,puas sekali,7/30/2025 15:09,3,1
dddd88d6-d713-4ac6-b3e1-dafb257b260a,"aplikasi kendala trus klo ga kendala maintenance trus, klo dibutuhin selalu gabisa",aplikasi kendala trus klo ga kendala maintenance trus klo dibutuhin selalu gabisa,2/13/2025 2:51,1,0
46a85306-cfa6-4f8a-859d-56358d4f0e68,ok,ok,5/23/2025 7:24,3,1
f5876af6-e0ff-4dcd-b544-7491c964c1d4,"lebih gampang mau ngapain aja,sayang sedikit gak bisa bayar wifi CBN",lebih gampang mau ngapain aja sayang sedikit gak bisa bayar wifi cbn,11/10/2025 7:15,1,0
44be5e6c-31c9-4ab5-a1c5-d4268806e991,"aplikasi keren, semoga nanti lebih cepat",aplikasi keren semoga nanti lebih cepat,6/22/2025 6:39,3,1
80aa8d56-7fe0-4808-a8aa-6db2b7d13da6,mudah dan membantu,mudah dan membantu,2/2/2026 22:57,3,1
b84736eb-2043-4a8e-bdcc-cfc2c920b2f9,mudah dan cepat,mudah dan cepat,2/2/2026 0:40,3,1
ca864e86-14bb-4ef6-9f37-2923835d1549,mantab,mantab,6/28/2025 14:16,3,1
1970294b-27d9-453c-ada8-47f051c4a619,mantap,mantap,8/25/2025 19:16,3,1
a9e56992-b7a5-43da-90dd-60feb62cf174,wondr by BNI transaksi se cepat kilat mantap pokoknya..,wondr by bni transaksi se cepat kilat mantap pokoknya,7/28/2025 20:05,3,1
1428208e-9bfd-44f0-9fd1-c2223db7ac92,tidak ada fitur setor tunai lagi,tidak ada fitur setor tunai lagi,7/26/2026 22:12,1,0
1cf27a1e-81a3-4829-b123-726bccf61162,"aplikasi jelek, eror",aplikasi jelek eror,12/1/2025 17:13,1,0
127c2bc5-ea0f-4f80-a7ec-6e9fbe89275e,sangat membantu,sangat membantu,3/1/2025 0:01,3,1
bd91fcca-387a-44bc-888d-43ec48131e92,"sangat baik, mudah digunakan.",sangat baik mudah digunakan,3/5/2025 18:01,3,1
4788dc56-0dec-4ed3-a272-345dee00a831,"saya berikan bintang 5,semoga aplikasinya bermanfaat",saya berikan bintang semoga aplikasinya bermanfaat,12/28/2025 16:32,3,1
55ee05bd-764f-45fb-9094-8d8d8b8e83db,"sumpah eror mulu,",sumpah eror mulu,3/7/2026 0:48,1,0
95d24b16-539f-43fd-ba5d-d0c074f37365,"Sering gangguan, buat pusing aja",sering gangguan buat pusing aja,12/10/2024 0:35,1,0
6f7d8329-7d87-4c40-a827-d5d67abd6121,mantap,mantap,5/29/2025 9:56,3,1
cdd33e13-2e8e-49c6-88bf-5f02d49b0f8f,selalu di hati,selalu di hati,11/12/2025 7:53,3,1
3a326745-385c-4996-a55e-0b6d881ec6f5,ok,ok,12/31/2025 12:07,3,1
25d16b16-7cf0-4a29-a1c1-59ed0d902335,mantap 👍,mantap,12/20/2025 6:37,3,1
11a38732-e22a-4fef-9961-21aa289e13d9,"BAGUS,APLIKASI NYA RINGAN",bagus aplikasi nya ringan,7/8/2024 18:02,3,1
b7db0546-2264-44c4-bd11-51f5dbc5880c,very good,very good,8/21/2025 18:46,3,1
8e9d5f7f-1011-4abb-8987-15c3c9bac4a1,mantap dan puas,mantap dan puas,4/11/2025 10:19,3,1
6afe8750-dc6c-4727-b698-650c1896c329,kenapa ya wonder bni sekarang sering banget error. lelet apk nya padahal jaringan full,kenapa ya wonder bni sekarang sering banget error lelet apk nya padahal jaringan full,5/8/2026 20:04,1,0
2fb20be6-5bdf-4280-8a26-bfc5d65a31e8,mudah akses,mudah akses,5/20/2026 10:53,3,1
83159fe4-1151-47c2-af28-80330422e788,saya pengguna wnder multicurency..tp saat mau ditukar mata uang ga bisa..gmn solusinya??,saya pengguna wnder multicurency tp saat mau ditukar mata uang ga bisa gmn solusinya,4/14/2026 2:03,1,0
e5d5936f-71b9-4008-ad28-965ce0fb52a2,Saya puas,saya puas,12/13/2024 8:03,3,1
50e70aef-f2ed-429f-afcf-a87ec635e16c,"ok, mudah",ok mudah,5/11/2026 8:00,3,1
1c98fe9d-dd26-439d-8104-eae0ffe95a92,ga bisa tarik tanpa kartu,ga bisa tarik tanpa kartu,8/8/2025 11:39,1,0
1b16bda8-e09f-4be2-8d4b-040301af054c,mantap,mantap,4/11/2025 12:20,3,1
e221f507-3a00-4af4-9c92-cdd850722d6a,Belom bisa tarik tunai tanpa kartu. Kurang canggih.,belom bisa tarik tunai tanpa kartu kurang canggih,11/11/2024 15:12,1,0
bc984fa6-4f6a-4d7f-b56f-9d971d8fe0f8,"alangkah baiknya, lebih dikembangkan kembali CARD TO CASH untuk Credit Card, untuk kedepannya kapan aja bisa dicairkan & masuk ke rekening, jangan harus menunggu di hubungi penawaran dulu lah dari CS BNI",alangkah baiknya lebih dikembangkan kembali card to cash untuk credit card untuk kedepannya kapan aja bisa dicairkan masuk ke rekening jangan harus menunggu di hubungi penawaran dulu lah dari cs bni,7/28/2025 15:14,1,0
c952715c-e443-4e09-aa85-c015d91ecd68,"kenapa banyak delay akhir"" menyusahkan saya sebagai pengguna untuk bertransaksi bahkan transaksi yg gagal belum kembali ke saldo",kenapa banyak delay akhir menyusahkan saya sebagai pengguna untuk bertransaksi bahkan transaksi yg gagal belum kembali ke saldo,8/1/2025 19:53,1,0
be4861ec-a19a-4f7f-a917-f365e3d3c7e7,bagus,bagus,2/24/2026 11:49,3,1
9dcfecd2-ce61-48fb-87bf-a99ddd0dc9cf,mantab sekali wondr SUPER CEPAT .TEPAT.AKURAT EFEKTIF DAN EFESIEN,mantab sekali wondr super cepat tepat akurat efektif dan efesien,3/14/2025 17:59,3,1
0dec1d15-c03b-4a06-85da-54e34ae0ad1e,qris error,qris error,3/8/2026 21:09,1,0
51d8a6d0-8267-4ddf-8b56-d773fa9ea84a,top,top,9/1/2025 16:24,3,1
52a9db3c-581f-454e-bd27-2ad38739b0b2,bagus,bagus,1/2/2026 9:18,3,1
91449f29-33af-48e5-98fd-9b5e503fbc96,baik,baik,3/9/2026 12:15,3,1
0dd5fc12-df12-4c15-a9b4-9052c11609f9,"Masuk Aplikasi Loading Nya Lama Banget, Saran dari aku Mending kalian pilih BRI atau MANDIRI, sekian terimakasih.",masuk aplikasi loading nya lama banget saran dari aku mending kalian pilih bri atau mandiri sekian terimakasih,12/13/2024 1:14,1,0
9ef47491-eb81-4c95-a36e-2cb6943a5245,App ini sangat bagus sayangnya saya blum selesai mndaftar ke bank terkait,app ini sangat bagus sayangnya saya blum selesai mndaftar ke bank terkait,3/3/2025 21:58,3,1
eca13bb3-4570-4641-8a20-f28ba6fd4018,sangat membantu,sangat membantu,6/2/2026 14:24,3,1
fcf70069-7d3b-42ee-94e5-0e443d9d0a9b,ok,ok,12/31/2025 19:10,3,1
2a53318b-3be8-4d0f-be88-4c4be2468f12,bagus,bagus,12/2/2025 12:58,3,1
acb4c15a-8a43-41ed-a094-9426d8123ac2,the best,the best,7/6/2025 12:37,3,1
04461d90-c1bb-48f9-9afd-22c44e0a0206,"lebih efisien, puas poko'y.",lebih efisien puas poko y,2/28/2025 21:12,3,1
d5603c28-e502-4906-a8ba-ec3521d1e388,ok pol,ok pol,7/24/2025 16:15,3,1
42538332-06d7-4ac7-9423-fa5814384a21,"Pengalaman lupa pin emang bikin kesel, mana lumayan rada jauh kantor BNI nya. Tp pas dbilang bisa reset PIN pk aplikasi WONDR, bener"" nolong abis. Secara, kita ga perlu ke kantor BNI dan antri buat ke CS. Meskipun jarang kjadian, tp sekali lupa PIN, paniknya bener"" bikin stress. WONDR emang the best lah😍🤗",pengalaman lupa pin emang bikin kesel mana lumayan rada jauh kantor bni nya tp pas dbilang bisa reset pin pk aplikasi wondr bener nolong abis secara kita ga perlu ke kantor bni dan antri buat ke cs meskipun jarang kjadian tp sekali lupa pin paniknya bener bikin stress wondr emang the best lah,12/2/2024 16:52,1,0
005a3174-0556-4e63-9608-b46fd4158792,Bagus,bagus,1/8/2025 0:53,3,1
49d978fc-18cc-4438-ab06-df6668c22e87,belum bagus sprrti mobile banking,belum bagus sprrti mobile banking,2/23/2025 1:02,1,0
08f72607-0e0d-4dab-a95f-e94ea2a6e47e,Good vibes,good vibes,7/23/2024 14:01,3,1
3a951970-ab88-41fb-ba58-0acf6bf96a13,terima kasih sudah dibantu.,terima kasih sudah dibantu,8/8/2025 11:59,3,1
fe0bb5c6-dc52-41f8-88b3-df654f70d01b,gila setiap jam 23:00 pasti ga bisa transaksi orang2 pada molor kali ya,gila setiap jam pasti ga bisa transaksi orang pada molor kali ya,6/10/2025 0:19,1,0
b4bc3321-2f21-4432-bbb8-93b26ea6713f,sangat membantu dgn adanya wondr by BNI,sangat membantu dgn adanya wondr by bni,6/23/2026 23:42,3,1
130a48e4-503f-46ad-9844-141f31cd5e36,cepat,cepat,3/5/2025 11:48,3,1
058c46ca-17e5-4800-99c5-f62df6b3b575,"aplikasi buruk, dibuka sama sekali ndak bisa, sudah clear cache, sudah clear jendela, sudah restart hp, hapus apk berkali"" masih tetap tidak bisa dibuka, kendala pasti jaringan error, jaringan sudah 4g plus, sinyal full, buat buka apk lain lancar, kecepatan sinyal juga stabil, tapi saat buka wondr malah lag terus ada peringatan kalau jaringan tidak ada, bukan hp atau jaringan nya yang masalah, ini pure masalah dari apk, saran dari pihak dev juga tidak membantu, nyesel unduh sama buka rek nya",aplikasi buruk dibuka sama sekali ndak bisa sudah clear cache sudah clear jendela sudah restart hp hapus apk berkali masih tetap tidak bisa dibuka kendala pasti jaringan error jaringan sudah g plus sinyal full buat buka apk lain lancar kecepatan sinyal juga stabil tapi saat buka wondr malah lag terus ada peringatan kalau jaringan tidak ada bukan hp atau jaringan nya yang masalah ini pure masalah dari apk saran dari pihak dev juga tidak membantu nyesel unduh sama buka rek nya,12/1/2025 17:23,1,0
bdda2938-592a-40c7-b099-168cf168f380,"SIMPLE,HELPFULL,THANX VERY MUCH",simple helpfull thanx very much,9/19/2025 22:34,3,1
9f009c55-501c-461c-a7b1-b2e23834796f,Sangat membantu,sangat membantu,3/17/2025 12:08,3,1
94585735-4d53-45ad-a107-79c435163813,Sangat membantu sekali,sangat membantu sekali,1/21/2025 13:56,3,1
c89d7594-21fc-4edb-b552-712bf826023e,"tidak ada fitur tarik tunai tanpa kartu. Pada menu pendidikan pembayaran UKT opsi Universitas tidak bisa diubah hanya ada, Universitas Indonesia. mohon segera diperbaiki",tidak ada fitur tarik tunai tanpa kartu pada menu pendidikan pembayaran ukt opsi universitas tidak bisa diubah hanya ada universitas indonesia mohon segera diperbaiki,1/4/2025 9:43,1,0
f17522a8-8f51-40db-a6d7-45e13259b087,Keren,keren,10/2/2025 17:41,3,1
64a2b291-d02d-45e7-af2f-2ee2995c879e,Tampilan aplikasi lucu banget dan warnanya super fun,tampilan aplikasi lucu banget dan warnanya super fun,9/4/2024 23:42,3,1
0f348873-e9a7-4d42-8a0b-5e98ed03f0c4,"udah bagus tapi itu loh pas salah pencet bikin login ulang ga bisa balik lagi mana disitu saya buru"" lagu akhirnya ga bsa bayar untung ada papaku bayarin, nangis dari tadi gara"" ga bisa balik lagi padahal cuman salah tekan loh! emosi aku tuh Ampe nangis !!",udah bagus tapi itu loh pas salah pencet bikin login ulang ga bisa balik lagi mana disitu saya buru lagu akhirnya ga bsa bayar untung ada papaku bayarin nangis dari tadi gara ga bisa balik lagi padahal cuman salah tekan loh emosi aku tuh ampe nangis,4/28/2026 12:30,1,0
c5ee04ae-5308-4c66-84e3-77d9aa8da530,good,good,3/4/2025 15:15,3,1
f819265f-404d-44f7-9142-ab7da24adcca,"make aplikasi ini gabisa buka aplikasi, selalu saja setiap di buka selalu yang di tampilkan hanya logo, tidak masuk ke menu awal, kenapa? apa ada masalah pada aplikasi ini? ini bukan sekali/dua kali ini terjadi, ini sudah sering. kenapa pihak wonder tidak melakukan update mengenai sistem yang eror seperti ini, saya mau transfer dana jadi di persulit karna tidak bisa masuk aplikasi ini. note: (hanya muncul logo!)",make aplikasi ini gabisa buka aplikasi selalu saja setiap di buka selalu yang di tampilkan hanya logo tidak masuk ke menu awal kenapa apa ada masalah pada aplikasi ini ini bukan sekali dua kali ini terjadi ini sudah sering kenapa pihak wonder tidak melakukan update mengenai sistem yang eror seperti ini saya mau transfer dana jadi di persulit karna tidak bisa masuk aplikasi ini note hanya muncul logo,5/18/2025 17:14,1,0
e973a3a8-66e4-446f-9233-42f18ed85c04,fitur setoran tunai kok ga ada yah ?,fitur setoran tunai kok ga ada yah,10/1/2025 23:54,1,0
12ce937b-c5b0-4ce9-9699-973a033be21b,masih sering ngeLag di infinix Note 30 Pro,masih sering ngelag di infinix note pro,4/29/2025 12:16,1,0
6fdc2a4a-19df-42bf-a7f1-7c4811f10a49,sungguh puas,sungguh puas,4/3/2026 18:03,3,1
af3c39f0-cba0-4acc-8b5e-3aa6aa8d7595,aplikasi yg sangat membantu dalam semua transaksi mudah aman dan terpercaya terimakasih BNI,aplikasi yg sangat membantu dalam semua transaksi mudah aman dan terpercaya terimakasih bni,5/27/2026 16:03,3,1
8f7d3fae-2e8b-4630-a227-e910fed44df2,bagus banget apknya,bagus banget apknya,6/5/2026 20:12,3,1
4fb838d5-e8ab-4506-b8a4-f74890b6a1d4,Aplikasi buruk . lebih baik pake bni mobile banking daripada ini . malah di hapus apk nya,aplikasi buruk lebih baik pake bni mobile banking daripada ini malah di hapus apk nya,7/7/2026 23:12,1,0
c195810b-1440-4b5a-8ab1-af63a0a8f4f2,ok,ok,8/30/2025 21:41,3,1
c7ab3370-8d79-4f34-a93d-853861f5ef62,ok,ok,12/9/2025 23:29,3,1
f18461cc-8f23-49c2-89b0-c631b71f70ce,Tambahin fitur tarik tunai dong,tambahin fitur tarik tunai dong,2/11/2025 13:31,1,0
8e92f522-314b-4f49-90be-6a8f64a49ef9,lemot,lemot,4/1/2026 21:10,1,0
5c072ac8-772d-4e3f-9ebe-a9d28357d80f,good app,good app,2/18/2026 22:15,3,1
e32ee2c2-5bc0-4e58-b86b-5d8561677ee2,pokonya the Best,pokonya the best,4/16/2025 23:13,3,1
15f37069-cfc0-4d8a-bcc0-bf6ffa135ade,lancar,lancar,11/24/2025 15:14,3,1
c7d60a78-6ae8-4db1-a9cb-b869967e68e6,terbaik,terbaik,2/25/2025 7:54,3,1
66507b36-8cb9-4643-b2f7-f35767292c62,sangat mudah di pakai,sangat mudah di pakai,11/1/2024 18:27,3,1
47aff970-ad02-48fa-aba3-bcee35335b75,Keren banget apknya.sangat lengkap dan membantu sekali.,keren banget apknya sangat lengkap dan membantu sekali,7/3/2024 14:50,3,1
66901096-dc37-4114-affa-acb58790b6a8,kok kadang susah masuk ya,kok kadang susah masuk ya,7/2/2025 15:26,1,0
dceaa3d6-0d89-4348-b4f8-6d5ad332a821,transfer mulus,transfer mulus,9/5/2025 19:54,3,1
4bf446c6-fdbf-4b44-a27f-f545533ec9f0,okeh,okeh,2/25/2025 6:23,3,1
2be5651a-4c5a-438a-872c-d4b3d925b6a8,"lelet!! ""tim kami lagi perbaiki"" nyenyenye",lelet tim kami lagi perbaiki nyenyenye,8/10/2025 4:17,1,0
cf5334c4-d3fc-4f13-991f-300569f60edd,sangat membantu saat transaksi. dan cepat,sangat membantu saat transaksi dan cepat,4/27/2025 20:24,3,1
95176c19-6962-48f5-8243-cde791977935,sangat mempermudah dlm brbelanja😇,sangat mempermudah dlm brbelanja,3/21/2025 23:09,3,1
401a9970-73e3-4924-a912-d88081deba09,mudah digunakan,mudah digunakan,6/14/2026 1:16,3,1
9067d036-5184-4d07-9a8f-99805a314157,pelayanan baik 👍,pelayanan baik,2/16/2026 16:05,3,1
5825674b-975d-410a-93ad-57869b810118,"Mantapp history, transaksi lengkap dan lancar",mantapp history transaksi lengkap dan lancar,9/3/2024 19:20,3,1
2a7ece8c-97ab-498e-90a9-6569b91485aa,pertahankan,pertahankan,2/2/2026 18:15,3,1
7d5a51a6-159e-472c-9a08-1a27651bcedd,ok banget,ok banget,11/23/2025 6:05,3,1
68aec261-156f-42bc-8e39-164278aa30eb,keseringan update bikin ribet,keseringan update bikin ribet,4/9/2026 20:14,1,0
1d6b7efb-c597-4318-a7ea-a0d1a6c94151,good,good,7/2/2026 6:32,3,1
c89a4a2d-4bcd-4c3c-9a11-a7acd52823cd,puas,puas,3/13/2025 0:12,3,1
ff77eb64-718c-4cea-b1f2-ccdb5bd443ad,"Masuk aplikasi harus berulang2 , kalau untuk ngecek saldo sih oke , tapi kalau harus melakukan transaksi yg bersifat urgent masuknya pun susahh . Hufftt gk bs bayangin .. Tolong untuk bank bni aplikasinya di upgrade lg biar nyaman . Kita nasabah jg ingin punya kebebasan menggunakan aplikasi ,",masuk aplikasi harus berulang kalau untuk ngecek saldo sih oke tapi kalau harus melakukan transaksi yg bersifat urgent masuknya pun susahh hufftt gk bs bayangin tolong untuk bank bni aplikasinya di upgrade lg biar nyaman kita nasabah jg ingin punya kebebasan menggunakan aplikasi,2/3/2025 11:15,1,0
fba7f864-cade-4227-bf58-1315b383e439,selalu gagal untuk mendaftar verifikasi wajah,selalu gagal untuk mendaftar verifikasi wajah,10/6/2024 7:13,1,0
c8d85f68-0e6e-45f9-94eb-e03790d3d5bc,Keren bngt aplikasinya. Cara aktivasinya mudah dan sangat cepat prosesnya. Ini baru aplikasi terbaik,keren bngt aplikasinya cara aktivasinya mudah dan sangat cepat prosesnya ini baru aplikasi terbaik,7/5/2024 14:32,3,1
b7999eb2-5f01-4fe3-88fa-e58f703e1358,sangat membantu....👌,sangat membantu,9/25/2025 6:19,3,1
9a2ce935-6ca1-4a4c-a0b9-bba4352635a6,baik sekali,baik sekali,4/11/2026 19:25,3,1
8fe9fe19-011f-44a2-ac85-0d1ce2298af9,udh baik,udh baik,10/9/2025 11:49,3,1
9236b718-2cd1-4fb7-a232-d624f9ba6582,Mantap,mantap,2/26/2025 22:06,3,1
c34cf558-1e92-44b6-b523-45c9e87fbd59,kurang maksimal terlalu banyak gangguan nya buka app wonder lelet nya minta ampun KLO di jam sibuk apalagi,kurang maksimal terlalu banyak gangguan nya buka app wonder lelet nya minta ampun klo di jam sibuk apalagi,4/24/2026 10:23,1,0
588efdc2-4e7f-41da-bae2-33ac80c448ef,mantap lh pokonya,mantap lh pokonya,10/16/2025 8:01,3,1
68ac6b48-d392-4a7b-8542-a73926467e12,Verivikasi ribet,verivikasi ribet,8/30/2024 16:01,1,0
5a90c13e-76b9-47fe-8ef0-b88d270fc78b,saldo di ATM sya tersisah 48.000 mengapa terpotong dan tersisa 22.000 sisah nya lari kemana?,saldo di atm sya tersisah mengapa terpotong dan tersisa sisah nya lari kemana,1/5/2026 16:18,1,0
fe890a7e-7e16-4cfa-937b-791eb78bd824,mantap booss,mantap booss,5/9/2025 15:23,3,1
8354b826-47ef-42d3-ae7f-6ab5de8025e9,"akses cepat, ada notifikasi transaksi, hanya mutasi rekening tidak ada mutasi saldo berkurang atau bertambah terima kasih",akses cepat ada notifikasi transaksi hanya mutasi rekening tidak ada mutasi saldo berkurang atau bertambah terima kasih,6/17/2025 9:07,1,0
b6275b47-f4a0-428c-8286-c226dd88a896,bagus 👍,bagus,7/24/2025 8:27,3,1
080fe605-0172-4eff-9edc-2db8166c4e39,"Kok lebih bagus BNI Mobile Bankingnya ketimbang wondr by BNI . Tapi wondr by BNI kurang menarik malah lebih bagusan Brimo. tolong untuk kedepannya lebih simple, Kalo bisa saran Lebih baik app wondr agak lebih sama kaya BNI MBanking-nya . jadi lebih bagus lebih ke penyegaran aja di app-nya",kok lebih bagus bni mobile bankingnya ketimbang wondr by bni tapi wondr by bni kurang menarik malah lebih bagusan brimo tolong untuk kedepannya lebih simple kalo bisa saran lebih baik app wondr agak lebih sama kaya bni mbanking nya jadi lebih bagus lebih ke penyegaran aja di app nya,10/29/2024 10:11,1,0
a86d67cc-fea7-4283-b2e1-f44230cfe62d,mantabs,mantabs,10/1/2025 19:19,3,1
5439a645-bfdd-4147-85e7-129a76acc2fb,great,great,6/20/2025 7:58,3,1
76fd394c-a767-45a8-b1c7-533311a3a6f7,"Lupa password masuk, verivikasi wajah sulitnya minta ampun, tolong diperbaiki lagi",lupa password masuk verivikasi wajah sulitnya minta ampun tolong diperbaiki lagi,8/24/2024 18:37,1,0
38e856af-ca8f-42de-a153-47d05cb5cdfd,lebih gampang bayar apapun pake wondr by bni,lebih gampang bayar apapun pake wondr by bni,10/3/2025 20:12,3,1
5dd103f3-df15-4c99-99c4-395afdfb7557,Mantap aplikasinya,mantap aplikasinya,7/9/2024 15:03,3,1
ac020279-4096-41e5-94ee-d67b8cf7ea81,"aplikasi wonder ini kenapa ya ? di hp redmi 9C. sudah daftar dan bisa login. besoknya harus daftar mengikuti arahan ssperti masukan Nomer hp buat password buat sandi verifikasi wajah, sering seperti ini. jika jeda masuk aplikasi 1hari. mohon dibantu",aplikasi wonder ini kenapa ya di hp redmi c sudah daftar dan bisa login besoknya harus daftar mengikuti arahan ssperti masukan nomer hp buat password buat sandi verifikasi wajah sering seperti ini jika jeda masuk aplikasi hari mohon dibantu,7/17/2025 23:07,1,0
aea78e3f-f40b-4a40-9a7b-e16a3344cea3,"apk tidak bisa di akses , ngelag dan tidak bisa membuka menu utama",apk tidak bisa di akses ngelag dan tidak bisa membuka menu utama,4/8/2025 20:44,1,0
11ad5abe-5f0f-45c9-aa2b-42492dfadb3f,Proses cepat dan mudah,proses cepat dan mudah,3/6/2026 21:52,3,1
3831e764-73b8-43d7-998f-f93395f10e25,sering error. ini juga aplikasi tidak bisa di buka. tiba-tiba keluar sendiri,sering error ini juga aplikasi tidak bisa di buka tiba tiba keluar sendiri,1/14/2026 18:22,1,0
34c9cc41-8cb6-4d94-b005-e4ceaf85dda4,sangat nyaman lebih mudah dan praktis ada pertanyaan kalau gagal login tidak tersambung ke internet gimana cara memperbaiki terima kasih,sangat nyaman lebih mudah dan praktis ada pertanyaan kalau gagal login tidak tersambung ke internet gimana cara memperbaiki terima kasih,4/24/2026 23:00,3,1
6ca39375-393c-4f51-9a36-87d55989514c,baik,baik,3/10/2025 12:50,3,1
8e9cc0c9-ca41-4a8e-b83b-6ab2573f08ae,Makin ga jelas dengan aplikasi baru gangguan Mulu....bagusan mbangki Bank lainnya....,makin ga jelas dengan aplikasi baru gangguan mulu bagusan mbangki bank lainnya,11/25/2024 12:10,1,0
46584bbd-4404-4387-a5b1-521fd2042c96,Jelek mau login eror terus sdah 4 jam dan d update masih aja gak bisa login,jelek mau login eror terus sdah jam dan d update masih aja gak bisa login,11/25/2024 18:12,1,0
4fe33185-edd1-428b-9c3d-35d7f5e54b4b,error mulu ini aplikasi knpa dah,error mulu ini aplikasi knpa dah,11/26/2024 13:28,1,0
d9d653f2-54e8-4f1b-b0f6-187d382fb995,"Tolong banget yah aplikasinya segera diperbaiki. Aplikasinya sering banget keluar-keluar sendiri, kadang baru login udah langsung keluar aja, bahkan kadang juga baru buka appnya tapi langsung keluar sendiri hadeh, begitu-begitu terus. Selain itu kalau mo buka aplikasinya nunggunya lamaa banget pada hal jaringan lancar. Pd hal dulu pas masih m-banking ga gini hadeh. Tolong yah aplikasinya segera diperbaiki dan diupgrade",tolong banget yah aplikasinya segera diperbaiki aplikasinya sering banget keluar keluar sendiri kadang baru login udah langsung keluar aja bahkan kadang juga baru buka appnya tapi langsung keluar sendiri hadeh begitu begitu terus selain itu kalau mo buka aplikasinya nunggunya lamaa banget pada hal jaringan lancar pd hal dulu pas masih m banking ga gini hadeh tolong yah aplikasinya segera diperbaiki dan diupgrade,5/22/2026 21:09,1,0
95bb8097-72cc-4c4b-bcac-ae00e86a4f05,ok,ok,9/20/2025 14:21,3,1
fc2f3b42-691b-4596-9b65-87966f32e8de,mantulll,mantulll,5/27/2025 19:37,3,1
1ecf8cf1-9421-4671-a198-63c314030b3d,"tampilannya menarik full colour, buat transfer maupun pengisian e wallet cepet banget prosesnya",tampilannya menarik full colour buat transfer maupun pengisian e wallet cepet banget prosesnya,9/5/2024 14:25,3,1
12135732-75c1-499e-a9cf-ef26df97cfd2,"aplikasinya sangat membantu, hanya saja nanti tolong diperbaiki bagian pengenalan wajahnya saja yang agak ribet...",aplikasinya sangat membantu hanya saja nanti tolong diperbaiki bagian pengenalan wajahnya saja yang agak ribet,10/9/2025 12:17,3,1
4b16e2a8-944f-4b60-a821-ab906ebf15d7,memudahkan,memudahkan,2/13/2026 11:43,3,1
e904c3db-a5f2-4ec8-a3f4-94939e123e17,mantap transaksi lbih cepat,mantap transaksi lbih cepat,2/22/2025 2:13,3,1
091e8131-54d5-4ea3-b49b-6dff2e06f921,sangat membantu sekali,sangat membantu sekali,2/27/2025 20:38,3,1
3eb3bad6-c0ad-4b90-ad32-6c59852341b5,Baik,baik,12/25/2025 14:29,3,1
4950cfea-2ce4-4a91-b2f9-685842c57bb1,tolong diperbaiki karena setiap pembersihan cache dan data HP pasti kalo ke appnya kembali dari awal lg harus verifikasi ktp dan wajah lg,tolong diperbaiki karena setiap pembersihan cache dan data hp pasti kalo ke appnya kembali dari awal lg harus verifikasi ktp dan wajah lg,1/18/2025 16:39,1,0
dfc5704b-3177-4002-8918-8e2fc3420968,goooood,goooood,7/29/2025 14:55,3,1
b3948021-0fd9-4846-8d13-d43276bf87c4,sangat puas,sangat puas,4/5/2026 10:43,3,1
6442ef2f-157e-461c-9230-70294c877781,"JELEK BANGET, setiap mau masukin Gmail, selalu ada kendala.",jelek banget setiap mau masukin gmail selalu ada kendala,9/14/2025 17:59,1,0
d5359cc5-9030-4837-9482-0dbfde3d3b4c,"G,enak pakai wonder by BNI sekarang, kirim ke e wallet limitnya cuma 2.000.000,/hari.",g enak pakai wonder by bni sekarang kirim ke e wallet limitnya cuma hari,11/18/2024 21:51,1,0
51b5d05b-960a-41b2-acfd-264842459857,Kapan di Wondr ada fitur tarik tunai cardless oiii,kapan di wondr ada fitur tarik tunai cardless oiii,1/29/2025 15:15,1,0
ab76a5c7-a23b-4314-a4f8-a8f37d7b9912,baguss,baguss,1/22/2026 18:31,3,1
988702ce-89b7-4f1d-9600-4d5fd17739bf,"aplikasi kok susah bnget buat login,jelekkkkk",aplikasi kok susah bnget buat login jelekkkkk,12/1/2025 13:17,1,0
55ba8f0b-343b-412d-add2-e1f609e850b0,bagus is the best,bagus is the best,3/16/2025 23:16,3,1
ec5c4085-b62a-459f-8112-4c3bfbe55607,sangat membantu,sangat membantu,10/24/2025 18:12,3,1
8fa6d89f-a400-401f-9af8-50a21d81be24,"Mantap, Apl wondr buatan Bank BNI ini Simple dan Praktis. Tanpa Kartu Fisik, bisa Melakukan Transaksi layaknya M Banking BNI.",mantap apl wondr buatan bank bni ini simple dan praktis tanpa kartu fisik bisa melakukan transaksi layaknya m banking bni,6/30/2025 21:44,3,1
898d13f6-e98d-4c97-927f-834ac5de04d1,Wondr by BNI jadikan harimu semakin berwarna 😉,wondr by bni jadikan harimu semakin berwarna,9/3/2024 17:39,3,1
13e29ba8-7c75-4f10-b364-3109f1f9a179,"kok eror gabisa dibuka dan mental, ini kenapa aplikasinyaa",kok eror gabisa dibuka dan mental ini kenapa aplikasinyaa,1/21/2026 7:53,1,0
800ad5bf-c796-416d-8e5e-0ae29dd53481,cepat dan praktis di setiap waktu,cepat dan praktis di setiap waktu,5/23/2025 21:38,3,1
0908159a-4bda-4411-a26a-e29a7ec7e639,mantap,mantap,3/10/2025 15:40,3,1
8acd8878-c8d3-4bca-9667-03f17dea6c3d,Ok Banget,ok banget,3/3/2025 9:59,3,1
b88db070-4149-4921-a419-8415992e0325,"sebenernya aplikasi ini bagus, tapi kenapa saldo tiba² kepotong mulu. Sisa saldo sy 20.000 sy isi 50.000 malah saldo sy jadi 54.000 . tolong dong kak diperbaiki, walaupun gak seberapa kalo begini terus ya rugi juga",sebenernya aplikasi ini bagus tapi kenapa saldo tiba kepotong mulu sisa saldo sy sy isi malah saldo sy jadi tolong dong kak diperbaiki walaupun gak seberapa kalo begini terus ya rugi juga,8/1/2025 16:25,1,0
2a7b68e9-2cdf-4c0b-9eea-0e0c47933d91,gak bisa tarik tunai lihat transaksi juga tidak lengkap mohon di perbaiki,gak bisa tarik tunai lihat transaksi juga tidak lengkap mohon di perbaiki,7/23/2025 12:01,1,0
24ff92d8-5ffa-4cb9-b44a-89aa4b8e488f,"mohon interfacenya diperbaiki lagi, terkadang suka stuck saat memulai",mohon interfacenya diperbaiki lagi terkadang suka stuck saat memulai,7/16/2025 18:43,1,0
65f30fe5-b611-4018-8b63-0794b453a7d4,Sangat bgus untuk mengelola dana,sangat bgus untuk mengelola dana,11/16/2024 4:35,3,1
a08f8fc3-dd36-434b-9a5a-e6f4b0628aa3,"Dear Tim wonder...dipendaftran untuk proses verifikasi wajah ko bisa lama sekali maintenance nya ya? Saya verif wajah 3x oke selesai..setelah itu terkendala lagi oleh jaringan jadi harus mengulang dari awal, besoknya saya coba lgi kok masih maintenance mulu si..",dear tim wonder dipendaftran untuk proses verifikasi wajah ko bisa lama sekali maintenance nya ya saya verif wajah x oke selesai setelah itu terkendala lagi oleh jaringan jadi harus mengulang dari awal besoknya saya coba lgi kok masih maintenance mulu si,11/28/2024 5:57,1,0
91ce74d6-2eff-4528-a9b8-b00f9973375a,bagus,bagus,7/4/2025 23:34,3,1
13f485c5-2416-4e80-8501-47f358af116c,baik,baik,3/24/2025 15:08,3,1
bfbd7682-97b2-49ed-a11a-7e52cac22c3b,suka,suka,7/23/2026 19:05,3,1
b0bd752a-ad68-4464-862c-a33ab34f5cfb,siip,siip,3/13/2026 22:56,3,1
2fa19752-2726-4986-bd22-5f63b39c87ab,sangat mudah,sangat mudah,3/10/2025 6:08,3,1
41ff60bb-bbae-46fc-bd56-432a3239c4d4,sangat bagus,sangat bagus,1/8/2026 1:45,3,1
be195d2b-5fe8-4e90-8a3d-0f7c20d30e62,sangat efisien..,sangat efisien,1/5/2026 10:08,3,1
efb08d2e-c1b9-4cc1-89c4-a16735770439,Kenapa BNI makin parah Ama ga jelas,kenapa bni makin parah ama ga jelas,11/25/2024 20:33,1,0
d32507d2-2eb3-4424-8f72-2e8ef4c48213,aplikasi yang OK..,aplikasi yang ok,4/6/2025 7:37,3,1
b85e5497-390e-42e6-9c5f-7653a734b3f5,terima kasih BNI.....TERBAIK,terima kasih bni terbaik,8/11/2025 12:11,3,1
258310ae-59fc-4b4f-87c6-cfc94b9b8a42,prosesnya cepat,prosesnya cepat,7/13/2025 11:55,3,1
05350b29-143d-4efc-84f9-fb61594117d8,pelayanan yang sangat 👍,pelayanan yang sangat,5/26/2026 10:44,3,1
6658d48a-28c9-420b-9694-b8dbce44f43d,mantap,mantap,12/10/2025 20:38,3,1
5d9705b3-5906-427c-bfbe-fb8e75b1b05d,Senang sekali dg adanya aplikasi ini. Ini aplikasinya kartu kredit yak,senang sekali dg adanya aplikasi ini ini aplikasinya kartu kredit yak,11/30/2024 18:57,3,1
8c99cf0c-12e2-4d4b-bc55-00473ca94855,Sangat bagus sinpel,sangat bagus sinpel,8/1/2024 13:40,3,1
f3e69ab6-84ed-4e83-865e-9b66314ec197,"kecewa sama aplikasi wondr by bni karna saat saya bayar ukt melalui aplikasi wondr by bni pada bukti transfernya gagal tapi saldo saya ketarik, mana nominalnya gak sedikit",kecewa sama aplikasi wondr by bni karna saat saya bayar ukt melalui aplikasi wondr by bni pada bukti transfernya gagal tapi saldo saya ketarik mana nominalnya gak sedikit,2/5/2025 22:41,1,0
f0dfd1ef-8ab7-423a-b6f8-487ce565a209,sangat puas dan tifak ribet👍,sangat puas dan tifak ribet,7/20/2026 15:12,3,1
f77f6d9f-3dc5-498f-9f7c-2dfd6729f175,keren,keren,3/10/2025 12:09,3,1
bca1ad58-5315-448f-8ea4-9a151830e3b6,Okelahh,okelahh,1/25/2025 19:41,3,1
8eb9ee54-36ac-4f7e-87a2-11887cd25765,bagus apk nyh sangat membantu,bagus apk nyh sangat membantu,3/27/2025 5:17,3,1
fb5fc482-0d7c-40b1-8253-cbbcfc728a85,"App bagus & simple..., sangat membantu memantau & transaksi keuangan, Bisa atur jadwal transfer, Bisa liat aset Smoga cepat ada update terbaru dengan menu lebih beragam seperti BNI mobile sebelumnya *Bayar Pertamina LPG 3kg *Mobile Tunai *Menu detail DPLK/BNI Simponi *Menu detail Pinjaman",app bagus simple sangat membantu memantau transaksi keuangan bisa atur jadwal transfer bisa liat aset smoga cepat ada update terbaru dengan menu lebih beragam seperti bni mobile sebelumnya bayar pertamina lpg kg mobile tunai menu detail dplk bni simponi menu detail pinjaman,8/1/2024 11:06,3,1
79c6b8bf-652a-4704-8901-714f1f5bc232,susah login ulang,susah login ulang,10/24/2025 16:43,1,0
4cb0e3d1-7529-454e-b996-499599ce5a01,transaksi bagus,transaksi bagus,7/21/2026 11:07,3,1
74c47484-6969-4708-89dd-9f5f80cfa6fc,Klo bisa wondr klo ada perbaikan sistem tolong diberi tahu dlu lewat media sosial atau lewat gmail supaya tidak menggagu.,klo bisa wondr klo ada perbaikan sistem tolong diberi tahu dlu lewat media sosial atau lewat gmail supaya tidak menggagu,11/25/2024 13:28,1,0
07a9fd53-c6f0-43ad-9547-4a4c7dd1f89e,Simple n memudahkan,simple n memudahkan,7/27/2024 10:26,3,1
fd793555-7d9a-4a4d-9e6f-3aa3b91c19d6,Kenapa saya tidak bisa login di aplikasi wondr?,kenapa saya tidak bisa login di aplikasi wondr,11/10/2024 19:29,1,0
51b414d6-f33d-4365-90d4-e59909041e46,gajelas ni wondr giliran pakai iPhone verifikasi nya bisa pas android ga bisa udh cape ni leher nahan muka didepan kamera kelamaan ga mau mau,gajelas ni wondr giliran pakai iphone verifikasi nya bisa pas android ga bisa udh cape ni leher nahan muka didepan kamera kelamaan ga mau mau,7/2/2025 12:55,1,0
c73c8ba7-29be-4518-b7da-c68e3f5dbc19,"Gangguan, lama banget benerin nya, pas bangetgi butuh.",gangguan lama banget benerin nya pas bangetgi butuh,11/25/2024 17:45,1,0
54d8f0bb-43de-4c23-a4cc-10b5086ca97f,"bagus mantap tp ada yg kurang, tidak ada notifikasi uang masuk,, yg ada uang keluar saja",bagus mantap tp ada yg kurang tidak ada notifikasi uang masuk yg ada uang keluar saja,3/3/2025 22:15,3,1
601b14e0-6494-4f8c-8b08-93a5f4d15196,bagus dan mantap,bagus dan mantap,6/27/2026 19:48,3,1
58620436-163d-4c6a-8fc1-5444b0dc5543,akun minta verifikasi email udah tak klik kenapa gak ada nomor verifikasi yang masuk ke email??? tolong dong jangan begini tingkatkan kualitas jangan mempersulit!!!!!!!!!,akun minta verifikasi email udah tak klik kenapa gak ada nomor verifikasi yang masuk ke email tolong dong jangan begini tingkatkan kualitas jangan mempersulit,12/30/2025 15:26,1,0
007bf452-f463-4eab-a743-f6536d2164db,Kenapa sering gangguan sih,kenapa sering gangguan sih,10/13/2024 8:03,1,0
f8b33f19-21d5-404a-ba37-983450dffd32,Ok,ok,7/8/2024 15:57,3,1
9a294e14-0e21-4eb6-a3b1-48fdca611126,tolong tambahkan fitur login dengan biometric ( sidik jari ),tolong tambahkan fitur login dengan biometric sidik jari,1/15/2026 20:57,1,0
b4052883-a170-4375-aec5-30d046649356,cepat,cepat,11/26/2025 12:42,3,1
354ae64e-3bf5-4a1d-9ee8-96960f50e3e5,apapun jadi lebih mudah👍👍👍,apapun jadi lebih mudah,3/11/2025 13:52,3,1
dc8cabc4-b5b2-4109-abe2-154a44fd6f5d,Sangat baik,sangat baik,5/11/2025 17:58,3,1
c680080d-f354-467c-a29f-71f34e4b5906,sagat keten,sagat keten,3/11/2025 16:47,3,1
b85f6339-1f29-48f8-8747-0b3b79126782,"keren, sgt suka",keren sgt suka,5/23/2025 3:01,3,1
9041a9c5-41a5-4dca-a303-2862f99cb196,SIMPLE,simple,2/8/2026 9:45,3,1
3d4c7ede-5edb-44e8-b4c4-d13c8eee6de8,"Keren Wondr BNI,mempercepat transaksi",keren wondr bni mempercepat transaksi,12/13/2025 11:46,3,1
ae8223df-8e54-4be6-a461-209fdb988742,ok,ok,7/11/2026 6:30,3,1
7ab29470-b203-4bf6-a044-2c9dab960e26,lumayan,lumayan,4/26/2025 16:21,3,1
4fe3b1a9-f392-4260-9a6f-1a944b77498b,oke mantap,oke mantap,5/23/2026 20:55,3,1
efac5588-3521-4598-8cd8-d9ec263d2d40,lebih suka apk yang lamaa pokoknya yang sekarang jelek,lebih suka apk yang lamaa pokoknya yang sekarang jelek,11/27/2025 12:59,3,1
8a5357ea-387f-49af-92be-43e9b27d7448,ok,ok,8/8/2025 9:29,3,1
db29c382-46d5-48a5-a966-f162306964b7,goooooood,goooooood,9/20/2025 8:48,3,1
92303a92-d7cc-4749-8b10-e87e96769726,apk tolol.. potongan ga ngotak,apk tolol potongan ga ngotak,1/7/2026 1:18,1,0
e12d155d-ba53-4eea-9fdd-26fd3ae50396,bagus,bagus,5/20/2026 16:33,3,1
f9506d85-34d1-41f4-8820-49fc4edc30fa,oke sekali lah puas,oke sekali lah puas,9/28/2025 20:23,3,1
184110d7-c3b3-496d-b5ec-8ab656c94857,nice,nice,5/16/2025 11:29,3,1
13629da6-e55f-4b0c-84c4-c792a9be4700,Sangat membantu mempermudah transaksi,sangat membantu mempermudah transaksi,6/26/2026 11:47,3,1
ab230577-5f9d-452f-85fc-bb02b5451d59,exelent,exelent,6/18/2025 11:15,3,1
748676cc-d285-44b8-850d-4da5b700207a,"sudah poto , malah gagal disuruh besok nya lagi",sudah poto malah gagal disuruh besok nya lagi,10/29/2025 13:00,1,0
a5614235-e0cb-43fa-b484-ebb29bf08b1f,baik,baik,3/14/2025 12:54,3,1
12f390f9-3c92-4428-9d40-624a6e530bb8,simpel enak,simpel enak,7/9/2025 19:37,3,1
cdee7032-c393-40a8-b050-94b53c4cffb9,Ok,ok,7/15/2024 12:53,3,1
1a9f1102-de19-498e-8104-d757c63faf7d,"saya sudah daftar di hp ayah saya, dikarenakan hp saya kameranya rusak, tapi pas saya download di hp saya kenapa tidak ada opsi login... malah daftar kembali.. tolong perbaiki min... tambahkan menu login... supaya misal kalau ada hp yg hilang/rusak dpat masuk.... dan tidak daftar lagi... terima kasih",saya sudah daftar di hp ayah saya dikarenakan hp saya kameranya rusak tapi pas saya download di hp saya kenapa tidak ada opsi login malah daftar kembali tolong perbaiki min tambahkan menu login supaya misal kalau ada hp yg hilang rusak dpat masuk dan tidak daftar lagi terima kasih,12/19/2025 22:09,1,0
c39e2dfc-44d1-408d-9f53-3b2ef902553d,sangat baik,sangat baik,11/2/2025 23:42,3,1
eeefaa27-8499-4739-8442-fa7fd0934a3d,lancar dan aman,lancar dan aman,12/15/2025 20:52,3,1
4f437677-1a49-42e8-9c5e-450669ddf608,gk bisa d buka apk nya,gk bisa d buka apk nya,8/1/2025 11:59,1,0
3a98462d-4a3c-4d8a-aa58-c3210a380977,"limit mulu cok, gak bisa transaksi lagi",limit mulu cok gak bisa transaksi lagi,12/23/2025 13:59,1,0
bec14fff-4961-4584-8714-792d2748e947,"GILA , APK GA BSA DI BUKA , HARUS DI DELETE TRUS DOWNLOAD ULANG BARU BISA DI PAKE !! MAKSD NYA APA CBA",gila apk ga bsa di buka harus di delete trus download ulang baru bisa di pake maksd nya apa cba,3/14/2026 12:44,1,0
fdecb0f3-cfbb-46ba-8e0d-c720c8f9ad75,sangat baik,sangat baik,2/25/2025 8:23,3,1
3bdb93c8-1255-4610-8456-d77f22f34b98,Mencoba dulu,mencoba dulu,12/5/2025 15:24,3,1
8525fba9-96a8-49d4-8b04-f4241778e634,tf ke dana gbsa bisa tolol,tf ke dana gbsa bisa tolol,7/2/2025 22:48,1,0
ddbb6e96-b345-40ab-b529-7e6f05602225,aplikasi nggak jelas gagal Mulu verifikasi wajah di bagian kedipkan mata,aplikasi nggak jelas gagal mulu verifikasi wajah di bagian kedipkan mata,11/24/2025 16:13,1,0
eb2d35a3-0b3f-4652-9053-207fa03a4cb1,sangat bagus,sangat bagus,2/9/2026 10:28,3,1
d8a34032-fd3a-4872-bec6-29a6a743eff0,mantap,mantap,1/29/2026 19:59,3,1
b52d9373-f2e9-4a42-8e5a-f5e615d093d9,BNI Wondr the best,bni wondr the best,3/15/2026 14:39,3,1
abb9cca4-da89-45a0-9ddb-f419952d5748,trima ksih,trima ksih,10/24/2025 15:03,3,1
2613dac8-7080-44fa-b64c-8593e3172faa,sangat membantu,sangat membantu,4/16/2025 23:40,3,1
11b648e9-6d60-4849-85b4-658f0382a2dc,"Baik, mudah dan sangat membantu",baik mudah dan sangat membantu,7/15/2024 8:49,3,1
e77f96cb-172d-4793-a809-5f1de7cd3351,Mantap,mantap,1/10/2025 10:12,3,1
7a8586b2-7da0-4f08-9685-7ca482516e47,👌 cantik..!! 👍,cantik,3/2/2025 18:46,3,1
2e441b26-61da-4231-b357-792818a80036,Sejarah baru terukir.Error dri siang sampe sore.25/11/2024.Melompat lebih tinggi kah? Nyungsep ternyata,sejarah baru terukir error dri siang sampe sore melompat lebih tinggi kah nyungsep ternyata,11/25/2024 18:35,1,0
a6865167-2566-4d01-bdbe-07c964146dc6,sangat membantu,sangat membantu,5/2/2025 22:56,3,1
abfb095a-8a7a-4e8b-9be2-122f376bbcf3,aplikasi sering eror saat mau di pakai transaksi,aplikasi sering eror saat mau di pakai transaksi,6/8/2026 12:28,1,0
8b399c09-81aa-4c95-9f0f-b2fd1869d0d0,Sangat Bagus,sangat bagus,12/1/2024 1:29,3,1
cd847740-5305-4f83-bf05-b64dde33410e,sangat membantu,sangat membantu,2/10/2026 6:15,3,1
4b774e78-f574-489a-a289-7ac6b228f0f8,memper mudh teransaki,memper mudh teransaki,3/21/2025 21:04,3,1
ed87ece7-0784-4beb-a08f-05c3b806e6c3,lumayan,lumayan,5/10/2026 17:09,3,1
906b21e8-f444-4328-ac78-e1128d6a177b,sekarang QRIS saya gagal dan saldo saya ke potong saya harus apa,sekarang qris saya gagal dan saldo saya ke potong saya harus apa,3/20/2025 5:49,1,0
5765492a-016f-43ea-b4e0-34ae827a35d1,Sangat membantu sekali,sangat membantu sekali,5/17/2025 16:39,3,1
c7738b36-f564-4b4b-bce3-9b1d13e6ff41,proses transfer mudah dan sangat membantu sekali,proses transfer mudah dan sangat membantu sekali,4/14/2026 15:56,3,1
68b5f9ad-e391-4355-ae44-7f44d2b05365,"Aplikasi burik, katanya update an dari BNI Mbangking, ternyata merepotkan. Susah login",aplikasi burik katanya update an dari bni mbangking ternyata merepotkan susah login,11/25/2024 20:52,1,0
31b960fb-4cb7-4dc6-a684-a4950d0b6e53,service excellent,service excellent,4/2/2025 7:24,3,1
328ad743-1d7e-40ae-86a0-0771ae65af88,mantap,mantap,3/27/2025 23:13,3,1
a0450c03-37fb-43be-a06c-98934a8b5084,sangat bagus,sangat bagus,3/3/2025 1:48,3,1
766281db-2b2a-4fe7-afcb-d1c1203710ea,Mantap,mantap,1/10/2025 20:38,3,1
85513757-3fac-490f-891a-8f772b923f4c,baik,baik,3/5/2026 17:04,3,1
1a4f40f8-5e27-44d0-b073-3493c53bac91,"ada yang sama gak, dari kemarin sampai hari ini kok aplikasinya ga bisa kebuka2",ada yang sama gak dari kemarin sampai hari ini kok aplikasinya ga bisa kebuka,5/4/2025 18:59,1,0
c60e547e-27ca-4b60-b91e-92045d1b65de,kenapa ngk bisa ambil semua yang dibank BNI,kenapa ngk bisa ambil semua yang dibank bni,6/13/2026 11:55,1,0
33e98249-40e1-4065-a3f7-6e32f6951863,Wonderfull pakai wondr segalanya menjadi cepat dan mudah,wonderfull pakai wondr segalanya menjadi cepat dan mudah,9/4/2024 22:27,3,1
0f8daf41-d159-4c6d-85c8-d557bfef4253,keren,keren,3/29/2025 23:14,3,1
4bc35b80-654a-4bf4-a768-0748d46edde7,tunjukan dan pertahankan layanan terbaikmi,tunjukan dan pertahankan layanan terbaikmi,4/17/2025 11:53,3,1
3cd618f6-9e4a-4fa6-904f-d79fc80c7170,"Minta tolong dong please, 🙏 untuk aplikasi wonder, jika ada transferan uang masuk deskripsinya harus jelas dan datail untuk berita acaranya, apakah itu uang gaji atau uang apa jelas deskripsinya seperti aplikasi BNI mobile banking dulu",minta tolong dong please untuk aplikasi wonder jika ada transferan uang masuk deskripsinya harus jelas dan datail untuk berita acaranya apakah itu uang gaji atau uang apa jelas deskripsinya seperti aplikasi bni mobile banking dulu,8/3/2025 21:44,1,0
548d0fdc-8fcc-4289-a7c6-2bc642f2bb89,Aplikasi bagus,aplikasi bagus,9/20/2024 14:16,3,1
a06bb772-d725-4f73-8724-b53de774cb55,aplikasi lambat,aplikasi lambat,2/4/2026 11:33,1,0
90f67c8d-9cce-4fff-ad1e-f10aa5043029,Klau Verifikasi wajah.. agak sulit... Tolong di perbaiki min...,klau verifikasi wajah agak sulit tolong di perbaiki min,11/27/2024 15:37,1,0
005625f5-50fd-42a5-b19e-294dd5b3e772,bagus,bagus,7/11/2024 11:39,3,1
249c9124-25c3-4c31-b7df-71026e1b022a,"Lebih suka sama aplikasi dari bank BNI yang ini,soalnya dipakai tuh lancar,engga ada bug sama sekali. Transaksi aman, lancar, dan biaya adminnya murah untuk transfer ke bank lain. Terimakasih ya admin WONDR",lebih suka sama aplikasi dari bank bni yang ini soalnya dipakai tuh lancar engga ada bug sama sekali transaksi aman lancar dan biaya adminnya murah untuk transfer ke bank lain terimakasih ya admin wondr,12/2/2024 11:05,3,1
498079ff-bba5-4576-be18-618945594149,Tidak bisa tarik tunai. Wkwkw..,tidak bisa tarik tunai wkwkw,11/5/2024 21:14,1,0
b43eac1d-810e-4a14-a198-7f92840dff8b,sangat membantu dalam bertransaksi,sangat membantu dalam bertransaksi,2/22/2025 11:50,3,1
cc3867d1-3843-4554-9772-53dabb4f7476,baik,baik,3/15/2026 16:11,3,1
d7465a6f-0b30-48ae-a2c0-db12e4e18b88,jos,jos,3/12/2025 12:59,3,1
7c63baf9-7dbd-4db0-9ded-5c014ba40891,lumayan,lumayan,4/15/2026 12:23,3,1
4757d017-394d-4324-a68d-c7747ddfb8c6,"Mohon diperbaiki untuk top up Dana kenapa tidak bisa lebih dari 2jt, Sedangkan di app bank lain bisa. Ayo tim BNI kamu bisa",mohon diperbaiki untuk top up dana kenapa tidak bisa lebih dari jt sedangkan di app bank lain bisa ayo tim bni kamu bisa,7/20/2025 23:55,1,0
2fcc7283-8ffe-4a79-b34b-48c87963fd6d,ok,ok,3/10/2025 6:55,3,1
52018b87-7167-4988-b420-7a34ed51398a,ok,ok,7/27/2025 7:44,3,1
52bf7c51-5e24-44e9-bc01-d808d754c982,memang okee,memang okee,3/15/2025 21:24,3,1
4a10be86-3b09-4980-9ae0-15e356f026dc,"emang paling the best BNI, jadi lebih mudah transaksi dgan BNI. menyimpan jadi lebih baik dan terpercaya untuk menabung di BNI.",emang paling the best bni jadi lebih mudah transaksi dgan bni menyimpan jadi lebih baik dan terpercaya untuk menabung di bni,12/18/2025 11:36,3,1
3d2091bd-a611-4bfa-acfd-b89bfc509283,ga bisa buka wondr lagi gangguan ya ???,ga bisa buka wondr lagi gangguan ya,4/30/2026 1:22,1,0
6139ea8f-0b70-4b93-a5d3-fee156373f49,mudah dan menyenangkan,mudah dan menyenangkan,6/21/2025 23:01,3,1
5381c610-c1c7-4c81-abad-8334b69c477f,mantull.. sangatt membantu sekali..,mantull sangatt membantu sekali,5/28/2025 15:46,3,1
9e7618ce-ca3a-4b66-bf61-ed2093229e78,membantu,membantu,7/24/2026 8:57,3,1
767ec037-35e0-4fe6-89f4-7462d69fb479,Ini mau verifikasi email tapi otpnya kirimnyq lama banget. Sudah diinput sesuai yang masuk di email tapi masih aja salah. Bingung jadinya,ini mau verifikasi email tapi otpnya kirimnyq lama banget sudah diinput sesuai yang masuk di email tapi masih aja salah bingung jadinya,10/2/2024 13:58,1,0
bb5d4978-636e-41a6-a5db-7767443f9d65,"Sudah menggunakan aplikasi wondr, dimenu bayar &beli pulsa dan paska bayar tidak ada menu pilih operator, apa harus di ulang instal. Transaksi favorit yang sebelumnya ada di aplikasi bni mobile pada hilang. Intinya masih belum mengakomodir transaksi seperti di bni mobile Mohon informasinya",sudah menggunakan aplikasi wondr dimenu bayar beli pulsa dan paska bayar tidak ada menu pilih operator apa harus di ulang instal transaksi favorit yang sebelumnya ada di aplikasi bni mobile pada hilang intinya masih belum mengakomodir transaksi seperti di bni mobile mohon informasinya,11/9/2024 15:09,1,0
11d33b22-ca28-4efd-b12a-df9b2603c5f7,bagus sangat membantu,bagus sangat membantu,5/20/2025 21:13,3,1
77fc2583-592f-42c4-a57b-29410851132a,ok,ok,5/28/2025 19:52,3,1
9315becc-01f6-4d12-9af0-3ddc4d1bf4aa,"sangat jelek aplikasinya, jaringan sangat sering bermasalah",sangat jelek aplikasinya jaringan sangat sering bermasalah,12/1/2025 15:02,1,0
85bae10a-d64c-4864-ad0d-06d182fb3c72,"mantap aplikasinya, pemberitahuannya oke tanpa perlu SMS notif",mantap aplikasinya pemberitahuannya oke tanpa perlu sms notif,7/22/2025 16:40,3,1
0d4a2203-561d-4ded-8afb-3fb510c1338d,bagus,bagus,3/10/2026 10:46,3,1
e865ade9-655d-4688-a93a-9c6ecf426273,sangat membantu dalam transaksi,sangat membantu dalam transaksi,6/11/2025 7:27,3,1
9aa9205a-4b74-4885-8461-9731b6171b5e,buang buang waktu saja. saya tidak akan pernah lagi menggunakan aplikasi anda. terimakasih 🙏,buang buang waktu saja saya tidak akan pernah lagi menggunakan aplikasi anda terimakasih,12/9/2025 12:48,1,0
68a39b9d-de0e-4335-b20f-5e5b57f3f6d3,sangat bermanaat dan cepat dlm bertransaksi.,sangat bermanaat dan cepat dlm bertransaksi,1/30/2026 2:57,3,1
0bfb6510-f46b-4463-b815-437a4dfc355b,transaksi lancar,transaksi lancar,5/27/2025 17:19,3,1
2e35e2c4-0811-4b68-81d8-df57eafbaf00,bagus,bagus,1/8/2026 23:41,3,1
32bd4c63-8ac1-46f3-bd8b-f427bbe6b51a,Apaasi g enk bngt kapan jarang di pakek pas di buka aplikasi nya langsung ad kenda g bisa k buka g enk bngt mn kendala nya ampek sehari lg kalok lg butuh gmn iiiiwwww di perbarui bukan tmbh bgs atau canggih mlh tmbh g enk ganti aj deh ganti,apaasi g enk bngt kapan jarang di pakek pas di buka aplikasi nya langsung ad kenda g bisa k buka g enk bngt mn kendala nya ampek sehari lg kalok lg butuh gmn iiiiwwww di perbarui bukan tmbh bgs atau canggih mlh tmbh g enk ganti aj deh ganti,9/25/2024 12:17,1,0
6dd67e22-0441-444c-b9c6-010bbc728664,aplikasi yang sangat membantu,aplikasi yang sangat membantu,12/1/2025 17:13,3,1
cda57810-1458-4cd9-91ed-9e44d7e8d143,sangat baik,sangat baik,3/25/2026 10:56,3,1
c97017c3-4419-4cd9-b10b-16b9e7f7e47a,transaksi apa aja bayarr nya pake wondr cepat bangett. lucu tampilannya,transaksi apa aja bayarr nya pake wondr cepat bangett lucu tampilannya,9/3/2024 10:58,3,1
8ee6e9f5-13de-4fe8-9161-a541d81421b9,sangat membantu,sangat membantu,4/19/2026 12:20,3,1
ca02df95-6269-41bb-9800-2a8bf0a9c365,mantap dan cepat tks BNI,mantap dan cepat tks bni,7/29/2025 23:00,3,1
690f907d-b4f1-49c2-8bab-760fb7ac48c9,sangat membantu saya dalam transaksi,sangat membantu saya dalam transaksi,7/1/2025 20:18,3,1
a75d40eb-a3b8-4e0d-ab92-72d5ce198700,Suka dengan apk wondr BNI ini karna dia fiturnya lengkap dan bisa membantu kita untuk nabung rutin dan bisa milah² dana kita,suka dengan apk wondr bni ini karna dia fiturnya lengkap dan bisa membantu kita untuk nabung rutin dan bisa milah dana kita,12/25/2024 21:29,3,1
193d99a1-fd04-4828-b0d1-14ca99963ad7,sangat membantu,sangat membantu,7/2/2025 10:16,3,1
cd44df93-6a3b-4a5c-8fa7-7031a0586f4e,Susah sekali mw verifikasi email,susah sekali mw verifikasi email,10/1/2024 15:28,1,0
cce5cf98-84bd-4f40-bf25-74c0824b6e35,bagus,bagus,11/19/2025 6:27,3,1
7146fce9-1d55-4350-b9fa-925ab56542bd,tampilan aplikasinya lucu bangett dan warna2nya super fun,tampilan aplikasinya lucu bangett dan warna nya super fun,7/18/2024 12:51,3,1
5735326a-d89f-4ece-ad72-68d1379b6b8b,"saldo ada di akun malah transaksi gagal mulu ini ada apa dari kemarin apa BNI bangkrut,",saldo ada di akun malah transaksi gagal mulu ini ada apa dari kemarin apa bni bangkrut,3/16/2026 18:07,1,0
374c7dc5-1d4a-41fc-a28f-07b227b06611,"Aplikasih yang sangat bagus, bertransaksi sangat mudah dan cepat",aplikasih yang sangat bagus bertransaksi sangat mudah dan cepat,8/4/2024 18:30,3,1
08973611-0653-4a2a-9b2e-901799c2e427,"Ribet banget apk ini gak seperti bni awal,banyak lemotnya, banyak perbaikan sistem, terus tiba2 kluar sendiri, dibuka lagi langsung eror, semoga apk.nya pindah lagi seperti BNI awal , lebih enak, untuk transaksi, gak ribet seperti wondr 😭😭😭😭😭",ribet banget apk ini gak seperti bni awal banyak lemotnya banyak perbaikan sistem terus tiba kluar sendiri dibuka lagi langsung eror semoga apk nya pindah lagi seperti bni awal lebih enak untuk transaksi gak ribet seperti wondr,11/25/2024 20:27,1,0
4a2dcf3e-a838-4830-9821-b309a42c095b,terlalu sering kendala,terlalu sering kendala,12/1/2025 20:49,1,0
099a641b-9ec9-4cc5-8a5b-4b271f47f050,Mantap meen :),mantap meen,7/16/2024 17:41,3,1
5d266878-5e95-4e40-82e9-df19158fd88f,baik,baik,7/12/2025 7:57,3,1
4f442f34-6be3-4fab-ac19-b5de7d63d4cc,bagus,bagus,10/9/2025 8:29,3,1
af852e24-be76-4cd7-99bf-30c70122196c,oke,oke,7/1/2025 9:16,3,1
0f564b4c-45b1-4f4d-b7f5-efc3b081936d,"suka eror, terkadang hilang sinyal. Suka kembali sendiri ke menu awal. Gak sering tapi ada beberapa kali terjadi di saya.",suka eror terkadang hilang sinyal suka kembali sendiri ke menu awal gak sering tapi ada beberapa kali terjadi di saya,3/6/2025 17:23,1,0
c16c6edf-6078-4a14-ba5d-b8f4efd2027b,tiap transaksi tidak disebutkan saldo akhirnya,tiap transaksi tidak disebutkan saldo akhirnya,3/7/2025 20:33,1,0
0949f20e-8200-4b77-a583-86667b19ed67,Buggg,buggg,12/9/2024 16:11,1,0
5dd41f50-b05a-4fbb-9d9f-27f1617c8582,sangat bagus,sangat bagus,5/20/2025 10:54,3,1
b5ad153e-3c52-4680-82d0-c501338d7b30,"Lancar dari awal, giliran verifikasi email terjadi bugg, dicoba sampai berkali kali nggak masuk. Giliran ada email OTP masuk waktunya udah habis, dan suruh kembali mencoba besok. Lha mbok kalau belum siap melantai tuh jangan maksain",lancar dari awal giliran verifikasi email terjadi bugg dicoba sampai berkali kali nggak masuk giliran ada email otp masuk waktunya udah habis dan suruh kembali mencoba besok lha mbok kalau belum siap melantai tuh jangan maksain,8/2/2024 17:02,1,0
1659aa76-2fde-49ca-918a-1e23fed89af7,memudah kan dlm setiap transaksi,memudah kan dlm setiap transaksi,7/26/2025 18:25,3,1
7f095352-efc5-4bd7-9321-82a7c00300ff,Gaje,gaje,11/25/2024 22:18,1,0
f73c2377-c30f-4735-bb18-ae44a1ec7bae,ok banget,ok banget,4/19/2025 12:05,3,1
18349c4d-d080-491d-bc87-b5990eb01394,sangat puas pakai wondr,sangat puas pakai wondr,12/29/2025 11:07,3,1
a01dbb0b-378f-478a-820f-61d9063ef009,mantap aplikasi wondr by BNI transaksi lebih mudah. pokoknya mantap 🙏🤝👏,mantap aplikasi wondr by bni transaksi lebih mudah pokoknya mantap,4/13/2025 2:48,3,1
43524a87-f1c7-4419-821d-0c50e9f8609d,"Aplikasi ini membantu nasabah bertransaksi ,respon cepat",aplikasi ini membantu nasabah bertransaksi respon cepat,3/1/2025 10:26,3,1
0a5f81fb-3daf-4eac-823e-2bc833fc361a,"Hy developer winder,kenapa ya sistem wonder saya bermasalah padahal jaringan nya baguss,ngx ada bermasalah tolong di perbaiki secepatnya ya,",hy developer winder kenapa ya sistem wonder saya bermasalah padahal jaringan nya baguss ngx ada bermasalah tolong di perbaiki secepatnya ya,2/13/2025 1:28,1,0
1b647320-a024-4038-84f1-eb20778f862a,aplikasinya bikin susah. emang lebih simpel. tapi di batasi. sedangkan akun lama transfer dana shopee pay ovo bisa 1 hari 10 jt. nah sekarang di batasi jadi 1 jt. kita nie mau jualan bukan hanya sekedar tabungan. uang hendak di putar². makin nyusahin sumpah. dana banyak masuk tapi gak bisa di keluarkan situ mau makam uang atau gimana? apk bni lama bisa loh ya. gak usah sok iye lah,aplikasinya bikin susah emang lebih simpel tapi di batasi sedangkan akun lama transfer dana shopee pay ovo bisa hari jt nah sekarang di batasi jadi jt kita nie mau jualan bukan hanya sekedar tabungan uang hendak di putar makin nyusahin sumpah dana banyak masuk tapi gak bisa di keluarkan situ mau makam uang atau gimana apk bni lama bisa loh ya gak usah sok iye lah,11/26/2024 15:14,1,0
81a45d1a-5b5b-4c26-ba2f-6b1ae16bcf2a,baik,baik,6/28/2026 20:28,3,1
bc9a6a5a-f47f-4071-a6f0-5688e954c17e,gak bisa tf knapa ya,gak bisa tf knapa ya,12/27/2025 1:22,1,0
aac78e75-60f0-40bc-9222-a7393b6a379b,sangat membantu,sangat membantu,4/17/2026 22:06,3,1
7da25f5d-33c4-4cdb-b746-111eb3ebafbf,baik,baik,2/23/2025 10:14,3,1
cce0bb92-c537-4a93-890f-12051d020034,mantap,mantap,2/25/2025 2:14,3,1
7664443c-3be5-4ace-82ac-66f43313164d,"Sampah... Selalu bermasalah mulai mutasi, gagal tapi hilang saldo, Koneksi lancar tapi gsk bisa dibuka, registrasi ulang terus... Sampahhhh ini app BNI Wondr..",sampah selalu bermasalah mulai mutasi gagal tapi hilang saldo koneksi lancar tapi gsk bisa dibuka registrasi ulang terus sampahhhh ini app bni wondr,12/1/2025 17:48,1,0
de541ef7-fc59-42ce-9528-34cac8ad9e86,"Baru juga download udh minta updateee, memperlancar? Memperburukkk!!!! Kembalikan mbanking bni.!!! Lebih praktis dan aman di memory 💔",baru juga download udh minta updateee memperlancar memperburukkk kembalikan mbanking bni lebih praktis dan aman di memory,12/12/2024 16:17,1,0
23806c4e-677d-4399-86e8-3a703524096b,mudah,mudah,1/30/2026 1:09,3,1
8e8e97fe-9be0-42ce-a2a1-3744f1c1b575,sangat baik,sangat baik,6/24/2026 1:19,3,1
54b6c95a-d3de-4ae4-abc8-8ad2db5e7f0f,sangat membantu,sangat membantu,5/22/2025 13:42,3,1
ddb04181-5fcc-4fd1-8ff0-c46216f2395e,ok,ok,8/3/2025 12:52,3,1
a5d839c0-62db-457e-b564-64e04c074d59,ok,ok,4/1/2026 20:01,3,1
27dd9dd9-70f8-46c9-aeae-df78a78dc071,Kok ga ada perivikasi wajah ya,kok ga ada perivikasi wajah ya,10/5/2025 22:14,1,0
a9f13f81-1cb7-48ce-b525-1c7353541d04,"Pake aplikasi ini sebgai bentuk dukungan digitalisasi keuangan. Dengan didukung bank yang sudah terpercaya, menambah kepercayaan orang-orang buat download apk ini.",pake aplikasi ini sebgai bentuk dukungan digitalisasi keuangan dengan didukung bank yang sudah terpercaya menambah kepercayaan orang orang buat download apk ini,12/2/2024 20:56,3,1
c6457d9b-5713-48cf-a5dd-05dec0aae8e9,"aplikasinya bagus bangeett, banyak promo dan fiturnya lengkap.. memudahkan gen z yang sering qris qris kalo beli makan. buruann download dehh pasti setiap bulan ada aja promo promo menarikk",aplikasinya bagus bangeett banyak promo dan fiturnya lengkap memudahkan gen z yang sering qris qris kalo beli makan buruann download dehh pasti setiap bulan ada aja promo promo menarikk,12/1/2024 12:23,3,1
aadaa843-dcc0-42bb-b6eb-67aa7be74d9e,aplikasi keren bangeet,aplikasi keren bangeet,11/26/2025 14:42,3,1
6b01fb93-8273-4910-9dd0-c8ec4f0a6552,no kendala.. lancar jaya,no kendala lancar jaya,4/21/2025 13:35,3,1
99194ab2-39e2-4f90-8796-d757a46f5d32,"Sangat membantu sekali, aplikasi mudah digunakan. Mantaapp wondr",sangat membantu sekali aplikasi mudah digunakan mantaapp wondr,3/27/2026 11:26,3,1
50b0d3e5-1e28-41d6-af68-e9b497ed99d2,ok asik,ok asik,6/15/2026 9:36,3,1
a02c41c7-38e9-4e9b-9fea-0a7016f8c9d5,good,good,6/11/2026 20:01,3,1
9aa4301c-bfa1-4c38-b2c4-5a8aee47b7f8,top,top,2/15/2026 7:42,3,1
75b6bb5f-589d-4610-8f11-19a954b66223,sy mengalami pengalaman yg kurang menyenangkan dengan aplikasi ini hari ini 23/10 ketika ingin melakukan pembayaran aplikasi tidak bisa d buka dengan alasan tidak terhubung dengan internet. tolong d bantu bagaimna solusinya,sy mengalami pengalaman yg kurang menyenangkan dengan aplikasi ini hari ini ketika ingin melakukan pembayaran aplikasi tidak bisa d buka dengan alasan tidak terhubung dengan internet tolong d bantu bagaimna solusinya,10/23/2025 12:04,1,0
ec8cecce-c5f2-4caf-ab7a-0e293b5c496c,bagus sejali,bagus sejali,12/20/2025 17:25,3,1
729ca2db-2642-49f1-8365-e5c7e8c4d9f1,bagus,bagus,10/11/2025 13:04,3,1
f0b2bc29-733b-4f5e-a2a8-9849b4e27c7c,mantap,mantap,7/16/2026 7:05,3,1
bdf55407-1d6f-4046-8fae-29aa530ea035,tingkatkan terus,tingkatkan terus,3/1/2025 10:52,3,1
7708e1ca-af37-459c-ab86-dd1120472c36,sangat membantu,sangat membantu,7/4/2026 5:20,3,1
fb2ec112-0cab-4f06-9b3e-8dbefca1460f,eror terus... padahal paket kuota masih full masih saja tidak bisa terbuka dengan notif karena tidak terhubung jaringan internet... sudah cari solusi tutorial masih saja tidak bisa...,eror terus padahal paket kuota masih full masih saja tidak bisa terbuka dengan notif karena tidak terhubung jaringan internet sudah cari solusi tutorial masih saja tidak bisa,12/1/2025 17:35,1,0
ef31b06f-b1c6-42b0-9a09-ec917a51aa77,sangat membantu,sangat membantu,4/8/2026 6:48,3,1
e3ae3838-be6e-4d46-ad24-acbb78fa047b,bagus lebih mudah,bagus lebih mudah,2/25/2026 9:53,3,1
c527e367-a761-4639-8435-663880ce3a50,bagus,bagus,9/30/2025 19:20,3,1
e56ce636-f0f6-4e30-9539-0153201a19eb,Ribet untuk login aja... bikin pasword login pun tidak sesuai dengan keinginan nasabah... kirim otp aja ke no whatsaap ga masuk2 ujung2nya nunggu bsk padahal lagi ada kepertuan penting,ribet untuk login aja bikin pasword login pun tidak sesuai dengan keinginan nasabah kirim otp aja ke no whatsaap ga masuk ujung nya nunggu bsk padahal lagi ada kepertuan penting,8/30/2024 9:36,1,0
c2195c93-0910-4595-b68e-84aa727368f9,sangat membantu,sangat membantu,4/19/2026 18:38,3,1
108d2111-856a-4de8-944b-0e028964c3c4,sangat bagus tpi klo bisa ditingkatkan dan fiturx lebih keren,sangat bagus tpi klo bisa ditingkatkan dan fiturx lebih keren,4/21/2026 5:04,3,1
a00fb5a1-5bf8-46e4-9db0-1d09f5386fa7,keren,keren,11/2/2025 22:55,3,1
67c97a60-27f7-431a-b2cb-78c09753c2f2,"Sangat nyaman bertransaksi di aplikasi wonder ini,,,,,👍👍👍",sangat nyaman bertransaksi di aplikasi wonder ini,8/5/2025 11:54,3,1
cf480489-0323-40bb-900b-ff6a51106424,Super app yg simple dan keren♥️♥️,super app yg simple dan keren,9/4/2024 9:10,3,1
08f03a5a-40fe-48e7-bb49-233896fbcf06,Bagus,bagus,7/9/2025 18:13,3,1
d36a57dd-30cd-47e8-bb5d-f3f170c60da0,bagus,bagus,7/7/2026 19:09,3,1
14419931-5b92-417a-9e57-d5ce481d0646,Sangat membantu,sangat membantu,12/3/2024 9:35,3,1
7f758723-19b5-4542-a11e-1e35b3244cd0,sangat puas,sangat puas,11/11/2025 20:31,3,1
a73985e1-40c9-43f7-9f01-eff6152cada5,mantap kaka,mantap kaka,1/13/2026 6:43,3,1
5aabcd5c-3a42-40e4-9469-20dc1529ae2d,LEMOT,lemot,10/16/2025 19:49,1,0
be67cb0b-e9cb-4307-9733-1f24f34904e5,Blm mau ganti sama yang baru masih tetap pakai yang lama 😄,blm mau ganti sama yang baru masih tetap pakai yang lama,3/31/2025 9:04,1,0
8d7bef30-0d2a-416b-9cc6-ab10dea9b7c7,sangat bermanfaat dan memuaskan terima kasih,sangat bermanfaat dan memuaskan terima kasih,9/18/2025 14:50,3,1
a11ee407-2867-424a-8d9e-7e9bce8f6bd8,Tlng tambahkan pilihan tarik tunai tanpa kartu. Bank lain sudah punya semua,tlng tambahkan pilihan tarik tunai tanpa kartu bank lain sudah punya semua,1/28/2025 12:53,1,0
bacbbaff-7cc4-4f28-80be-dc528bb7f081,"Fitur Cardless nya msh menggunakan OTP, dan itu hrs BER PULSA, Coba ikutin BRI, MANDIRI yaa, ckup Kode Transaksi dan No. Hp saat penarikan Tanpa Kartu, tks, smga ada perubahan!!!",fitur cardless nya msh menggunakan otp dan itu hrs ber pulsa coba ikutin bri mandiri yaa ckup kode transaksi dan no hp saat penarikan tanpa kartu tks smga ada perubahan,11/8/2025 21:20,1,0
27d5200b-9194-44fb-8176-e4806748fcd5,kurang nyaman.. lebih enak BNI mobile..,kurang nyaman lebih enak bni mobile,5/28/2025 21:40,1,0
169dbfa9-fbba-478b-837d-0257f6c56ce1,Layanan memuaskan 👍🙏,layanan memuaskan,10/9/2025 21:00,3,1
3236d8ed-d631-4ee8-8406-dc706d106189,Sangat mempermudah proses transaksi,sangat mempermudah proses transaksi,5/12/2026 8:17,3,1
6b197067-4a9b-4164-bfb1-8701c48920fc,mudah dan simple,mudah dan simple,5/18/2026 19:47,3,1
9bb29088-4d46-49b5-a486-2dbe9edffd01,"Sudah order kartu ATM via app wonder dari tanggal 30 Sept sampai saat ini tidak kunjung datang, setelah dicek di kantor cabang ternyata blm masuk datanya sedangkan di app wonder status kartu sudah dicetak & dikirim tgl 6 Okt. Kartunya kemana ya?",sudah order kartu atm via app wonder dari tanggal sept sampai saat ini tidak kunjung datang setelah dicek di kantor cabang ternyata blm masuk datanya sedangkan di app wonder status kartu sudah dicetak dikirim tgl okt kartunya kemana ya,10/22/2025 15:45,1,0
282ee81f-e913-424e-92d9-fbe5f1983ade,kenapa saya pakai aplikasi ini saldo saya jadi berkurang yaaa.. mohon di perbaiki lgi aplikasi nya,kenapa saya pakai aplikasi ini saldo saya jadi berkurang yaaa mohon di perbaiki lgi aplikasi nya,4/4/2025 12:49,1,0
4e455ee7-4284-45e7-9b15-2ece7dcbf08c,terbaik,terbaik,8/5/2025 9:49,3,1
ae2d0d46-6e39-4734-93c0-3381757f54a7,Lebih baik aplikasi yang lama,lebih baik aplikasi yang lama,11/26/2024 11:30,1,0
9bdfd55e-9651-4fd4-9c48-f221251c4a31,sangat mudah dan memuas kan,sangat mudah dan memuas kan,2/16/2026 15:52,3,1
3ca0820f-af37-48b0-9fc6-a9cf03276eac,ok bagus,ok bagus,3/22/2026 1:46,3,1
3ad43315-87aa-498c-9142-76085113c6f1,mantap dan mudah,mantap dan mudah,3/10/2026 16:42,3,1
0765c609-386f-4a81-bc50-7dbf8c16ca7e,istimewa,istimewa,9/19/2025 9:05,3,1
2cd5049e-a743-4e6b-8020-de61eeff4ac0,untuk saat ini sangat membantu saya terimakasih,untuk saat ini sangat membantu saya terimakasih,2/25/2025 21:24,3,1
9582952b-98fa-4f51-aa0a-a47ac1e9af5b,baik,baik,11/18/2025 20:07,3,1
ff356d67-8f15-4e14-89f9-0c8a30a00a91,good,good,1/24/2026 11:36,3,1
592826ef-bb45-42bf-8051-bad69ef00564,Aplikasi 👍💯,aplikasi,3/25/2025 13:35,3,1
cbc38870-7072-4e3d-b912-a2cef04a419e,"setelah update terakhir, notif tranfer masuk di handphone dan di aplikasi menjadi delay. mohon team developer untuk fix bug nya. terima kasih",setelah update terakhir notif tranfer masuk di handphone dan di aplikasi menjadi delay mohon team developer untuk fix bug nya terima kasih,1/10/2026 21:25,1,0
b90fbad9-e132-46dd-a2af-4bbb2c179c1a,"Tampilan keren , mudah dipahami, lebih praktis",tampilan keren mudah dipahami lebih praktis,9/6/2024 19:38,3,1
f12af98a-fa31-4105-8d37-fdbbffdd4cb7,lebih bagus ketimbang kebanyakan aplikasi bumn,lebih bagus ketimbang kebanyakan aplikasi bumn,3/4/2025 8:31,3,1
5616cfdf-a485-49d7-99cf-c4e5e4ccf7b9,sgat mudah,sgat mudah,7/28/2025 14:42,3,1
d2ddb659-7be4-45e1-940c-c7563a473421,sangat berguna aekali,sangat berguna aekali,5/24/2026 12:07,3,1
eb5bd56b-fbd9-4660-9845-b9c065ae2701,Wondr ok bangets.,wondr ok bangets,7/25/2025 6:21,3,1
a199c9e4-50c4-4ade-a91f-739eb50bd663,"pelayanan nya kurang bagus,security nya juga kurang bagus dan tidak ramah. tolong di tindak lanjuti pelayanan nya untuk cabang BNI merak Banten.",pelayanan nya kurang bagus security nya juga kurang bagus dan tidak ramah tolong di tindak lanjuti pelayanan nya untuk cabang bni merak banten,7/25/2025 15:53,1,0
735b8be7-769c-4dc5-a094-cbb6c8a3c4fa,selalu membantu setiap kebutuhan,selalu membantu setiap kebutuhan,7/7/2025 7:29,3,1
052d6295-d64b-4101-b35b-cbac164a5b4a,baik dan mudah,baik dan mudah,5/25/2026 11:09,3,1
a5cd80f9-bbeb-4eda-a579-36f19b52bf9b,BNI memang hebat GK ribet,bni memang hebat gk ribet,10/26/2025 1:00,3,1
827c5656-05e8-43f0-a3d7-7b20d501e6f1,oke simple,oke simple,2/12/2026 13:22,3,1
90a494fc-c04c-41a2-9965-1b57b00caf51,bagus banget,bagus banget,7/27/2025 20:07,3,1
c67b2fe3-e567-4e7e-a62e-cc35691c90e8,"terlalu sulit verifikasi wajah, HP udah bagus, tempat halaman udah terang + cerah tapi tetap saja gagal,",terlalu sulit verifikasi wajah hp udah bagus tempat halaman udah terang cerah tapi tetap saja gagal,8/17/2025 19:37,1,0
1a58928d-2d1f-4a07-a200-c2e97ba640ee,Sudah bikin akun dan bisa login. Tapi setelah beberapa saat gak bisa login lagi. Notifnya sedang ada peningkatan sistem. Masa siang-siang peningkatan sistem dan tidak ada info? Sangat tidak nyaman,sudah bikin akun dan bisa login tapi setelah beberapa saat gak bisa login lagi notifnya sedang ada peningkatan sistem masa siang siang peningkatan sistem dan tidak ada info sangat tidak nyaman,11/25/2024 13:00,1,0
fb3545f6-15fb-4e8f-8b5b-684199879449,jos,jos,6/28/2025 18:57,3,1
707f4e24-1c8d-4313-8387-858f4889e8e5,membatu sekali dlm bertransaksi,membatu sekali dlm bertransaksi,4/16/2025 14:32,3,1
4f4a8031-2569-4228-b1cd-74d177b29255,ok,ok,9/21/2025 19:21,3,1
5d95a8c2-c040-44c6-9c70-ccff127ed40a,BEST ✨,best,7/21/2025 20:41,3,1
c2cb49e3-f3ae-4925-8b6d-c93fa38ae9cd,Manteb,manteb,3/7/2025 18:54,3,1
a980b9e8-bbf3-4471-b068-d0f4ad3c7b5f,narik cardless susah verifikasi lewat sms ga masuk21,narik cardless susah verifikasi lewat sms ga masuk,6/21/2025 9:33,1,0
20784e7a-df28-4b38-ad74-80ec2b008756,"Fitur kurang lengkap..di banding BNI mobile,masih banyak yg kurang... untuk mencari bukti transaksi nggak ada..dan juga pembukuan histori nya dr Mingguan , bulanan nya jg nggak ada.. menurut saya masih lebih bagus BNI mobile sii..",fitur kurang lengkap di banding bni mobile masih banyak yg kurang untuk mencari bukti transaksi nggak ada dan juga pembukuan histori nya dr mingguan bulanan nya jg nggak ada menurut saya masih lebih bagus bni mobile sii,8/4/2024 4:47,1,0
25626c63-c9c5-4822-acb7-e2453e21f946,buat saya ini simple dan tanfa ribet..mantaap,buat saya ini simple dan tanfa ribet mantaap,3/12/2026 9:06,3,1
e73fd212-0838-4bd7-8315-90758c82b822,Makin senang bertransaksi dengan wonder,makin senang bertransaksi dengan wonder,12/13/2024 11:58,3,1
52ec2184-3672-4ff7-9ed0-531f45e25619,sangat mudah,sangat mudah,2/27/2026 12:27,3,1
44794acf-e088-4b5a-8967-a584c957fdfd,mantap ga ribet,mantap ga ribet,2/9/2026 19:04,3,1
73715c63-d94d-47e9-88f9-54a5ed45a59c,ok,ok,9/10/2024 19:26,3,1
5fe58142-47eb-40c9-a9c5-d30258a895f1,keren,keren,4/2/2026 16:52,3,1
44a210bf-25e3-4fb0-b059-6920237801ee,tingkatkan terus,tingkatkan terus,6/11/2025 17:30,3,1
7636c062-683c-4440-8a24-c31d94a1a216,"keren transaksi lancar, thank BNI",keren transaksi lancar thank bni,7/4/2026 20:52,3,1
39e3943e-3c5e-4c34-9d96-6d32b9a864eb,"cepat, tepat, mudah, bagus.",cepat tepat mudah bagus,7/5/2026 13:44,3,1
96852e5b-c9ce-40a1-9a65-8308949f71b1,ok,ok,7/5/2026 9:43,3,1
d18df09e-a86e-42d4-9bb8-4d46a7b17096,bagus no1,bagus no,7/5/2026 1:05,3,1
c3e6bfef-e00a-4eb6-9de0-319ffda1bd79,ribet mana ga masuk masuk halahhhh,ribet mana ga masuk masuk halahhhh,7/4/2026 19:56,1,0
effad050-3012-474a-b399-28f455b3a98e,sangat rokomen banget aman,sangat rokomen banget aman,7/4/2026 12:50,3,1
6e8f762b-f376-4d03-93de-704e09e40917,Harus lebih baik..,harus lebih baik,7/3/2026 20:06,1,0
8eded4ee-1b94-44e3-92d8-41a18b9874a2,selesaikan telfon dlu Bru TDK nelfon apa.itu,selesaikan telfon dlu bru tdk nelfon apa itu,7/3/2026 18:55,1,0
3a5e8f37-b5aa-4871-b72d-6ad931e54d22,sulit digunakan klo jaringan kurang,sulit digunakan klo jaringan kurang,7/3/2026 8:57,1,0
6c79765b-77b9-4760-9554-8db06c050894,bagus,bagus,7/1/2026 17:32,3,1
9663a8dd-9443-4d98-af04-f3d0833425fd,Alhamdulillah sudah bisa masuk kode OTP nya..terima kasih BNI,alhamdulillah sudah bisa masuk kode otp nya terima kasih bni,6/3/2026 19:46,3,1
5294edbb-7c99-4cb0-9d7f-19029f301634,sangat terbantu,sangat terbantu,4/6/2026 11:22,3,1
aa5c1602-b7b2-46c4-814b-f2534dcc0754,mantap tingkatkan jaringan agar lebih bgs,mantap tingkatkan jaringan agar lebih bgs,3/8/2026 6:57,3,1
72cbadc0-0130-4f1b-8efc-bbab10396692,baik,baik,3/2/2026 10:19,3,1
46a276ce-8bf0-4ea0-8648-c730625b67c7,"cepat,aman,hanya biaya transaksinya",cepat aman hanya biaya transaksinya,1/9/2026 9:17,3,1
85aa9ecd-55b4-402f-b7bd-d80dacf2055a,sangat memuaskan,sangat memuaskan,1/5/2026 17:12,3,1
d18cc480-aee0-4971-a43e-759e4c8ff98e,ga apk nya ga pelayannya minus semua. pernah ngambil 20 katanya sekarang belum ada layananya nyoba ngambil 15 lupa bwa tbungan kata satpam gpp bisa. nunggu 2 jam nyatanya harus ada buku tbungan. hati hati aja org teraniaya miatazab,ga apk nya ga pelayannya minus semua pernah ngambil katanya sekarang belum ada layananya nyoba ngambil lupa bwa tbungan kata satpam gpp bisa nunggu jam nyatanya harus ada buku tbungan hati hati aja org teraniaya miatazab,12/22/2025 16:46,1,0
1bcd304f-137f-4d28-a1e9-4224b55a1c8c,"sangat mudah diakses, tampilan web nya mudah dipahami",sangat mudah diakses tampilan web nya mudah dipahami,12/21/2025 16:49,3,1
5a093f58-42c1-415a-9b80-9ff7a8d07c4e,"sangat membatu sekali,jadi lebih praktis...👍👍",sangat membatu sekali jadi lebih praktis,12/20/2025 14:44,3,1
5431e42d-5a22-4e8d-b19b-0a4629449a31,knp saya trsfer gagal tp saldo kepotong turunin lagi bintangnya saldo blm balik padahal gagal .knapa saldo blm kembali dan buruk sekali pelayanannya WONDR BNI.,knp saya trsfer gagal tp saldo kepotong turunin lagi bintangnya saldo blm balik padahal gagal knapa saldo blm kembali dan buruk sekali pelayanannya wondr bni,12/20/2025 11:26,1,0
52bc5c50-5b70-4eb4-9ee2-063be26fa0a4,Mudah digunakan,mudah digunakan,7/1/2024 14:40,3,1
